,MemberOf,SAMAccountName,Volume,_id
0,TRVGRP-REP-26a12088a8,Accueil_Suivi_Coll_Lec,REPPART,5a0cadf96be3647bbe1a3516
1,TRVGRP-REP-26a12088a8,Accueil_Suivi_Coll_Ecr,REPPART,5a0cadf96be3647bbe1a3519
2,TRVGRP-REP-26a12088a8,Apmf,REPPART,5a0cadf96be3647bbe1a351c
3,TRVGRP-REP-26a12088a8,Archfee,REPPART,5a0cadf96be3647bbe1a351f
4,TRVGRP-REP-26a12088a8,ASDRH,REPPART,5a0cadf96be3647bbe1a3522
5,TRVGRP-REP-26a12088a8,ASDRH_Lec,REPPART,5a0cadf96be3647bbe1a3525
6,TRVGRP-REP-26a12088a8,Ccam,REPPART,5a0cadf96be3647bbe1a3528
7,TRVGRP-REP-26a12088a8,Comite_Suivi_Reformes_Ecr,REPPART,5a0cadf96be3647bbe1a352b
8,TRVGRP-REP-26a12088a8,Comite_Suivi_Reformes_Lec,REPPART,5a0cadf96be3647bbe1a352e
9,TRVGRP-REP-26a12088a8,COMPTA_Lec,REPPART,5a0cadf96be3647bbe1a3531
10,TRVGRP-REP-26a12088a8,COMPTA,REPPART,5a0cadf96be3647bbe1a3534
11,TRVGRP-REP-26a12088a8,NT-Orsyp,REPPART,5a0cadf96be3647bbe1a3537
12,TRVGRP-REP-26a12088a8,Compta_Unpmf_Lec,REPPART,5a0cadf96be3647bbe1a353a
13,TRVGRP-REP-26a12088a8,Compta_Unpmf,REPPART,5a0cadf96be3647bbe1a353d
14,TRVGRP-REP-26a12088a8,Conventions_contrats,REPPART,5a0cadf96be3647bbe1a3540
15,TRVGRP-REP-26a12088a8,USERDA,REPPART,5a0cadf96be3647bbe1a3543
16,TRVGRP-REP-26a12088a8,connect,REPPART,5a0cadf96be3647bbe1a3546
17,TRVGRP-REP-26a12088a8,DSI,REPPART,5a0cadf96be3647bbe1a3549
18,TRVGRP-REP-26a12088a8,DSIS,REPPART,5a0cadf96be3647bbe1a354c
19,TRVGRP-REP-26a12088a8,DSI_ACI_Ecr,REPPART,5a0cadf96be3647bbe1a354f
20,TRVGRP-REP-26a12088a8,DSI_ACI_Lec,REPPART,5a0cadf96be3647bbe1a3552
21,TRVGRP-REP-26a12088a8,DSI_UNPMF_Lec,REPPART,5a0cadf96be3647bbe1a3557
22,TRVGRP-REP-26a12088a8,DSI_UNPMF_Ecr,REPPART,5a0cadf96be3647bbe1a355a
23,TRVGRP-REP-26a12088a8,Far_Util_Lec,REPPART,5a0cadf96be3647bbe1a355d
24,TRVGRP-REP-26a12088a8,Far_Util_Ecr,REPPART,5a0cadf96be3647bbe1a3560
25,TRVGRP-REP-26a12088a8,GestDSI_Ecr,REPPART,5a0cadf96be3647bbe1a3563
26,TRVGRP-REP-26a12088a8,GestDSI_Lec,REPPART,5a0cadf96be3647bbe1a3566
27,TRVGRP-REP-26a12088a8,Acces_GPMF,REPPART,5a0cadf96be3647bbe1a3569
28,TRVGRP-REP-26a12088a8,Acces_GPMF2012_Ecr,REPPART,5a0cadf96be3647bbe1a356c
29,TRVGRP-REP-26a12088a8,Acces_GPMF2012_Lec,REPPART,5a0cadf96be3647bbe1a356f
30,TRVGRP-REP-26a12088a8,Interim-Mutex,REPPART,5a0cadf96be3647bbe1a3572
31,TRVGRP-REP-26a12088a8,Methode,REPPART,5a0cadf96be3647bbe1a3575
32,TRVGRP-REP-26a12088a8,MUTEX-RH,REPPART,5a0cadf96be3647bbe1a3578
33,TRVGRP-REP-26a12088a8,Pandemie_Grip_H1N1_Lec,REPPART,5a0cadf96be3647bbe1a357b
34,TRVGRP-REP-26a12088a8,Pandemie_Grip_H1N1_Ecr,REPPART,5a0cadf96be3647bbe1a357e
35,TRVGRP-REP-26a12088a8,Pilotage_DPMG,REPPART,5a0cadf96be3647bbe1a3581
36,TRVGRP-REP-26a12088a8,Rouvel,REPPART,5a0cadf96be3647bbe1a3584
37,TRVGRP-REP-26a12088a8,Production_dsi,REPPART,5a0cadf96be3647bbe1a3589
38,TRVGRP-REP-26a12088a8,PRODDSI,REPPART,5a0cadf96be3647bbe1a358c
39,TRVGRP-REP-26a12088a8,Lejeune,REPPART,5a0cadf96be3647bbe1a358f
40,TRVGRP-REP-26a12088a8,Projet_Impression_Ecr,REPPART,5a0cadf96be3647bbe1a3592
41,TRVGRP-REP-26a12088a8,Projet_Impression_Lec,REPPART,5a0cadf96be3647bbe1a3595
42,TRVGRP-REP-26a12088a8,Guillemot,REPPART,5a0cadf96be3647bbe1a3598
43,TRVGRP-REP-26a12088a8,Production_te,REPPART,5a0cadf96be3647bbe1a359b
44,TRVGRP-REP-26a12088a8,DSI_Schemdir,REPPART,5a0cadf96be3647bbe1a359e
45,TRVGRP-REP-26a12088a8,pilotage_coordination,REPPART,5a0cadf96be3647bbe1a35a1
46,TRVGRP-REP-26a12088a8,Projets_CSM_Ecr,REPPART,5a0cadf96be3647bbe1a35a4
47,TRVGRP-REP-26a12088a8,Projets_CSM_Lec,REPPART,5a0cadf96be3647bbe1a35a7
48,TRVGRP-REP-26a12088a8,TOIP_Ecr,REPPART,5a0cadf96be3647bbe1a35aa
49,TRVGRP-REP-26a12088a8,TOIP_Lec,REPPART,5a0cadf96be3647bbe1a35ad
50,TRVGRP-REP-26a12088a8,UNPMF-Presidence,REPPART,5a0cadf96be3647bbe1a35b0
51,TRVGRP-REP-26a12088a8,Vitale_lec,REPPART,5a0cadf96be3647bbe1a35b3
52,TRVGRP-REP-26a12088a8,Vitale,REPPART,5a0cadf96be3647bbe1a35b6
53,TRVGRP-REP-26a12088a8,DBA,REPPART,5a0cadf96be3647bbe1a35b9
54,TRVGRP-REP-26a12088a8,NSI_DEPOT_Lec,REPPART,5a0cadf96be3647bbe1a35bc
55,TRVGRP-REP-26a12088a8,Yang,REPPART,5a0cadf96be3647bbe1a35bf
56,TRVGRP-REP-26a12088a8,NSI_DEPOT_Ecr,REPPART,5a0cadf96be3647bbe1a35c2
57,TRVGRP-REP-26a12088a8,QVT_Ecr,REPPART,5a0cadf96be3647bbe1a35c5
58,TRVGRP-REP-26a12088a8,QVT_Lec,REPPART,5a0cadf96be3647bbe1a35c8
59,TRVGRP-REP-26a12088a8,Projet_BDES_Ecr,REPPART,5a0cadf96be3647bbe1a35cb
60,TRVGRP-REP-26a12088a8,Projet_BDES_Lec,REPPART,5a0cadf96be3647bbe1a35ce
61,TRVGRP-REP-26a12088a8,Solvency_2_Lec,REPPART,5a0cadf96be3647bbe1a35d1
62,TRVGRP-REP-26a12088a8,Solvency_2_Ecr,REPPART,5a0cadf96be3647bbe1a35d4
63,TRVGRP-REP-26a12088a8,Pole_Flux_Entrant_Lec,REPPART,5a0cadf96be3647bbe1a35d7
64,TRVGRP-REP-26a12088a8,Pole_Flux_Entrant_Ecr,REPPART,5a0cadf96be3647bbe1a35da
65,TRVGRP-REP-26a12088a8,Deplt_Offres_Conventionnelles_Ecr,REPPART,5a0cadf96be3647bbe1a35dd
66,TRVGRP-REP-26a12088a8,Deplt_Offres_Conventionnelles_Lec,REPPART,5a0cadf96be3647bbe1a35e0
67,TRVGRP-REP-26a12088a8,PGAP_Ecr,REPPART,5a0cadf96be3647bbe1a35e3
68,TRVGRP-REP-26a12088a8,PGAP_Lec,REPPART,5a0cadf96be3647bbe1a35e6
69,TRVGRP-REPREP-5966b688c8,Convention_3Juin2016_Ecr,REPPART,5a0cadf96be3647bbe1a35eb
70,TRVGRP-REPREP-5966b688c8,Convention_3Juin2016_Lec,REPPART,5a0cadf96be3647bbe1a35ee
71,TRVGRP-REP-26a12088a8,Treillard,REPPART,5a0cadf96be3647bbe1a35f1
72,TRVGRP-REP-26a12088a8,Perena,REPPART,5a0cadf96be3647bbe1a35f4
73,TRVGRP-REP-26a12088a8,InfosClients_Lec,REPPART,5a0cadf96be3647bbe1a35f9
74,TRVGRP-REP-26a12088a8,InfosClients_Ecr,REPPART,5a0cadf96be3647bbe1a35fc
75,TRVGRP-REPAcc-2ed7880882,AccSuiColl_ACG_Lec,REPPART,5a0cadf96be3647bbe1a35ff
76,TRVGRP-REPAcc-2ed7880882,AccSuiColl_ACG_Ecr,REPPART,5a0cadf96be3647bbe1a3602
77,TRVGRP-REPAcc-2ed7880882,AccSuiColl_DAP_Ecr,REPPART,5a0cadf96be3647bbe1a3605
78,TRVGRP-REPAcc-2ed7880882,AccSuiColl_DAP_Lec,REPPART,5a0cadf96be3647bbe1a3608
79,TRVGRP-REPAcc-2ed7880882,AccSuiColl_DCI_Lec,REPPART,5a0cadf96be3647bbe1a360b
80,TRVGRP-REPAcc-2ed7880882,AccSuiColl_DCI_Ecr,REPPART,5a0cadf96be3647bbe1a360e
81,TRVGRP-REPAcc-2ed7880882,AccSuiColl_DG_GPMF_Ecr,REPPART,5a0cadf96be3647bbe1a3611
82,TRVGRP-REPAcc-2ed7880882,AccSuiColl_DG_GPMF_Lec,REPPART,5a0cadf96be3647bbe1a3614
83,TRVGRP-REPAcc-2ed7880882,AccSuiColl_DG_Groupe_Ecr,REPPART,5a0cadf96be3647bbe1a3617
84,TRVGRP-REPAcc-2ed7880882,AccSuiColl_DG_Groupe_Lec,REPPART,5a0cadf96be3647bbe1a361a
85,TRVGRP-REPAcc-2ed7880882,AccSuiColl_DGMAS_Lec,REPPART,5a0cadf96be3647bbe1a361d
86,TRVGRP-REPAcc-2ed7880882,AccSuiColl_DGMAS_Ecr,REPPART,5a0cadf96be3647bbe1a3620
87,TRVGRP-REPAcc-2ed7880882,AccSuiColl_DirSante_Ecr,REPPART,5a0cadf96be3647bbe1a3623
88,TRVGRP-REPAcc-2ed7880882,AccSuiColl_DirSante_Lec,REPPART,5a0cadf96be3647bbe1a3626
89,TRVGRP-REPAcc-2ed7880882,AccSuiColl_DOSM_Lec,REPPART,5a0cadf96be3647bbe1a3629
90,TRVGRP-REPAcc-2ed7880882,AccSuiColl_DOSM_Ecr,REPPART,5a0cadf96be3647bbe1a362c
91,TRVGRP-REPAcc-2ed7880882,AccSuiColl_DPSM_Lec,REPPART,5a0cadf96be3647bbe1a362f
92,TRVGRP-REPAcc-2ed7880882,AccSuiColl_DPSM_Ecr,REPPART,5a0cadf96be3647bbe1a3632
93,TRVGRP-REPAcc-2ed7880882,AccSuiColl_DRM_Lec,REPPART,5a0cadf96be3647bbe1a3635
94,TRVGRP-REPAcc-2ed7880882,AccSuiColl_DRM_Ecr,REPPART,5a0cadf96be3647bbe1a3638
95,TRVGRP-REPAcc-2ed7880882,AccSuiColl_DSI_Lec,REPPART,5a0cadf96be3647bbe1a363b
96,TRVGRP-REPAcc-2ed7880882,AccSuiColl_DSI_Ecr,REPPART,5a0cadf96be3647bbe1a363e
97,TRVGRP-REPAcc-2ed7880882,AccSuiColl_UNPMF_Ecr,REPPART,5a0cadf96be3647bbe1a3641
98,TRVGRP-REPAcc-2ed7880882,AccSuiColl_UNPMF_Lec,REPPART,5a0cadf96be3647bbe1a3644
99,TRVGRP-REPCOM-7c7af72f94,Subitte,REPPART,5a0cadf96be3647bbe1a365e
100,TRVGRP-REPCOM-7c7af72f94,Baudry,REPPART,5a0cadf96be3647bbe1a3661
101,TRVGRP-REPCOMUNP-ff644a3e13,Baudry,REPPART,5a0cadf96be3647bbe1a3666
102,TRVGRP-REPCOMUNP-ff644a3e13,Subitte,REPPART,5a0cadf96be3647bbe1a3669
103,TRVGRP-REPDSI-24254bff3f,DSI_UNPMF_SURV_Ecr,REPPART,5a0cadf96be3647bbe1a3670
104,TRVGRP-REPDSI-24254bff3f,DSI_UNPMF_SURV_Lec,REPPART,5a0cadf96be3647bbe1a3673
105,TRVGRP-REPMUT-789b3de052,Formation_Alternance_Lect,REPPART,5a0cadf96be3647bbe1a3685
106,TRVGRP-REPMUT-789b3de052,Formation_Alternance_Ecr,REPPART,5a0cadf96be3647bbe1a3688
107,TRVGRP-REPMUT-789b3de052,Gladieux,REPPART,5a0cadf96be3647bbe1a368b
108,TRVGRP-REPPRO-6bef2dde46,Longevialle,REPPART,5a0cadf96be3647bbe1a3694
109,TRVGRP-REPPRO-6bef2dde46,proddsi-immobilisation-ecr,REPPART,5a0cadf96be3647bbe1a3697
110,TRVGRP-REPPRO-6bef2dde46,PRODDSI_Immobilisation,REPPART,5a0cadf96be3647bbe1a369a
111,TRVGRP-REPPRO-6bef2dde46,proddsi-immobilisation-lec,REPPART,5a0cadf96be3647bbe1a369d
112,TRVGRP-REPPRO-6bef2dde46,proddsi_sid_ecr,REPPART,5a0cadf96be3647bbe1a36a0
113,TRVGRP-REPPRO-6bef2dde46,proddsi-eFront-ecr,REPPART,5a0cadf96be3647bbe1a36a3
114,TRVGRP-REPPRO-6bef2dde46,proddsi-eFront-lec,REPPART,5a0cadf96be3647bbe1a36a6
115,TRVGRP-REPPRO-6bef2dde46,proddsi-QRT,REPPART,5a0cadf96be3647bbe1a36a9
116,TRVGRP-REPPRO-6bef2dde46,proddsi-reass-spec,REPPART,5a0cadf96be3647bbe1a36ac
117,TRVGRP-REPPRO-6bef2dde46,proddsi-TFA,REPPART,5a0cadf96be3647bbe1a36af
118,TRVGRP-REPPRO-6bef2dde46,GED_Lec,REPPART,5a0cadf96be3647bbe1a36b2
119,TRVGRP-REPPRO-6bef2dde46,GED_Ecr,REPPART,5a0cadf96be3647bbe1a36b5
120,TRVGRP-REPPRO-6bef2dde46,proddsi-gestion-parc,REPPART,5a0cadf96be3647bbe1a36d7
121,TRVGRP-REPPROSID-18dc2a4cb8,Pariset,REPPART,5a0cadf96be3647bbe1a36da
122,TRVGRP-REPPROSID-18dc2a4cb8,Proddsi_sid_sante_Lect,REPPART,5a0cadf96be3647bbe1a36dd
123,TRVGRP-REPPROSID-18dc2a4cb8,Proddsi_sid_sante,REPPART,5a0cadf96be3647bbe1a36e0
124,TRVGRP-REPPROSID-18dc2a4cb8,proddsi-sid-melani_Lec,REPPART,5a0cadf96be3647bbe1a36e3
125,TRVGRP-REPPROSID-18dc2a4cb8,proddsi-sid-melani,REPPART,5a0cadf96be3647bbe1a36e6
126,TRVGRP-REPPROSID-18dc2a4cb8,proddsi-sid-decisionnel-lec,REPPART,5a0cadf96be3647bbe1a36e9
127,TRVGRP-REPPROSID-18dc2a4cb8,Pecqueux,REPPART,5a0cadf96be3647bbe1a36ec
128,TRVGRP-REPPROSID-18dc2a4cb8,Proddsi_sid_inventaire,REPPART,5a0cadf96be3647bbe1a36ef
129,TRVGRP-REPPROSID-18dc2a4cb8,Proddsi_Sid_Inventaire_Ecr,REPPART,5a0cadf96be3647bbe1a36f2
130,TRVGRP-REPREP-82e4e4845f,CG_ACG-UNPMF,REPPART,5a0cadf96be3647bbe1a36f5
131,TRVGRP-REPREP-82e4e4845f,CG_Compta_Ecr,REPPART,5a0cadf96be3647bbe1a36f8
132,TRVGRP-REPREP-82e4e4845f,CG_Compta_Lec,REPPART,5a0cadf96be3647bbe1a36fb
133,TRVGRP-REPREP-82e4e4845f,Compta-Tiers,REPPART,5a0cadf96be3647bbe1a36fe
134,TRVGRP-REPREP-82e4e4845f,Compta_DRH_Lec,REPPART,5a0cadf96be3647bbe1a3701
135,TRVGRP-REPREP-82e4e4845f,Compta_DRH_Ecr,REPPART,5a0cadf96be3647bbe1a3704
136,TRVGRP-REPREP-82e4e4845f,CG_DATAXLS,REPPART,5a0cadf96be3647bbe1a3707
137,TRVGRP-REPREP-82e4e4845f,Financier,REPPART,5a0cadf96be3647bbe1a370a
138,TRVGRP-REPREP-82e4e4845f,CG_orainfo_Lec,REPPART,5a0cadf96be3647bbe1a370d
139,TRVGRP-REPREP-82e4e4845f,Production_btp,REPPART,5a0cadf96be3647bbe1a3710
140,TRVGRP-REPREP-82e4e4845f,CG_ret_banque,REPPART,5a0cadf96be3647bbe1a3713
141,TRVGRP-REPREP-38b6d17d72,RH-UNPMF,REPPART,5a0cadf96be3647bbe1a3721
142,TRVGRP-REPREP-38b6d17d72,DA_Base_EAE,REPPART,5a0cadf96be3647bbe1a3724
143,TRVGRP-REPREP-38b6d17d72,DA_CE_Bureau,REPPART,5a0cadf96be3647bbe1a3727
144,TRVGRP-REPREP-38b6d17d72,CE_expertise_comptes,REPPART,5a0cadf96be3647bbe1a372a
145,TRVGRP-REPREP-38b6d17d72,DA_CPTACG,REPPART,5a0cadf96be3647bbe1a372d
146,TRVGRP-REPREP-38b6d17d72,DA_drh,REPPART,5a0cadf96be3647bbe1a3730
147,TRVGRP-REPREP-38b6d17d72,DA_DrhAnnonces,REPPART,5a0cadf96be3647bbe1a3733
148,TRVGRP-REPREP-38b6d17d72,DA_DrhVivier,REPPART,5a0cadf96be3647bbe1a3736
149,TRVGRP-REPREP-38b6d17d72,DA_etannuel_Lec,REPPART,5a0cadf96be3647bbe1a3739
150,TRVGRP-REPREP-38b6d17d72,DA_etannuel_Ecr,REPPART,5a0cadf96be3647bbe1a373c
151,TRVGRP-REPREP-38b6d17d72,DA_FrontToBack,REPPART,5a0cadf96be3647bbe1a373f
152,TRVGRP-REPREP-38b6d17d72,GPMF2012_Ecr,REPPART,5a0cadf96be3647bbe1a3742
153,TRVGRP-REPREP-38b6d17d72,Lettre-d-info_Ecr,REPPART,5a0cadf96be3647bbe1a3745
154,TRVGRP-REPREP-38b6d17d72,Mutuelle_memf_Ecr,REPPART,5a0cadf96be3647bbe1a3748
155,TRVGRP-REPREP-38b6d17d72,Partage_EP-JS,REPPART,5a0cadf96be3647bbe1a374b
156,TRVGRP-REPREP-38b6d17d72,Process_Paie_Lec,REPPART,5a0cadf96be3647bbe1a374e
157,TRVGRP-REPREP-38b6d17d72,Process_Paie_Ecr,REPPART,5a0cadf96be3647bbe1a3751
158,TRVGRP-REPREP-38b6d17d72,Reorg-DGMAS-DOSM_Ecr,REPPART,5a0cadf96be3647bbe1a3754
159,TRVGRP-REPREP-38b6d17d72,Rec_MetaAnnaire_Ecr,REPPART,5a0cadf96be3647bbe1a3757
160,TRVGRP-REPREP-38b6d17d72,Rec_MetaAnnaire_lec,REPPART,5a0cadf96be3647bbe1a375a
161,TRVGRP-REPREP-38b6d17d72,Dates_CE_Ecr,REPPART,5a0cadf96be3647bbe1a375d
162,TRVGRP-REPREP-38b6d17d72,Dates_CE_Lec,REPPART,5a0cadf96be3647bbe1a3760
163,TRVGRP-REPREP-38b6d17d72,DA_SIGAGIP,REPPART,5a0cadf96be3647bbe1a3763
164,TRVGRP-REPREP-38b6d17d72,DA_SUPPORT_ORA,REPPART,5a0cadf96be3647bbe1a3766
165,TRVGRP-REPREP-38b6d17d72,TELETRAVAIL_Lec,REPPART,5a0cadf96be3647bbe1a3769
166,TRVGRP-REPREP-38b6d17d72,TELETRAVAIL_Ecr,REPPART,5a0cadf96be3647bbe1a376c
167,TRVGRP-REPREP-38b6d17d72,Foederis_Ecr,REPPART,5a0cadf96be3647bbe1a376f
168,TRVGRP-REPREP-38b6d17d72,Foederis_Lec,REPPART,5a0cadf96be3647bbe1a3772
169,TRVGRP-REPREP-38b6d17d72,SAAS_PAIE_Lec,REPPART,5a0cadf96be3647bbe1a3775
170,TRVGRP-REPREP-38b6d17d72,SAAS_PAIE_Ecr,REPPART,5a0cadf96be3647bbe1a3778
171,TRVGRP-REPREPSIG-61fda7a12f,Meta,REPPART,5a0cadf96be3647bbe1a378d
172,TRVGRP-REPREP-5966b688c8,02-Qualite,REPPART,5a0cadf96be3647bbe1a3793
173,TRVGRP-REPREP-5966b688c8,02-Qualite_Lec,REPPART,5a0cadf96be3647bbe1a3796
174,TRVGRP-REPREP-5966b688c8,Formation_animateur,REPPART,5a0cadf96be3647bbe1a3799
175,TRVGRP-REPREP-5966b688c8,ACAM_ctrl_lecture,REPPART,5a0cadf96be3647bbe1a379c
176,TRVGRP-REPREP-5966b688c8,ACAM_ctrl_ecriture,REPPART,5a0cadf96be3647bbe1a379f
177,TRVGRP-REPREP-5966b688c8,ACAM_SS_Lec,REPPART,5a0cadf96be3647bbe1a37a2
178,TRVGRP-REPREP-5966b688c8,ACAM_SS_Ecr,REPPART,5a0cadf96be3647bbe1a37a5
179,TRVGRP-REPREP-5966b688c8,Accomp_Nsi_Epargne_Ecr,REPPART,5a0cadf96be3647bbe1a37a8
180,TRVGRP-REPREP-5966b688c8,Accomp_Nsi_Epargne_Lec,REPPART,5a0cadf96be3647bbe1a37ab
181,TRVGRP-REPREP-5966b688c8,ACP_2011_Ecr,REPPART,5a0cadf96be3647bbe1a37ae
182,TRVGRP-REPREP-5966b688c8,ACP_SI_2013_Lec,REPPART,5a0cadf96be3647bbe1a37b1
183,TRVGRP-REPREP-5966b688c8,ACP_SI_2013_Ecr,REPPART,5a0cadf96be3647bbe1a37b4
184,TRVGRP-REPREP-5966b688c8,Action-D,REPPART,5a0cadf96be3647bbe1a37b7
185,TRVGRP-REPREP-5966b688c8,Action-D_Lec,REPPART,5a0cadf96be3647bbe1a37ba
186,TRVGRP-REPREP-5966b688c8,Activite_Ecr,REPPART,5a0cadf96be3647bbe1a37bd
187,TRVGRP-REPREP-5966b688c8,Activite_Lec,REPPART,5a0cadf96be3647bbe1a37c0
188,TRVGRP-REPREP-5966b688c8,AE_Production,REPPART,5a0cadf96be3647bbe1a37c3
189,TRVGRP-REPREP-5966b688c8,AE_Production_Lec,REPPART,5a0cadf96be3647bbe1a37c6
190,TRVGRP-REPREP-5966b688c8,AG2R-MEDERIC ,REPPART,5a0cadf96be3647bbe1a37c9
191,TRVGRP-REPREP-5966b688c8,AG2R-MEDERIC_Lec,REPPART,5a0cadf96be3647bbe1a37cc
192,TRVGRP-REPREP-5966b688c8,ANPE_Lec,REPPART,5a0cadf96be3647bbe1a37cf
193,TRVGRP-REPREP-5966b688c8,ANPE_Ecr,REPPART,5a0cadf96be3647bbe1a37d2
194,TRVGRP-REPREP-5966b688c8,Archives,REPPART,5a0cadf96be3647bbe1a37d5
195,TRVGRP-REPREP-5966b688c8,Audit_Ecr,REPPART,5a0cadf96be3647bbe1a37d8
196,TRVGRP-REPREP-5966b688c8,Audit_Lec,REPPART,5a0cadf96be3647bbe1a37db
197,TRVGRP-REPREP-5966b688c8,Audit_Qualite_Lec,REPPART,5a0cadf96be3647bbe1a37de
198,TRVGRP-REPREP-5966b688c8,Audit_Qualite,REPPART,5a0cadf96be3647bbe1a37e1
199,TRVGRP-REPREP-5966b688c8,AUTO_REQ_Ecr,REPPART,5a0cadf96be3647bbe1a37e4
200,TRVGRP-REPREP-5966b688c8,AUTO_REQ_Lec,REPPART,5a0cadf96be3647bbe1a37e7
201,TRVGRP-REPREP-5966b688c8,Avenant_CG_Art83_Ecr,REPPART,5a0cadf96be3647bbe1a37ea
202,TRVGRP-REPREP-5966b688c8,Avenant_CG_Art83_Lec,REPPART,5a0cadf96be3647bbe1a37ed
203,TRVGRP-REPREP-5966b688c8,Banques_Lec,REPPART,5a0cadf96be3647bbe1a37f0
204,TRVGRP-REPREP-5966b688c8,Banques_Ecr,REPPART,5a0cadf96be3647bbe1a37f3
205,TRVGRP-REPREP-5966b688c8,Bilan_Lec,REPPART,5a0cadf96be3647bbe1a37f6
206,TRVGRP-REPREP-5966b688c8,Bilan,REPPART,5a0cadf96be3647bbe1a37f9
207,TRVGRP-REPREP-5966b688c8,CAC_lec,REPPART,5a0cadf96be3647bbe1a37fc
208,TRVGRP-REPREP-5966b688c8,CAC_ecr,REPPART,5a0cadf96be3647bbe1a37ff
209,TRVGRP-REPREP-5966b688c8,Carel_Lec,REPPART,5a0cadf96be3647bbe1a3802
210,TRVGRP-REPREP-5966b688c8,Carel_Ecr,REPPART,5a0cadf96be3647bbe1a3805
211,TRVGRP-REPREP-5966b688c8,CE_MUTEX_Lec,REPPART,5a0cadf96be3647bbe1a3808
212,TRVGRP-REPREP-5966b688c8,CE_MUTEX_Ecr,REPPART,5a0cadf96be3647bbe1a380b
213,TRVGRP-REPREP-5966b688c8,Cession_reass,REPPART,5a0cadf96be3647bbe1a380e
214,TRVGRP-REPREP-5966b688c8,Cession_reass_Lec,REPPART,5a0cadf96be3647bbe1a3811
215,TRVGRP-REPREP-5966b688c8,Charte_Graph_Inst_MAJ,REPPART,5a0cadf96be3647bbe1a3814
216,TRVGRP-REPREP-5966b688c8,UNPMF_Personnel,REPPART,5a0cadf96be3647bbe1a3817
217,TRVGRP-REPREP-5966b688c8,Mutex_Personnel,REPPART,5a0cadf96be3647bbe1a381a
218,TRVGRP-REPREP-5966b688c8,Chatillon_2013_Lec,REPPART,5a0cadf96be3647bbe1a381d
219,TRVGRP-REPREP-5966b688c8,Chatillon_2013_Ecr,REPPART,5a0cadf96be3647bbe1a3820
220,TRVGRP-REPREP-5966b688c8,club_utilisateur_donnees,REPPART,5a0cadf96be3647bbe1a3823
221,TRVGRP-REPREP-5966b688c8,CLUBUD_Lec,REPPART,5a0cadf96be3647bbe1a3826
222,TRVGRP-REPREP-5966b688c8,Codir_Mutex_Lec,REPPART,5a0cadf96be3647bbe1a3829
223,TRVGRP-REPREP-5966b688c8,Codir_Mutex_Ecr,REPPART,5a0cadf96be3647bbe1a382c
224,TRVGRP-REPREP-5966b688c8,Collectivites_Territoriales,REPPART,5a0cadf96be3647bbe1a382f
225,TRVGRP-REPREP-5966b688c8,Com_Dir_Tech_Lec,REPPART,5a0cadf96be3647bbe1a3832
226,TRVGRP-REPREP-5966b688c8,Com_Dir_Tech_Ecr,REPPART,5a0cadf96be3647bbe1a3835
227,TRVGRP-REPREP-5966b688c8,COMPTA_CPTE_COAS,REPPART,5a0cadf96be3647bbe1a3838
228,TRVGRP-REPREP-5966b688c8,Compta_FISCALITE_Ecr,REPPART,5a0cadf96be3647bbe1a383b
229,TRVGRP-REPREP-5966b688c8,Compta_FISCALITE_Lec,REPPART,5a0cadf96be3647bbe1a383e
230,TRVGRP-REPREP-5966b688c8,COMPTA_GESTION_Ecr,REPPART,5a0cadf96be3647bbe1a3841
231,TRVGRP-REPREP-5966b688c8,COMPTA_GESTION_Lec,REPPART,5a0cadf96be3647bbe1a3844
232,TRVGRP-REPREP-5966b688c8,Conformite_Ecr,REPPART,5a0cadf96be3647bbe1a3847
233,TRVGRP-REPREP-5966b688c8,Conformite_Lec,REPPART,5a0cadf96be3647bbe1a384a
234,TRVGRP-REPREP-5966b688c8,Contrat_EFS ,REPPART,5a0cadf96be3647bbe1a384d
235,TRVGRP-REPREP-5966b688c8,Contrat_UCANSS,REPPART,5a0cadf96be3647bbe1a3850
236,TRVGRP-REPREP-5966b688c8,CONVENTION_Ecr,REPPART,5a0cadf96be3647bbe1a3853
237,TRVGRP-REPREP-5966b688c8,CONVENTION_Lec,REPPART,5a0cadf96be3647bbe1a3856
238,TRVGRP-REPREP-5966b688c8,Coppelia_Ecr,REPPART,5a0cadf96be3647bbe1a3859
239,TRVGRP-REPREP-5966b688c8,Coppelia_Lec,REPPART,5a0cadf96be3647bbe1a385c
240,TRVGRP-REPREP-5966b688c8,CQP_Ecr,REPPART,5a0cadf96be3647bbe1a385f
241,TRVGRP-REPREP-5966b688c8,CQP_Lec,REPPART,5a0cadf96be3647bbe1a3862
242,TRVGRP-REPREP-5966b688c8,Creance_Compta_Distrib_Ecr,REPPART,5a0cadf96be3647bbe1a3865
243,TRVGRP-REPREP-5966b688c8,Creance_Compta_Distrib_Lec,REPPART,5a0cadf96be3647bbe1a3868
244,TRVGRP-REPREP-5966b688c8,Criteres_Exo_Soc_Lec,REPPART,5a0cadf96be3647bbe1a386b
245,TRVGRP-REPREP-5966b688c8,Criteres_Exo_Soc_Ecr,REPPART,5a0cadf96be3647bbe1a386e
246,TRVGRP-REPREP-5966b688c8,CtlMed_Adhesion,REPPART,5a0cadf96be3647bbe1a3871
247,TRVGRP-REPREP-5966b688c8,CtlMed_ChefDeService,REPPART,5a0cadf96be3647bbe1a3874
248,TRVGRP-REPREP-5966b688c8,CtlMed_Guide,REPPART,5a0cadf96be3647bbe1a3877
249,TRVGRP-REPREP-5966b688c8,CtlMed_delegation_Ecr,REPPART,5a0cadf96be3647bbe1a387a
250,TRVGRP-REPREP-5966b688c8,CtlMed_Encad,REPPART,5a0cadf96be3647bbe1a387d
251,TRVGRP-REPREP-5966b688c8,CtlMed_Fichiers_partages,REPPART,5a0cadf96be3647bbe1a3880
252,TRVGRP-REPREP-5966b688c8,CtlMed_Honoraires,REPPART,5a0cadf96be3647bbe1a3883
253,TRVGRP-REPREP-5966b688c8,CtlMed_Med,REPPART,5a0cadf96be3647bbe1a3886
254,TRVGRP-REPREP-5966b688c8,CtlMed_Prestations,REPPART,5a0cadf96be3647bbe1a3889
255,TRVGRP-REPREP-5966b688c8,CtlMed_Proc_Instru,REPPART,5a0cadf96be3647bbe1a388c
256,TRVGRP-REPREP-5966b688c8,Ctrl_Perm_Prod_Ecr,REPPART,5a0cadf96be3647bbe1a388f
257,TRVGRP-REPREP-5966b688c8,Ctrl_perm_prod_Lec,REPPART,5a0cadf96be3647bbe1a3892
258,TRVGRP-REPREP-5966b688c8,DACSM-DT-ETIC_Ecr,REPPART,5a0cadf96be3647bbe1a3895
259,TRVGRP-REPREP-5966b688c8,DACSM_Prod_Lec,REPPART,5a0cadf96be3647bbe1a3898
260,TRVGRP-REPREP-5966b688c8,DACSM_Prod_Ecr,REPPART,5a0cadf96be3647bbe1a389b
261,TRVGRP-REPREP-5966b688c8,DACSM_CHORUM_Ecr,REPPART,5a0cadf96be3647bbe1a389e
262,TRVGRP-REPREP-5966b688c8,DACSM_CHORUM_Lec,REPPART,5a0cadf96be3647bbe1a38a1
263,TRVGRP-REPREP-5966b688c8,DACSM_ORGA_ecr,REPPART,5a0cadf96be3647bbe1a38a4
264,TRVGRP-REPREP-5966b688c8,DACSM_Suivi_Acti_Ecr,REPPART,5a0cadf96be3647bbe1a38a7
265,TRVGRP-REPREP-5966b688c8,DACSM_Suivi_Acti_Lec,REPPART,5a0cadf96be3647bbe1a38aa
266,TRVGRP-REPREP-5966b688c8,DAOSI_Managemnt_Ecr,REPPART,5a0cadf96be3647bbe1a38ad
267,TRVGRP-REPREP-5966b688c8,DAOSI_Managemnt_Lec,REPPART,5a0cadf96be3647bbe1a38b0
268,TRVGRP-REPREP-5966b688c8,DECLARATIONS_ET_SOUPCONS_TRACFIN_Ecr,REPPART,5a0cadf96be3647bbe1a38b3
269,TRVGRP-REPREP-5966b688c8,Dependance_BJO_Ecr,REPPART,5a0cadf96be3647bbe1a38b6
270,TRVGRP-REPREP-5966b688c8,Dependance_BJO_Lec,REPPART,5a0cadf96be3647bbe1a38b9
271,TRVGRP-REPREP-5966b688c8,Devoir_de_conseil_ECR ,REPPART,5a0cadf96be3647bbe1a38bc
272,TRVGRP-REPREP-5966b688c8,Devoir_de_conseil_LEC,REPPART,5a0cadf96be3647bbe1a38bf
273,TRVGRP-REPREP-5966b688c8,Directoire_Mutex,REPPART,5a0cadf96be3647bbe1a38c2
274,TRVGRP-REPREP-5966b688c8,Dir-dev_users_lecteur,REPPART,5a0cadf96be3647bbe1a38c5
275,TRVGRP-REPREP-5966b688c8,Dir-Developpement,REPPART,5a0cadf96be3647bbe1a38c8
276,TRVGRP-REPREP-5966b688c8,DIRFIN_Ecr,REPPART,5a0cadf96be3647bbe1a38cb
277,TRVGRP-REPREP-5966b688c8,DIRFIN_Lec,REPPART,5a0cadf96be3647bbe1a38ce
278,TRVGRP-REPREP-5966b688c8,DJFD,REPPART,5a0cadf96be3647bbe1a38d3
279,TRVGRP-REPREP-5966b688c8,Popot,REPPART,5a0cadf96be3647bbe1a38d6
280,TRVGRP-REPREP-5966b688c8,Docu_Prevoyance_Lec,REPPART,5a0cadf96be3647bbe1a38d9
281,TRVGRP-REPREP-5966b688c8,Docu_Prevoyance_Ecr,REPPART,5a0cadf96be3647bbe1a38dc
282,TRVGRP-REPREP-5966b688c8,Docu_DT_Ecr,REPPART,5a0cadf96be3647bbe1a38df
283,TRVGRP-REPREP-5966b688c8,Docu_DT_Lec,REPPART,5a0cadf96be3647bbe1a38e2
284,TRVGRP-REPREP-5966b688c8,Donnees-DT-DF_Ecr,REPPART,5a0cadf96be3647bbe1a38e5
285,TRVGRP-REPREP-5966b688c8,Donnees-DT-DF_Lec,REPPART,5a0cadf96be3647bbe1a38e8
286,TRVGRP-REPREP-5966b688c8,Dossier_Agrement_Lec,REPPART,5a0cadf96be3647bbe1a38eb
287,TRVGRP-REPREP-5966b688c8,Dossier_Agrement_Ecr,REPPART,5a0cadf96be3647bbe1a38ee
288,TRVGRP-REPREP-5966b688c8,Dossier_Transfert_UNPMF_Ecr,REPPART,5a0cadf96be3647bbe1a38f1
289,TRVGRP-REPREP-5966b688c8,Dossier_Transfert_UNPMF_Lec,REPPART,5a0cadf96be3647bbe1a38f4
290,TRVGRP-REPREP-5966b688c8,DRR_Lec,REPPART,5a0cadf96be3647bbe1a38f7
291,TRVGRP-REPREP-5966b688c8,gest,REPPART,5a0cadf96be3647bbe1a38fa
292,TRVGRP-REPREP-5966b688c8,DRR,REPPART,5a0cadf96be3647bbe1a38fd
293,TRVGRP-REPREP-5966b688c8,DSGACI_Ecr,REPPART,5a0cadf96be3647bbe1a3900
294,TRVGRP-REPREP-5966b688c8,DSGACI_Lec,REPPART,5a0cadf96be3647bbe1a3903
295,TRVGRP-REPREP-5966b688c8,DSI_CG_Ecr,REPPART,5a0cadf96be3647bbe1a3906
296,TRVGRP-REPREP-5966b688c8,Salmonm,REPPART,5a0cadf96be3647bbe1a3909
297,TRVGRP-REPREP-5966b688c8,DSOI,REPPART,5a0cadf96be3647bbe1a390c
298,TRVGRP-REPREP-5966b688c8,DSOI_Lecture,REPPART,5a0cadf96be3647bbe1a390f
299,TRVGRP-REPREP-5966b688c8,NT-Orsyp,REPPART,5a0cadf96be3647bbe1a3912
300,TRVGRP-REPREP-5966b688c8,Editique_Ecr,REPPART,5a0cadf96be3647bbe1a3915
301,TRVGRP-REPREP-5966b688c8,Editique_Lec,REPPART,5a0cadf96be3647bbe1a3918
302,TRVGRP-REPREP-5966b688c8,Emission_TSR_09_Ecr,REPPART,5a0cadf96be3647bbe1a391b
303,TRVGRP-REPREP-5966b688c8,Emission_TSR_09_Lec,REPPART,5a0cadf96be3647bbe1a391e
304,TRVGRP-REPREP-5966b688c8,Etude-Coordination,REPPART,5a0cadf96be3647bbe1a3921
305,TRVGRP-REPREP-5966b688c8,EVAL_FOURNI_Ecr,REPPART,5a0cadf96be3647bbe1a3924
306,TRVGRP-REPREP-5966b688c8,Evo_Legi_Ecr,REPPART,5a0cadf96be3647bbe1a3927
307,TRVGRP-REPREP-5966b688c8,Evo_Legi_Lec,REPPART,5a0cadf96be3647bbe1a392a
308,TRVGRP-REPREP-5966b688c8,Formation_Gestion_Ecr,REPPART,5a0cadf96be3647bbe1a392d
309,TRVGRP-REPREP-5966b688c8,Formation_Gestion_Lec,REPPART,5a0cadf96be3647bbe1a3930
310,TRVGRP-REPREP-5966b688c8,Frais_FIM_Ecr,REPPART,5a0cadf96be3647bbe1a3933
311,TRVGRP-REPREP-5966b688c8,Frais_FIM_Lec,REPPART,5a0cadf96be3647bbe1a3936
312,TRVGRP-REPREP-5966b688c8,Gap,REPPART,5a0cadf96be3647bbe1a3939
313,TRVGRP-REPREP-5966b688c8,Gap_Lec,REPPART,5a0cadf96be3647bbe1a393c
314,TRVGRP-REPREP-5966b688c8,GCPE_Ecr,REPPART,5a0cadf96be3647bbe1a393f
315,TRVGRP-REPREP-5966b688c8,GCPE_Lec,REPPART,5a0cadf96be3647bbe1a3942
316,TRVGRP-REPREP-5966b688c8,GCCS_Audit_Ecr,REPPART,5a0cadf96be3647bbe1a3945
317,TRVGRP-REPREP-5966b688c8,GCCS_Audit_Lec,REPPART,5a0cadf96be3647bbe1a3948
318,TRVGRP-REPREP-5966b688c8,GCCS_SPGB_DEV_Ecr,REPPART,5a0cadf96be3647bbe1a394d
319,TRVGRP-REPREP-5966b688c8,GCCS_SPGB_DEV_Lec,REPPART,5a0cadf96be3647bbe1a3950
320,TRVGRP-REPREP-5966b688c8,gest_lec,REPPART,5a0cadf96be3647bbe1a3953
321,TRVGRP-REPREP-5966b688c8,Gest_Coordination_Ecr,REPPART,5a0cadf96be3647bbe1a3958
322,TRVGRP-REPREP-5966b688c8,Gest_Coordination_Lec,REPPART,5a0cadf96be3647bbe1a395d
323,TRVGRP-REPREP-5966b688c8,Projet_Maitrise_Risques_Lec,REPPART,5a0cadf96be3647bbe1a3960
324,TRVGRP-REPREP-5966b688c8,Projet_Maitrise_Risques_Ecr,REPPART,5a0cadf96be3647bbe1a3963
325,TRVGRP-REPREP-5966b688c8,GESTION_ACOSS,REPPART,5a0cadf96be3647bbe1a3966
326,TRVGRP-REPREP-5966b688c8,Gestion_Assist_Ecr,REPPART,5a0cadf96be3647bbe1a3969
327,TRVGRP-REPREP-5966b688c8,InterfaceCM_Lec,REPPART,5a0cadf96be3647bbe1a396c
328,TRVGRP-REPREP-5966b688c8,InterfaceCM_Ecr,REPPART,5a0cadf96be3647bbe1a396f
329,TRVGRP-REPREP-5966b688c8,GEST_CMed_Audit_Ecr,REPPART,5a0cadf96be3647bbe1a3972
330,TRVGRP-REPREP-5966b688c8,GEST_CMed_Audit_Lec,REPPART,5a0cadf96be3647bbe1a3975
331,TRVGRP-REPREP-5966b688c8,GESTION_CtlMed_PoleE_Ecr,REPPART,5a0cadf96be3647bbe1a3978
332,TRVGRP-REPREP-5966b688c8,GESTION_CtlMed_PoleE_Lec,REPPART,5a0cadf96be3647bbe1a397b
333,TRVGRP-REPREP-5966b688c8,GEST_CMed_Prd_Ecr,REPPART,5a0cadf96be3647bbe1a397e
334,TRVGRP-REPREP-5966b688c8,GEST_CMed_Prd_Lec,REPPART,5a0cadf96be3647bbe1a3981
335,TRVGRP-REPREP-5966b688c8,GESTION_DIR,REPPART,5a0cadf96be3647bbe1a3984
336,TRVGRP-REPREP-5966b688c8,GESTION_DIR_Lec,REPPART,5a0cadf96be3647bbe1a3987
337,TRVGRP-REPREP-5966b688c8,Gestion_Grands_Comptes_Ecr,REPPART,5a0cadf96be3647bbe1a398a
338,TRVGRP-REPREP-5966b688c8,Gestion_Pres_PE_Lec,REPPART,5a0cadf96be3647bbe1a398d
339,TRVGRP-REPREP-5966b688c8,Gestion_Pres_PE_Ecr,REPPART,5a0cadf96be3647bbe1a3990
340,TRVGRP-REPREP-5966b688c8,Gst_Sante_Cchn,REPPART,5a0cadf96be3647bbe1a3993
341,TRVGRP-REPREP-5966b688c8,Gst_Sante_Frais_med_Ecr,REPPART,5a0cadf96be3647bbe1a3996
342,TRVGRP-REPREP-5966b688c8,Gst_Sante_Frais_med_Lec,REPPART,5a0cadf96be3647bbe1a3999
343,TRVGRP-REPREP-5966b688c8,Gst_Sante_Gestcol2_Lec,REPPART,5a0cadf96be3647bbe1a399c
344,TRVGRP-REPREP-5966b688c8,Gst_Sante_Gestcol2_Ecr,REPPART,5a0cadf96be3647bbe1a399f
345,TRVGRP-REPREP-5966b688c8,Gst_Sante_OFFGLOB,REPPART,5a0cadf96be3647bbe1a39a2
346,TRVGRP-REPREP-5966b688c8,Gst_Sante_Service_Contrats,REPPART,5a0cadf96be3647bbe1a39a5
347,TRVGRP-REPREP-5966b688c8,GRP_Com_ICM_Lec,REPPART,5a0cadf96be3647bbe1a39a8
348,TRVGRP-REPREP-5966b688c8,GRP_Com_ICM_Ecr,REPPART,5a0cadf96be3647bbe1a39ab
349,TRVGRP-REPREP-5966b688c8,IFU_Lec,REPPART,5a0cadf96be3647bbe1a39ae
350,TRVGRP-REPREP-5966b688c8,IFU_Ecr,REPPART,5a0cadf96be3647bbe1a39b1
351,TRVGRP-REPREP-5966b688c8,Internet_ccn_gc_Lec,REPPART,5a0cadf96be3647bbe1a39b4
352,TRVGRP-REPREP-5966b688c8,Internet_ccn_gc_Ecr,REPPART,5a0cadf96be3647bbe1a39b7
353,TRVGRP-REPREP-5966b688c8,Internet_ccn_gc_Sup,REPPART,5a0cadf96be3647bbe1a39ba
354,TRVGRP-REPREP-5966b688c8,Inter_TESSI,REPPART,5a0cadf96be3647bbe1a39bd
355,TRVGRP-REPREP-5966b688c8,Gestion_FI_Lec,REPPART,5a0cadf96be3647bbe1a39c0
356,TRVGRP-REPREP-5966b688c8,Gestion_FI_Ecr,REPPART,5a0cadf96be3647bbe1a39c3
357,TRVGRP-REPREP-5966b688c8,Kalivia_Ecr,REPPART,5a0cadf96be3647bbe1a39c6
358,TRVGRP-REPREP-5966b688c8,Kalivia_Lec,REPPART,5a0cadf96be3647bbe1a39c9
359,TRVGRP-REPREP-5966b688c8,Liens_institutio_Lec,REPPART,5a0cadf96be3647bbe1a39cc
360,TRVGRP-REPREP-5966b688c8,Liens_institutio_Ecr,REPPART,5a0cadf96be3647bbe1a39cf
361,TRVGRP-REPREP-5966b688c8,connect,REPPART,5a0cadf96be3647bbe1a39d2
362,TRVGRP-REPREP-5966b688c8,LSystems_Lec,REPPART,5a0cadf96be3647bbe1a39d5
363,TRVGRP-REPREP-5966b688c8,LSystems,REPPART,5a0cadf96be3647bbe1a39d8
364,TRVGRP-REPREP-5966b688c8,LSystems_Courriers_Lec,REPPART,5a0cadf96be3647bbe1a39dd
365,TRVGRP-REPREP-5966b688c8,LSystems_Courriers,REPPART,5a0cadf96be3647bbe1a39e0
366,TRVGRP-REPREP-5966b688c8,LSystems_Interfaces_Lec,REPPART,5a0cadf96be3647bbe1a39e7
367,TRVGRP-REPREP-5966b688c8,LSystems_Interfaces_Ecr,REPPART,5a0cadf96be3647bbe1a39ea
368,TRVGRP-REPREP-5966b688c8,LSystems_Technique,REPPART,5a0cadf96be3647bbe1a39ed
369,TRVGRP-REPREP-5966b688c8,Maestro2008_Ecr,REPPART,5a0cadf96be3647bbe1a39f0
370,TRVGRP-REPREP-5966b688c8,Maestro2008_Lec,REPPART,5a0cadf96be3647bbe1a39f3
371,TRVGRP-REPREP-5966b688c8,Malabar_Ecr,REPPART,5a0cadf96be3647bbe1a39f6
372,TRVGRP-REPREP-5966b688c8,Malabar_Lec,REPPART,5a0cadf96be3647bbe1a39f9
373,TRVGRP-REPREP-5966b688c8,Migration_ROBECO_Lec,REPPART,5a0cadf96be3647bbe1a39fc
374,TRVGRP-REPREP-5966b688c8,Migration_ROBECO_Ecr,REPPART,5a0cadf96be3647bbe1a39ff
375,TRVGRP-REPREP-5966b688c8,MOA_DSI_PARTAGE_Ecr,REPPART,5a0cadf96be3647bbe1a3a02
376,TRVGRP-REPREP-5966b688c8,MOA_DSI_PARTAGE_Lec,REPPART,5a0cadf96be3647bbe1a3a05
377,TRVGRP-REPREPDir-cf0dfe0ce2,Dir-dev_users_direction_ecriture,REPPART,5a0cadf96be3647bbe1a3a0c
378,TRVGRP-REPREPDir-cf0dfe0ce2,Dir-dev_users_ccn_ecriture,REPPART,5a0cadf96be3647bbe1a3a0f
379,TRVGRP-REPREPDir-cf0dfe0ce2,Dir-dev_users_ccn_lecture,REPPART,5a0cadf96be3647bbe1a3a12
380,TRVGRP-REPREPDir-cf0dfe0ce2,Tunorfe,REPPART,5a0cadf96be3647bbe1a3a15
381,TRVGRP-REPREPDir-cf0dfe0ce2,Coordi_Partenariats_Ecr,REPPART,5a0cadf96be3647bbe1a3a18
382,TRVGRP-REPREPDir-cf0dfe0ce2,Coordi_Partenariats_Lec,REPPART,5a0cadf96be3647bbe1a3a1b
383,TRVGRP-REPREPDir-cf0dfe0ce2,Dir-dev_com_direct_ecr,REPPART,5a0cadf96be3647bbe1a3a1e
384,TRVGRP-REPREPDir-cf0dfe0ce2,Dir-dev_users_CQP,REPPART,5a0cadf96be3647bbe1a3a21
385,TRVGRP-REPREPDir-cf0dfe0ce2,Compte_Cle_Ecr,REPPART,5a0cadf96be3647bbe1a3a24
386,TRVGRP-REPREPDir-cf0dfe0ce2,CCN_post_designation_lec,REPPART,5a0cadf96be3647bbe1a3a27
387,TRVGRP-REPREPDir-cf0dfe0ce2,CCN_post_designation_ecr,REPPART,5a0cadf96be3647bbe1a3a2a
388,TRVGRP-REPREPDir2 C-358742aa0b,Techerbozio,REPPART,5a0cadf96be3647bbe1a3a2d
389,TRVGRP-REPREPDir3 M-e0d0780376,Dir-dev_users_marketing_ecriture,REPPART,5a0cadf96be3647bbe1a3a31
390,TRVGRP-REPREPDir3 M-e0d0780376,Dir-dev_users_relation_ecriture,REPPART,5a0cadf96be3647bbe1a3a34
391,TRVGRP-REPREP-5966b688c8,Cad_Derog_Ecr,REPPART,5a0cadf96be3647bbe1a3a38
392,TRVGRP-REPREP-5966b688c8,Cad_Derog_Lect,REPPART,5a0cadf96be3647bbe1a3a3b
393,TRVGRP-REPREPGES-34b5e0e440,Poulier,REPPART,5a0cadf96be3647bbe1a3a4b
394,TRVGRP-REPREPGES-34b5e0e440,Pedronetto,REPPART,5a0cadf96be3647bbe1a3a4e
395,TRVGRP-REPREP-5966b688c8,Mon_union,REPPART,5a0cadf96be3647bbe1a3a62
396,TRVGRP-REPREP-5966b688c8,mouv_pers_mutex_lec,REPPART,5a0cadf96be3647bbe1a3a65
397,TRVGRP-REPREP-5966b688c8,mouv_pers_mutex_ecr,REPPART,5a0cadf96be3647bbe1a3a68
398,TRVGRP-REPREP-5966b688c8,MUDEL_Ecr,REPPART,5a0cadf96be3647bbe1a3a6b
399,TRVGRP-REPREP-5966b688c8,MUDEL_Lec,REPPART,5a0cadf96be3647bbe1a3a6e
400,TRVGRP-REPREP-5966b688c8,Mutex_Proj_Dis_Ecr,REPPART,5a0cadf96be3647bbe1a3a71
401,TRVGRP-REPREP-5966b688c8,Mutex_Proj_Dis_Lec,REPPART,5a0cadf96be3647bbe1a3a74
402,TRVGRP-REPREP-5966b688c8,Subitte,REPPART,5a0cadf96be3647bbe1a3a77
403,TRVGRP-REPREP-5966b688c8,Mutex_Flux_Ecr,REPPART,5a0cadf96be3647bbe1a3a7a
404,TRVGRP-REPREP-5966b688c8,Mutex-Proj-Org_Ecr,REPPART,5a0cadf96be3647bbe1a3a7d
405,TRVGRP-REPREP-5966b688c8,Mutex-Proj-Org_Lec,REPPART,5a0cadf96be3647bbe1a3a80
406,TRVGRP-REPREP-5966b688c8,Mutex_Proj_Paie_Ecr,REPPART,5a0cadf96be3647bbe1a3a83
407,TRVGRP-REPREP-5966b688c8,Mutex-Proj-Taux-Garantis_Ecr,REPPART,5a0cadf96be3647bbe1a3a86
408,TRVGRP-REPREP-5966b688c8,Mutex-Proj-Taux-Garantis_Lec,REPPART,5a0cadf96be3647bbe1a3a89
409,TRVGRP-REPREP-5966b688c8,Mutuelle_memf,REPPART,5a0cadf96be3647bbe1a3a8c
410,TRVGRP-REPREP-5966b688c8,MVS-Extraction_Lec,REPPART,5a0cadf96be3647bbe1a3a91
411,TRVGRP-REPREP-5966b688c8,Operation_TG_09_Ecr,REPPART,5a0cadf96be3647bbe1a3a94
412,TRVGRP-REPREP-5966b688c8,Operation_TG_09_Lec,REPPART,5a0cadf96be3647bbe1a3a97
413,TRVGRP-REPREP-5966b688c8,Operation_TG_2012_ecr,REPPART,5a0cadf96be3647bbe1a3aa0
414,TRVGRP-REPREP-5966b688c8,Operation_TG_2012_Lec,REPPART,5a0cadf96be3647bbe1a3aa3
415,TRVGRP-REPREP-5966b688c8,Organisation_Qualite,REPPART,5a0cadf96be3647bbe1a3aa6
416,TRVGRP-REPREP-5966b688c8,Organisation_Qualite_Lec,REPPART,5a0cadf96be3647bbe1a3aa9
417,TRVGRP-REPREP-5966b688c8,Originaux_DT_Ecr,REPPART,5a0cadf96be3647bbe1a3aac
418,TRVGRP-REPREP-5966b688c8,Originaux_DT_Lec,REPPART,5a0cadf96be3647bbe1a3aaf
419,TRVGRP-REPREP-5966b688c8,Oscar-Coll_Ecr,REPPART,5a0cadf96be3647bbe1a3ab2
420,TRVGRP-REPREP-5966b688c8,Oscar_Coll_Lec,REPPART,5a0cadf96be3647bbe1a3ab5
421,TRVGRP-REPREP-5966b688c8,Paie_Mutex,REPPART,5a0cadf96be3647bbe1a3ab8
422,TRVGRP-REPREP-5966b688c8,Partage_NsiEpargne_Ecr,REPPART,5a0cadf96be3647bbe1a3abb
423,TRVGRP-REPREP-5966b688c8,Partage_NsiEpargne_Lec,REPPART,5a0cadf96be3647bbe1a3abe
424,TRVGRP-REPREP-5966b688c8,Partage_sante_ecr,REPPART,5a0cadf96be3647bbe1a3ac1
425,TRVGRP-REPREP-5966b688c8,Partage_sante_lec,REPPART,5a0cadf96be3647bbe1a3ac4
426,TRVGRP-REPREP-5966b688c8,Pilotage,REPPART,5a0cadf96be3647bbe1a3ac7
427,TRVGRP-REPREP-5966b688c8,Polyvalents,REPPART,5a0cadf96be3647bbe1a3acb
428,TRVGRP-REPREP-5966b688c8,Portabilite_Ecr,REPPART,5a0cadf96be3647bbe1a3ace
429,TRVGRP-REPREP-5966b688c8,Portabilite_Lec,REPPART,5a0cadf96be3647bbe1a3ad1
430,TRVGRP-REPREP-5966b688c8,PPM_Partage_Lec,REPPART,5a0cadf96be3647bbe1a3ad4
431,TRVGRP-REPREP-5966b688c8,PPM_Partage_Ecr,REPPART,5a0cadf96be3647bbe1a3ad7
432,TRVGRP-REPREP-5966b688c8,PRESTA_COORD,REPPART,5a0cadf96be3647bbe1a3ada
433,TRVGRP-REPREP-5966b688c8,PRESTA_REF_Ecr,REPPART,5a0cadf96be3647bbe1a3add
434,TRVGRP-REPREP-5966b688c8,PRESTA_REF_Lec,REPPART,5a0cadf96be3647bbe1a3ae0
435,TRVGRP-REPREP-5966b688c8,PRESTA_RRC_Ecr,REPPART,5a0cadf96be3647bbe1a3ae3
436,TRVGRP-REPREP-5966b688c8,PRESTA_RRC_Lec,REPPART,5a0cadf96be3647bbe1a3ae6
437,TRVGRP-REPREP-5966b688c8,Projet_contrat,REPPART,5a0cadf96be3647bbe1a3ae9
438,TRVGRP-REPREP-5966b688c8,Profils_Ecr,REPPART,5a0cadf96be3647bbe1a3aec
439,TRVGRP-REPREP-5966b688c8,Profils_Lec,REPPART,5a0cadf96be3647bbe1a3aef
440,TRVGRP-REPREP-5966b688c8,Proj_Impact_Ref_Retraites_Lec,REPPART,5a0cadf96be3647bbe1a3af2
441,TRVGRP-REPREP-5966b688c8,Proj_Impact_Ref_Retraite_Ecr,REPPART,5a0cadf96be3647bbe1a3af5
442,TRVGRP-REPREP-5966b688c8,Proj_MUTEX_SA_Ecr,REPPART,5a0cadf96be3647bbe1a3af8
443,TRVGRP-REPREP-5966b688c8,Proj_MUTEX_SA_Lec,REPPART,5a0cadf96be3647bbe1a3afb
444,TRVGRP-REPREP-5966b688c8,Projet_Pole_Emploi_Lec,REPPART,5a0cadf96be3647bbe1a3afe
445,TRVGRP-REPREP-5966b688c8,Projet_Pole_Emploi_Ecr,REPPART,5a0cadf96be3647bbe1a3b01
446,TRVGRP-REPREP-5966b688c8,Projet_Accueil_Tel_MAJ,REPPART,5a0cadf96be3647bbe1a3b04
447,TRVGRP-REPREP-5966b688c8,Projet_Accueil_Tel_LEC,REPPART,5a0cadf96be3647bbe1a3b07
448,TRVGRP-REPREP-5966b688c8,Projet_Migration_Mutalis_Lec,REPPART,5a0cadf96be3647bbe1a3b0a
449,TRVGRP-REPREP-5966b688c8,Projet_Migration_Mutalis_Ecr,REPPART,5a0cadf96be3647bbe1a3b0d
450,TRVGRP-REPREP-5966b688c8,PROJET_MUTEX_FR_Ecr,REPPART,5a0cadf96be3647bbe1a3b10
451,TRVGRP-REPREP-5966b688c8,PROJET_MUTEX_FR_Lec,REPPART,5a0cadf96be3647bbe1a3b13
452,TRVGRP-REPREP-5966b688c8,Projet_S2_CI_Audit_UNPMF_Ecr,REPPART,5a0cadf96be3647bbe1a3b16
453,TRVGRP-REPREP-5966b688c8,Projet_S2_CI_Audit_UNPMF_Lec,REPPART,5a0cadf96be3647bbe1a3b19
454,TRVGRP-REPREP-5966b688c8,Projet_S2_CI_Mutex_Lec,REPPART,5a0cadf96be3647bbe1a3b1c
455,TRVGRP-REPREP-5966b688c8,Projet_S2_CI_Mutex_Ecr,REPPART,5a0cadf96be3647bbe1a3b1f
456,TRVGRP-REPREP-5966b688c8,Projet_S2_CLOTURE2012_Ecr,REPPART,5a0cadf96be3647bbe1a3b22
457,TRVGRP-REPREP-5966b688c8,Projet_S2_CLOTURE2012_Lec,REPPART,5a0cadf96be3647bbe1a3b25
458,TRVGRP-REPREP-5966b688c8,PILOTAGE_CLOTURE_Ecr,REPPART,5a0cadf96be3647bbe1a3b28
459,TRVGRP-REPREP-5966b688c8,PILOTAGE_CLOTURE_Lec,REPPART,5a0cadf96be3647bbe1a3b2b
460,TRVGRP-REPREP-5966b688c8,Projet_S2_SIDonnees_Ecr,REPPART,5a0cadf96be3647bbe1a3b2e
461,TRVGRP-REPREP-5966b688c8,Projet_S2_SIDonnees_Lec,REPPART,5a0cadf96be3647bbe1a3b31
462,TRVGRP-REPREP-5966b688c8,Projet_SDA_Ecr,REPPART,5a0cadf96be3647bbe1a3b34
463,TRVGRP-REPREP-5966b688c8,Projet_SDA_Lec,REPPART,5a0cadf96be3647bbe1a3b37
464,TRVGRP-REPREP-5966b688c8,Projet_SEPA_Ecr,REPPART,5a0cadf96be3647bbe1a3b3a
465,TRVGRP-REPREP-5966b688c8,Projet_SEPA_Lec,REPPART,5a0cadf96be3647bbe1a3b3d
466,TRVGRP-REPREP-5966b688c8,SP_MOA-DSI_Ecr,REPPART,5a0cadf96be3647bbe1a3b40
467,TRVGRP-REPREP-5966b688c8,SP_MOA-DSI_Lec,REPPART,5a0cadf96be3647bbe1a3b43
468,TRVGRP-REPREP-5966b688c8,Prestation_Cap1,REPPART,5a0cadf96be3647bbe1a3b46
469,TRVGRP-REPREP-5966b688c8,Prestation_Cap2,REPPART,5a0cadf96be3647bbe1a3b49
470,TRVGRP-REPREP-5966b688c8,Prestation_Cap3,REPPART,5a0cadf96be3647bbe1a3b4c
471,TRVGRP-REPREP-5966b688c8,Qui_Fait_Quoi_UNPMF,REPPART,5a0cadf96be3647bbe1a3b4f
472,TRVGRP-REPREP-5966b688c8,Qui_Fait_Quoi_UNPMF_Lec,REPPART,5a0cadf96be3647bbe1a3b52
473,TRVGRP-REPREP-5966b688c8,REASS,REPPART,5a0cadf96be3647bbe1a3b55
474,TRVGRP-REPREP-5966b688c8,Reclamations_PPCS,REPPART,5a0cadf96be3647bbe1a3b58
475,TRVGRP-REPREP-5966b688c8,Reclamations_PPCS_Lecture,REPPART,5a0cadf96be3647bbe1a3b5b
476,TRVGRP-REPREP-5966b688c8,Service_recouvrement_Lec,REPPART,5a0cadf96be3647bbe1a3b5e
477,TRVGRP-REPREP-5966b688c8,Service_recouvrement_Ecr,REPPART,5a0cadf96be3647bbe1a3b61
478,TRVGRP-REPREP-5966b688c8,Refonte_Prev_Ind_Ecr,REPPART,5a0cadf96be3647bbe1a3b64
479,TRVGRP-REPREP-5966b688c8,Refonte_Prev_Ind_Lec,REPPART,5a0cadf96be3647bbe1a3b67
480,TRVGRP-REPREP-5966b688c8,Renouvellement_Lec,REPPART,5a0cadf96be3647bbe1a3b6a
481,TRVGRP-REPREP-5966b688c8,Renouvellement_Ecr,REPPART,5a0cadf96be3647bbe1a3b6d
482,TRVGRP-REPREP-5966b688c8,Rep_Eng_UNPMF_MUTEX_Ecr,REPPART,5a0cadf96be3647bbe1a3b70
483,TRVGRP-REPREP-5966b688c8,Rep_Eng_UNPMF_MUTEX_Lec,REPPART,5a0cadf96be3647bbe1a3b73
484,TRVGRP-REPREP-5966b688c8,Retraite_collective,REPPART,5a0cadf96be3647bbe1a3b76
485,TRVGRP-REPREP-5966b688c8,Retraite_collective_Lec,REPPART,5a0cadf96be3647bbe1a3b79
486,TRVGRP-REPREP-5966b688c8,Revue_conf_IetL_Ecr,REPPART,5a0cadf96be3647bbe1a3b7c
487,TRVGRP-REPREP-5966b688c8,Revue_conf_IetL_Lec,REPPART,5a0cadf96be3647bbe1a3b7f
488,TRVGRP-REPREP-5966b688c8,SCA_Lec,REPPART,5a0cadf96be3647bbe1a3b82
489,TRVGRP-REPREP-5966b688c8,SCA_Ecr,REPPART,5a0cadf96be3647bbe1a3b85
490,TRVGRP-REPREP-5966b688c8,SCATAUX_Ecr,REPPART,5a0cadf96be3647bbe1a3b88
491,TRVGRP-REPREP-5966b688c8,SCATAUX_Lec,REPPART,5a0cadf96be3647bbe1a3b8b
492,TRVGRP-REPREP-5966b688c8,Scan_Courrier_Ecr,REPPART,5a0cadf96be3647bbe1a3b8e
493,TRVGRP-REPREP-5966b688c8,SCG_DSGACI_Lec,REPPART,5a0cadf96be3647bbe1a3b91
494,TRVGRP-REPREP-5966b688c8,SCG_DSGACI_Ecr,REPPART,5a0cadf96be3647bbe1a3b94
495,TRVGRP-REPREP-5966b688c8,SCG_REQ_BASE_STAT_Ecr,REPPART,5a0cadf96be3647bbe1a3b97
496,TRVGRP-REPREP-5966b688c8,SCG_REQ_BASE_STAT_Lec,REPPART,5a0cadf96be3647bbe1a3b9a
497,TRVGRP-REPREP-5966b688c8,SCG_SUIVI_ACTIVITE_Ecr,REPPART,5a0cadf96be3647bbe1a3b9d
498,TRVGRP-REPREP-5966b688c8,SCG_SUIVI_ACTIVITE_Lec,REPPART,5a0cadf96be3647bbe1a3ba0
499,TRVGRP-REPREP-5966b688c8,Secretariat-General_lec,REPPART,5a0cadf96be3647bbe1a3ba3
500,TRVGRP-REPREP-5966b688c8,Secretariat-General,REPPART,5a0cadf96be3647bbe1a3ba6
501,TRVGRP-REPREP-5966b688c8,Secretariat_DSET,REPPART,5a0cadf96be3647bbe1a3ba9
502,TRVGRP-REPREP-5966b688c8,Secretariat_DT_Lec,REPPART,5a0cadf96be3647bbe1a3bac
503,TRVGRP-REPREP-5966b688c8,Secretariat_DT,REPPART,5a0cadf96be3647bbe1a3baf
504,TRVGRP-REPREP-5966b688c8,Serv_Coord_Gest,REPPART,5a0cadf96be3647bbe1a3bb2
505,TRVGRP-REPREP-5966b688c8,Serv_contact_Mutex_Lec,REPPART,5a0cadf96be3647bbe1a3bb5
506,TRVGRP-REPREP-5966b688c8,Serv_contact_Mutex_Ecr,REPPART,5a0cadf96be3647bbe1a3bb8
507,TRVGRP-REPREP-5966b688c8,SG_AMPLEO_Lec,REPPART,5a0cadf96be3647bbe1a3bbb
508,TRVGRP-REPREP-5966b688c8,SG_AMPLEO_Ecr,REPPART,5a0cadf96be3647bbe1a3bbe
509,TRVGRP-REPREP-5966b688c8,SG_ANPPI_Lec,REPPART,5a0cadf96be3647bbe1a3bc1
510,TRVGRP-REPREP-5966b688c8,SG_ANPPI_Ecr,REPPART,5a0cadf96be3647bbe1a3bc4
511,TRVGRP-REPREP-5966b688c8,SG_Directoire_Mutex_Ecr,REPPART,5a0cadf96be3647bbe1a3bc7
512,TRVGRP-REPREP-5966b688c8,SG_Directoire_Mutex_Lec,REPPART,5a0cadf96be3647bbe1a3bca
513,TRVGRP-REPREP-5966b688c8,SG_GERP_PERP_Lec,REPPART,5a0cadf96be3647bbe1a3bcd
514,TRVGRP-REPREP-5966b688c8,SG_GERP_PERP_Ecr,REPPART,5a0cadf96be3647bbe1a3bd0
515,TRVGRP-REPREP-5966b688c8,SG_MNP_Ecr,REPPART,5a0cadf96be3647bbe1a3bd3
516,TRVGRP-REPREP-5966b688c8,SG_MNP_Lec,REPPART,5a0cadf96be3647bbe1a3bd6
517,TRVGRP-REPREP-5966b688c8,SG_Mutex_Lec,REPPART,5a0cadf96be3647bbe1a3bd9
518,TRVGRP-REPREP-5966b688c8,SG_Mutex,REPPART,5a0cadf96be3647bbe1a3bdc
519,TRVGRP-REPREP-5966b688c8,SG_UNPMF_Lec,REPPART,5a0cadf96be3647bbe1a3bdf
520,TRVGRP-REPREP-5966b688c8,SG_UNPMF_Ecr,REPPART,5a0cadf96be3647bbe1a3be2
521,TRVGRP-REPREP-5966b688c8,SID_DF_Lec,REPPART,5a0cadf96be3647bbe1a3be5
522,TRVGRP-REPREP-5966b688c8,SID_DF_Ecr,REPPART,5a0cadf96be3647bbe1a3be8
523,TRVGRP-REPREP-5966b688c8,SID_Partage_Ecr,REPPART,5a0cadf96be3647bbe1a3beb
524,TRVGRP-REPREP-5966b688c8,DACSM_Services_Ecr,REPPART,5a0cadf96be3647bbe1a3bee
525,TRVGRP-REPREP-5966b688c8,SP_DEV_COMPTES_Lec,REPPART,5a0cadf96be3647bbe1a3bf1
526,TRVGRP-REPREP-5966b688c8,SP_DEV_COMPTES_Ecr,REPPART,5a0cadf96be3647bbe1a3bf4
527,TRVGRP-REPREP-5966b688c8,SP_SNM,REPPART,5a0cadfa6be3647bbe1a3bf7
528,TRVGRP-REPREP-5966b688c8,Stat_Production_Ecr,REPPART,5a0cadfa6be3647bbe1a3bfa
529,TRVGRP-REPREP-5966b688c8,Stat_Production_Lec,REPPART,5a0cadfa6be3647bbe1a3bfd
530,TRVGRP-REPREP-5966b688c8,Dir-dev_suivi_offres_Lec,REPPART,5a0cadfa6be3647bbe1a3c00
531,TRVGRP-REPREP-5966b688c8,Dir-dev_suivi_offres_ecriture,REPPART,5a0cadfa6be3647bbe1a3c03
532,TRVGRP-REPREP-5966b688c8,Suivi-Activite-Prod_Ecr,REPPART,5a0cadfa6be3647bbe1a3c06
533,TRVGRP-REPREP-5966b688c8,Suivi_budget_Part_Soc_Ecr,REPPART,5a0cadfa6be3647bbe1a3c09
534,TRVGRP-REPREP-5966b688c8,Suivi_budget_Part_Soc_Lec,REPPART,5a0cadfa6be3647bbe1a3c0c
535,TRVGRP-REPREP-5966b688c8,Tab_Bord_Processus_Lec,REPPART,5a0cadfa6be3647bbe1a3c0f
536,TRVGRP-REPREP-5966b688c8,Tab_Bord_Processus_Ecr,REPPART,5a0cadfa6be3647bbe1a3c12
537,TRVGRP-REPREP-5966b688c8,Taux_garantis_Ecr,REPPART,5a0cadfa6be3647bbe1a3c15
538,TRVGRP-REPREP-5966b688c8,Taux_garantis_Lec,REPPART,5a0cadfa6be3647bbe1a3c18
539,TRVGRP-REPREP-5966b688c8,TDB_TRACEO_Ecr,REPPART,5a0cadfa6be3647bbe1a3c1b
540,TRVGRP-REPREP-5966b688c8,Tech-jur,REPPART,5a0cadfa6be3647bbe1a3c1e
541,TRVGRP-REPREP-5966b688c8,Technique_Assist_Lec,REPPART,5a0cadfa6be3647bbe1a3c21
542,TRVGRP-REPREP-5966b688c8,Technique_Assist_Ecr,REPPART,5a0cadfa6be3647bbe1a3c24
543,TRVGRP-REPREP-5966b688c8,TRACFIN_Lec,REPPART,5a0cadfa6be3647bbe1a3c27
544,TRVGRP-REPREP-5966b688c8,TRACFIN_ecr,REPPART,5a0cadfa6be3647bbe1a3c2a
545,TRVGRP-REPREP-5966b688c8,Tracfin_Forma_Pers_Ecr,REPPART,5a0cadfa6be3647bbe1a3c2d
546,TRVGRP-REPREP-5966b688c8,Tracfin_Forma_Pers_Lec,REPPART,5a0cadfa6be3647bbe1a3c30
547,TRVGRP-REPREP-5966b688c8,Trans_PorteF_2013_Lec,REPPART,5a0cadfa6be3647bbe1a3c33
548,TRVGRP-REPREP-5966b688c8,Trans_PorteF_2013_Ecr,REPPART,5a0cadfa6be3647bbe1a3c36
549,TRVGRP-REPREP-5966b688c8,Ucanss_Orsud_lec,REPPART,5a0cadfa6be3647bbe1a3c39
550,TRVGRP-REPREP-5966b688c8,Ucanss_Orsud_ecr,REPPART,5a0cadfa6be3647bbe1a3c3c
551,TRVGRP-REPREP-5966b688c8,UCANSS_PRODUCTION_Ecr,REPPART,5a0cadfa6be3647bbe1a3c3f
552,TRVGRP-REPREP-5966b688c8,UCANSS_Production_Lec,REPPART,5a0cadfa6be3647bbe1a3c42
553,TRVGRP-REPREP-5966b688c8,Unpmf_interim_presidence,REPPART,5a0cadfa6be3647bbe1a3c45
554,TRVGRP-REPREP-5966b688c8,Vie_Lec,REPPART,5a0cadfa6be3647bbe1a3c48
555,TRVGRP-REPREP-5966b688c8,Portefeuille,REPPART,5a0cadfa6be3647bbe1a3c4b
556,TRVGRP-REPREP-5966b688c8,Cavdr,REPPART,5a0cadfa6be3647bbe1a3c50
557,TRVGRP-REPREP-5966b688c8,Vie,REPPART,5a0cadfa6be3647bbe1a3c53
558,TRVGRP-REPREP-5966b688c8,Vie_Invent_Lec,REPPART,5a0cadfa6be3647bbe1a3c56
559,TRVGRP-REPREP-5966b688c8,Vie_Invent_Ecr,REPPART,5a0cadfa6be3647bbe1a3c59
560,TRVGRP-REPREP-5966b688c8,Virements_UNPMF_Lec,REPPART,5a0cadfa6be3647bbe1a3c5c
561,TRVGRP-REPREP-5966b688c8,Virements_UNPMF,REPPART,5a0cadfa6be3647bbe1a3c5f
562,TRVGRP-REPREP-5966b688c8,Workflow_Lec,REPPART,5a0cadfa6be3647bbe1a3c62
563,TRVGRP-REPREP-5966b688c8,Workflow_Ecr,REPPART,5a0cadfa6be3647bbe1a3c65
564,TRVGRP-REPREP-5966b688c8,WORKFLOW_Flux_Ecr,REPPART,5a0cadfa6be3647bbe1a3c68
565,TRVGRP-REPREP-5966b688c8,WORKFLOW_Flux_Lec,REPPART,5a0cadfa6be3647bbe1a3c6b
566,TRVGRP-REPREP-5966b688c8,WORKFLOW_STAT_Lec,REPPART,5a0cadfa6be3647bbe1a3c6e
567,TRVGRP-REPREP-5966b688c8,WORKFLOW_STAT_Ecr,REPPART,5a0cadfa6be3647bbe1a3c71
568,TRVGRP-REPREP-5966b688c8,Prjt_S2_Report_Lec,REPPART,5a0cadfa6be3647bbe1a3c74
569,TRVGRP-REPREP-5966b688c8,Prjt_S2_Report_Ecr,REPPART,5a0cadfa6be3647bbe1a3c77
570,TRVGRP-REPREP-5966b688c8,Projet_Gest_NSI_Epargne_Lec,REPPART,5a0cadfa6be3647bbe1a3c7a
571,TRVGRP-REPREP-5966b688c8,Projet_Gest_NSI_Epargne_Ecr,REPPART,5a0cadfa6be3647bbe1a3c7d
572,TRVGRP-REPREP-5966b688c8,NsiEpargne_Doc_Lec,REPPART,5a0cadfa6be3647bbe1a3c80
573,TRVGRP-REPREP-5966b688c8,NsiEpargne_Doc_Ecr,REPPART,5a0cadfa6be3647bbe1a3c83
574,TRVGRP-REPREP-5966b688c8,MED_Ecr,REPPART,5a0cadfa6be3647bbe1a3c86
575,TRVGRP-REPREP-5966b688c8,Activites_Internet_Ecr,REPPART,5a0cadfa6be3647bbe1a3c89
576,TRVGRP-REPREP-5966b688c8,CG_INSTANCES_GP,REPPART,5a0cadfa6be3647bbe1a3c8c
577,TRVGRP-REPREP-5966b688c8,Reemploi_Capitaux_Deces_Ecr,REPPART,5a0cadfa6be3647bbe1a3c8f
578,TRVGRP-REPREP-5966b688c8,Reemploi_Capitaux_Deces_Lec,REPPART,5a0cadfa6be3647bbe1a3c92
579,TRVGRP-REPREP-5966b688c8,COMPTA_SDA_Lec,REPPART,5a0cadfa6be3647bbe1a3c95
580,TRVGRP-REPREP-5966b688c8,COMPTA_SDA_Ecr,REPPART,5a0cadfa6be3647bbe1a3c98
581,TRVGRP-REPREP-5966b688c8,BAO_Appel_Offres_Ecr,REPPART,5a0cadfa6be3647bbe1a3c9b
582,TRVGRP-REPREP-5966b688c8,BAO_Appel_Offres_Lec,REPPART,5a0cadfa6be3647bbe1a3c9e
583,TRVGRP-REPREP-5966b688c8,Comite_engagements_Ecr,REPPART,5a0cadfa6be3647bbe1a3ca1
584,TRVGRP-REPREP-5966b688c8,Comite_engagements_Lec,REPPART,5a0cadfa6be3647bbe1a3ca4
585,TRVGRP-REPREP-5966b688c8,MELANI_REFERENTIEL_Ecr,REPPART,5a0cadfa6be3647bbe1a3ca7
586,TRVGRP-REPREP-5966b688c8,Direction_Strategie_Lec,REPPART,5a0cadfa6be3647bbe1a3caa
587,TRVGRP-REPREP-5966b688c8,Direction_Strategie_Ecr,REPPART,5a0cadfa6be3647bbe1a3cad
588,TRVGRP-REPREP-5966b688c8,Service_Statistiques_Lec,REPPART,5a0cadfa6be3647bbe1a3cb0
589,TRVGRP-REPREP-5966b688c8,Service_Statistiques_Ecr,REPPART,5a0cadfa6be3647bbe1a3cb3
590,TRVGRP-REPREP-5966b688c8,Frais_Generaux_Lec,REPPART,5a0cadfa6be3647bbe1a3cb6
591,TRVGRP-REPREP-5966b688c8,Frais_Generaux_Ecr,REPPART,5a0cadfa6be3647bbe1a3cb9
592,TRVGRP-REPREP-5966b688c8,SG_Mutex_Collectives_Ecr,REPPART,5a0cadfa6be3647bbe1a3cbc
593,TRVGRP-REPREP-5966b688c8,SG_Mutex_Collectives_Lec,REPPART,5a0cadfa6be3647bbe1a3cbf
594,TRVGRP-REPREP-5966b688c8,SG_Mutex_Union_Lec,REPPART,5a0cadfa6be3647bbe1a3cc2
595,TRVGRP-REPREP-5966b688c8,SG_Mutex_Union_Ecr,REPPART,5a0cadfa6be3647bbe1a3cc5
596,TRVGRP-REPREP-5966b688c8,ENC_PROD_Ecr,REPPART,5a0cadfa6be3647bbe1a3cc8
597,TRVGRP-REPREP-5966b688c8,ENC_PROD_Lec,REPPART,5a0cadfa6be3647bbe1a3ccb
598,TRVGRP-REPREP-5966b688c8,DACSM_Souscription_Lec,REPPART,5a0cadfa6be3647bbe1a3cce
599,TRVGRP-REPREP-5966b688c8,DACSM_Souscription_Ecr,REPPART,5a0cadfa6be3647bbe1a3cd1
600,TRVGRP-REPREPVIE-a32486e085,Vie_Invent_Lec,REPPART,5a0cadfa6be3647bbe1a3cdb
601,TRVGRP-REPREPVIE-a32486e085,Vie_Invent_Ecr,REPPART,5a0cadfa6be3647bbe1a3cde
602,TRVGRP-REPREPVIE-a32486e085,Presta_Inv_30062013_Ecr,REPPART,5a0cadfa6be3647bbe1a3ce3
603,TRVGRP-REPREPVIE-a32486e085,Presta_Inv_30062013_Lect,REPPART,5a0cadfa6be3647bbe1a3ce6
604,TRVGRP-REPREPVIE-a32486e085,VIE_Presta_29022014,REPPART,5a0cadfa6be3647bbe1a3ceb
605,TRVGRP-REPREPVIE-a32486e085,Inventaire-Refonte,REPPART,5a0cadfa6be3647bbe1a3cf2
606,TRVGRP-REPREPVIE-a32486e085,Presta_QUASAR_Ecr,REPPART,5a0cadfa6be3647bbe1a3cf7
607,TRVGRP-REPREPVIE-a32486e085,Presta_Reval_20022014,REPPART,5a0cadfa6be3647bbe1a3cfc
608,TRVGRP-REPREP-798dd158b7,DSI,REPPART,5a0cadfa6be3647bbe1a3d01
609,TRVGRP-REPREP-798dd158b7,Methode,REPPART,5a0cadfa6be3647bbe1a3d04
610,TRVGRP-REPREP-798dd158b7,ChantiersPasserellesDSI_Ecr,REPPART,5a0cadfa6be3647bbe1a3d07
611,TRVGRP-REPREP-798dd158b7,ChantiersPasserellesDSI_Lec,REPPART,5a0cadfa6be3647bbe1a3d0a
612,TRVGRP-REPREP-798dd158b7,DSF_TOUS_Ecr,REPPART,5a0cadfa6be3647bbe1a3d0d
613,TRVGRP-REPREP-798dd158b7,Initiation_Reseau_Ecr,REPPART,5a0cadfa6be3647bbe1a3d10
614,TRVGRP-REPREP-798dd158b7,Initiation_Reseau_Lec,REPPART,5a0cadfa6be3647bbe1a3d13
615,TRVGRP-REPREP-798dd158b7,invent_cotise_Ecr,REPPART,5a0cadfa6be3647bbe1a3d16
616,TRVGRP-REPREP-798dd158b7,Production_dsi,REPPART,5a0cadfa6be3647bbe1a3d19
617,TRVGRP-REPREP-798dd158b7,ftp_exp,REPPART,5a0cadfa6be3647bbe1a3d1c
618,TRVGRP-REPREP-798dd158b7,invent_cotise_Maj,REPPART,5a0cadfa6be3647bbe1a3d1f
619,TRVGRP-REPREP-798dd158b7,invent_cotise_lec,REPPART,5a0cadfa6be3647bbe1a3d22
620,TRVGRP-REPREP-798dd158b7,invent_coll_Ecr,REPPART,5a0cadfa6be3647bbe1a3d25
621,TRVGRP-REPREP-798dd158b7,invent_coll_Maj,REPPART,5a0cadfa6be3647bbe1a3d28
622,TRVGRP-REPREP-798dd158b7,invent_coll_lec,REPPART,5a0cadfa6be3647bbe1a3d2b
623,TRVGRP-REPREP-798dd158b7,Listes_Rappro_Comptable_Lec,REPPART,5a0cadfa6be3647bbe1a3d32
624,TRVGRP-REPREP-798dd158b7,Listes_Rappro_Comptable_Ecr,REPPART,5a0cadfa6be3647bbe1a3d35
625,TRVGRP-REPREP-798dd158b7,Manag_ICM,REPPART,5a0cadfa6be3647bbe1a3d38
626,TRVGRP-REPREP-798dd158b7,Modernisation_NSI_Ecr,REPPART,5a0cadfa6be3647bbe1a3d3d
627,TRVGRP-REPREP-798dd158b7,NSI2_Ecr,REPPART,5a0cadfa6be3647bbe1a3d40
628,TRVGRP-REPREP-798dd158b7,NSI2_Lec,REPPART,5a0cadfa6be3647bbe1a3d43
629,TRVGRP-REPREP-798dd158b7,Nsi2000,REPPART,5a0cadfa6be3647bbe1a3d46
630,TRVGRP-REPREP-798dd158b7,nsi_contrat,REPPART,5a0cadfa6be3647bbe1a3d49
631,TRVGRP-REPREP-798dd158b7,nsi_cotisations,REPPART,5a0cadfa6be3647bbe1a3d4c
632,TRVGRP-REPREP-798dd158b7,nsidp,REPPART,5a0cadfa6be3647bbe1a3d4f
633,TRVGRP-REPREP-798dd158b7,PPM_Ecr,REPPART,5a0cadfa6be3647bbe1a3d52
634,TRVGRP-REPREP-798dd158b7,Prevassur_Ecr,REPPART,5a0cadfa6be3647bbe1a3d55
635,TRVGRP-REPREP-798dd158b7,Prevassur_Lec,REPPART,5a0cadfa6be3647bbe1a3d58
636,TRVGRP-REPREP-798dd158b7,Proj_gest_com_Lec,REPPART,5a0cadfa6be3647bbe1a3d5b
637,TRVGRP-REPREP-798dd158b7,Proj_gest_com_Ecr,REPPART,5a0cadfa6be3647bbe1a3d5e
638,TRVGRP-REPREP-798dd158b7,Projet_SEPA_Ecr,REPPART,5a0cadfa6be3647bbe1a3d61
639,TRVGRP-REPREP-798dd158b7,projet_SEPA_Lec,REPPART,5a0cadfa6be3647bbe1a3d64
640,TRVGRP-REPREP-798dd158b7,Questionnaire_MSA_Noemie,REPPART,5a0cadfa6be3647bbe1a3d67
641,TRVGRP-REPREP-798dd158b7,MUTEX DSI_INFO DSI__DEPT_TECHNIQUE DPT,REPPART,5a0cadfa6be3647bbe1a3d6a
642,TRVGRP-REPREP-798dd158b7,MUTEX DSI_INFO ETUDES_ET_DEVT_MOE DPT,REPPART,5a0cadfa6be3647bbe1a3d6d
643,TRVGRP-REPREP-798dd158b7,MUTEX DSI_INFO SCE_DE_DIR_DSI DPT,REPPART,5a0cadfa6be3647bbe1a3d70
644,TRVGRP-REPREP-798dd158b7,Rec_Modernisation_NSI_Lec,REPPART,5a0cadfa6be3647bbe1a3d73
645,TRVGRP-REPREP-798dd158b7,Rec_Modernisation_NSI_Ecr,REPPART,5a0cadfa6be3647bbe1a3d76
646,TRVGRP-REPREP-798dd158b7,Suivi_maintenance,REPPART,5a0cadfa6be3647bbe1a3d79
647,TRVGRP-REPREP-798dd158b7,Sage,REPPART,5a0cadfa6be3647bbe1a3d7c
648,TRVGRP-REPREP-798dd158b7,Suivi_developpement_NSI,REPPART,5a0cadfa6be3647bbe1a3d7f
649,TRVGRP-REPREP-798dd158b7,Suivi_ICM_OC,REPPART,5a0cadfa6be3647bbe1a3d82
650,TRVGRP-REPREP-798dd158b7,Travaux_DSI_Kereval_Ecr,REPPART,5a0cadfa6be3647bbe1a3d85
651,TRVGRP-REPREP-798dd158b7,Travaux_DSI_Kereval_Lec,REPPART,5a0cadfa6be3647bbe1a3d88
652,TRVGRP-REPREP-798dd158b7,Travaux_Editique_lec,REPPART,5a0cadfa6be3647bbe1a3d8b
653,TRVGRP-REPREP-798dd158b7,Travaux_Editique,REPPART,5a0cadfa6be3647bbe1a3d8e
654,TRVGRP-REPREP-798dd158b7,UCANSS_Ecr,REPPART,5a0cadfa6be3647bbe1a3d91
655,TRVGRP-REPREP-798dd158b7,WORKFLOW_Mx_Lec,REPPART,5a0cadfa6be3647bbe1a3d94
656,TRVGRP-REPREP-798dd158b7,WORKFLOW_Mx_Ecr,REPPART,5a0cadfa6be3647bbe1a3d97
657,TRVGRP-REPREP-798dd158b7,Melani_Ecr,REPPART,5a0cadfa6be3647bbe1a3d9a
658,TRVGRP-REPREP-798dd158b7,Bonjour,REPPART,5a0cadfa6be3647bbe1a3d9d
659,TRVGRP-REPREP-798dd158b7,expbull,REPPART,5a0cadfa6be3647bbe1a3da0
660,TRVGRP-REPREP-798dd158b7,Nouvelle_Gamme_Ind,REPPART,5a0cadfa6be3647bbe1a3da5
661,TRVGRP-REPREP-798dd158b7,Dematerialisation_Ecr,REPPART,5a0cadfa6be3647bbe1a3da8
662,TRVGRP-REPREP-798dd158b7,Dematerialisation_Lec,REPPART,5a0cadfa6be3647bbe1a3dab
663,TRVGRP-REPREP-798dd158b7,DIGITAL_Ecr,REPPART,5a0cadfa6be3647bbe1a3dae
664,TRVGRP-REPREP-798dd158b7,DIGITAL_Lec,REPPART,5a0cadfa6be3647bbe1a3db1
665,TRVGRP-REPREP-1c5c6dc42a,BackOfficeCompta,REPPART,5a0cadfa6be3647bbe1a3db8
666,TRVGRP-REPREPAPP-efabfb25ec,BO_FN,REPPART,5a0cadfa6be3647bbe1a3dbb
667,TRVGRP-REPREPAPP-efabfb25ec,rappromg_FN,REPPART,5a0cadfa6be3647bbe1a3dbe
668,TRVGRP-REPREPAPP-efabfb25ec,Suivi_transaction_fn,REPPART,5a0cadfa6be3647bbe1a3dc1
669,TRVGRP-REPSCH-dd542981e2,SCHEMDIR_Formation_mutuelles,REPPART,5a0cadfa6be3647bbe1a3dc7
670,TRVGRP-REPSCH-dd542981e2,Chazot,REPPART,5a0cadfa6be3647bbe1a3dca
671,TRVGRP-REPSCH-dd542981e2,SCHEMDIR_Oscar_Commun,REPPART,5a0cadfa6be3647bbe1a3dcd
672,TRVGRP-REPSCH-dd542981e2,SCHEMDIR_Oscar_UNPMF,REPPART,5a0cadfa6be3647bbe1a3dd0
673,TRVGRP-REPSCH-dd542981e2,SCHEMDIR_Oscar_Sante,REPPART,5a0cadfa6be3647bbe1a3dd3
674,TRVGRP-REPSCH-dd542981e2,Venot,REPPART,5a0cadfa6be3647bbe1a3dd6
675,TRVGRP-REPSCH-dd542981e2,Etan,REPPART,5a0cadfa6be3647bbe1a3ddb
676,TRVGRP-REPCOM-7c7af72f94,COMPTA_Reassurance,REPPART,5a0cadfa6be3647bbe1a3de4
677,TRVGRP-REPCOM-7c7af72f94,COMPTA_Frais_Gen_Lec,REPPART,5a0cadfa6be3647bbe1a3de7
678,TRVGRP-REPCOM-7c7af72f94,COMPTA_Frais_Gen_Ecr,REPPART,5a0cadfa6be3647bbe1a3dea
679,TRVGRP-REPREP-5966b688c8,CCN_Libres_Lec,REPPART,5a0cadfa6be3647bbe1a3dfc
680,TRVGRP-REPREP-5966b688c8,CCN_Libres_Ecr,REPPART,5a0cadfa6be3647bbe1a3dff
681,TRVGRP-REPREP-5966b688c8,BPORSA_Ecr,REPPART,5a0cadfa6be3647bbe1a3e02
682,TRVGRP-REPREP-5966b688c8,BPORSA_Lec,REPPART,5a0cadfa6be3647bbe1a3e05
683,TRVGRP-REPREP-5966b688c8,Renouvellement_portabilite_ctr_coll_Ecr,REPPART,5a0cadfa6be3647bbe1a3e08
684,TRVGRP-REPREP-5966b688c8,Renouvellement_portabilite_ctr_coll_Lec,REPPART,5a0cadfa6be3647bbe1a3e0b
685,TRVGRP-REPREP-5966b688c8,DACSM_ACTUARIS_Ecr,REPPART,5a0cadfa6be3647bbe1a3e0e
686,TRVGRP-REPREP-5966b688c8,DACSM_ACTUARIS_Lec,REPPART,5a0cadfa6be3647bbe1a3e11
687,TRVGRP-REPREP-5966b688c8,PRT-PREVOYANCE_Ecr,REPPART,5a0cadfa6be3647bbe1a3e14
688,TRVGRP-REPREP-5966b688c8,PRT-PREVOYANCE_Lec,REPPART,5a0cadfa6be3647bbe1a3e17
689,TRVGRP-REPREP-5966b688c8,Secteur_Multi_Epargne_Sup,REPPART,5a0cadfa6be3647bbe1a3e1a
690,TRVGRP-REPREP-5966b688c8,Audit_ACPR_PCA,REPPART,5a0cadfa6be3647bbe1a3e1d
691,TRVGRP-REPREP-5966b688c8,Projet_Dematerialisation_Ecr,REPPART,5a0cadfa6be3647bbe1a3e20
692,TRVGRP-REPREP-5966b688c8,Projet_Dematerialisation_Lec,REPPART,5a0cadfa6be3647bbe1a3e23
693,TRVGRP-REPREP-5966b688c8,Projet_Dematerialisation_Autres_Ecr,REPPART,5a0cadfa6be3647bbe1a3e26
694,TRVGRP-REPREP-5966b688c8,Projet_Dematerialisation_Autres_Lec,REPPART,5a0cadfa6be3647bbe1a3e29
695,TRVGRP-REPREP-5966b688c8,CCICC_Lec,REPPART,5a0cadfa6be3647bbe1a3e2c
696,TRVGRP-REPREP-5966b688c8,CCICC_Ecr,REPPART,5a0cadfa6be3647bbe1a3e2f
697,TRVGRP-REPREP-5966b688c8,REASTOOLS_Ecr,REPPART,5a0cadfa6be3647bbe1a3e32
698,TRVGRP-REPREP-5966b688c8,REASTOOLS_Lec,REPPART,5a0cadfa6be3647bbe1a3e35
699,TRVGRP-REPREP-5966b688c8,SP_Souscription_Lec,REPPART,5a0cadfa6be3647bbe1a3e38
700,TRVGRP-REPREP-5966b688c8,SP_Souscription_Ecr,REPPART,5a0cadfa6be3647bbe1a3e3b
701,TRVGRP-REPREP-5966b688c8,SCG_DSI_Lec,REPPART,5a0cadfa6be3647bbe1a3e3e
702,TRVGRP-REPREP-5966b688c8,SCG_DSI_Ecr,REPPART,5a0cadfa6be3647bbe1a3e41
703,TRVGRP-REPREP-5966b688c8,Digitalisation_Relation_Client_Lec,REPPART,5a0cadfa6be3647bbe1a3e44
704,TRVGRP-REPREP-5966b688c8,Digitalisation_Relation_Client_Ecr,REPPART,5a0cadfa6be3647bbe1a3e47
705,TRVGRP-REPREP-5966b688c8,Desherence_Ecr,REPPART,5a0cadfa6be3647bbe1a3e4a
706,TRVGRP-REPREP-5966b688c8,Desherence_Lec,REPPART,5a0cadfa6be3647bbe1a3e4d
707,TRVGRP-REPREP-5966b688c8,Deta_Sp_Souscription_Lec,REPPART,5a0cadfa6be3647bbe1a3e50
708,TRVGRP-REPREP-5966b688c8,Deta_Sp_Souscription_Ecr,REPPART,5a0cadfa6be3647bbe1a3e53
709,TRVGRP-REPREP-5966b688c8,Management_NSIPrev_Lec,REPPART,5a0cadfa6be3647bbe1a3e56
710,TRVGRP-REPREP-5966b688c8,Management_NSIPrev_Ecr,REPPART,5a0cadfa6be3647bbe1a3e59
711,TRVGRP-REPREP-5966b688c8,G_DGD_Ecr,REPPART,5a0cadfa6be3647bbe1a3e5e
712,TRVGRP-REPREP-5966b688c8,G_Ent_Enc_Ecr,REPPART,5a0cadfa6be3647bbe1a3e61
713,TRVGRP-REPREP-5966b688c8,G_Ent_Ecr,REPPART,5a0cadfa6be3647bbe1a3e64
714,TRVGRP-REPREP-5966b688c8,G_Part_Ecr,REPPART,5a0cadfa6be3647bbe1a3e67
715,TRVGRP-REPREP-5966b688c8,G_Part_Enc_Ecr,REPPART,5a0cadfa6be3647bbe1a3e6a
716,TRVGRP-REPREP-5966b688c8,Recette_DSN_Ecr,REPPART,5a0cadfa6be3647bbe1a3e6d
717,TRVGRP-REPREP-5966b688c8,Recette_DSN_Lec,REPPART,5a0cadfa6be3647bbe1a3e70
718,TRVGRP-REPREP-5966b688c8,Gestion_DSN_Ecr,REPPART,5a0cadfa6be3647bbe1a3e73
719,TRVGRP-REPREP-5966b688c8,Gestion_DSN_Lec,REPPART,5a0cadfa6be3647bbe1a3e76
720,TRVGRP-REPREP-5966b688c8,G_Part_Ent_Lec,REPPART,5a0cadfa6be3647bbe1a3e79
721,TRVGRP-REPREP-5966b688c8,G_Part_Ent_Ecr,REPPART,5a0cadfa6be3647bbe1a3e7c
722,TRVGRP-REPREP-5966b688c8,Transfert_PREMUT_2015_Ecr,REPPART,5a0cadfa6be3647bbe1a3e7f
723,TRVGRP-REPREP-5966b688c8,Transfert_PREMUT_2015_Lec,REPPART,5a0cadfa6be3647bbe1a3e82
724,TRVGRP-REPREP-5966b688c8,S1_Partage_Lec,REPPART,5a0cadfa6be3647bbe1a3e85
725,TRVGRP-REPREP-5966b688c8,S1_Partage_Ecr,REPPART,5a0cadfa6be3647bbe1a3e88
726,TRVGRP-REPREP-5966b688c8,COURTAGE_Lec,REPPART,5a0cadfa6be3647bbe1a3e8b
727,TRVGRP-REPREP-5966b688c8,COURTAGE_Ecr,REPPART,5a0cadfa6be3647bbe1a3e8e
728,TRVGRP-REPREP-5966b688c8,Direction_DETA_Lec,REPPART,5a0cadfa6be3647bbe1a3e91
729,TRVGRP-REPREP-5966b688c8,Direction_DETA_Ecr,REPPART,5a0cadfa6be3647bbe1a3e94
730,TRVGRP-REPREP-5966b688c8,MELANI_Ecr,REPPART,5a0cadfa6be3647bbe1a3e97
731,TRVGRP-REPREP-5966b688c8,MELANI_Lec,REPPART,5a0cadfa6be3647bbe1a3e9a
732,TRVGRP-REPREP-5966b688c8,Dir_Strategie_Transformation_Lec,REPPART,5a0cadfa6be3647bbe1a3e9d
733,TRVGRP-REPREP-5966b688c8,Dir_Strategie_Transformation_Ecr,REPPART,5a0cadfa6be3647bbe1a3ea0
734,TRVGRP-REPREP-5966b688c8,Budget_DRHMG_Ecr,REPPART,5a0cadfa6be3647bbe1a3ea3
735,TRVGRP-REPREP-5966b688c8,Budget_DRHMG_Lec,REPPART,5a0cadfa6be3647bbe1a3ea6
736,TRVGRP-REPREP-5966b688c8,DPGP_Flux de Gestion_Ecr,REPPART,5a0cadfa6be3647bbe1a3ea9
737,TRVGRP-REPREP-5966b688c8,DPGP_Flux de Gestion_Lec,REPPART,5a0cadfa6be3647bbe1a3eac
738,TRVGRP-REPREP-5966b688c8,DPGP_MANAGEUR_Lec,REPPART,5a0cadfa6be3647bbe1a3eaf
739,TRVGRP-REPREP-5966b688c8,DPGP_MANAGEUR_Ecr,REPPART,5a0cadfa6be3647bbe1a3eb2
740,TRVGRP-REPREP-5966b688c8,DPGP_GESTION_DELEGUEE_Lec,REPPART,5a0cadfa6be3647bbe1a3eb5
741,TRVGRP-REPREP-5966b688c8,DPGP_GESTION_DELEGUEE_Ecr,REPPART,5a0cadfa6be3647bbe1a3eb8
742,TRVGRP-REPREP-5966b688c8,DPGP_PROTECTION_CLIENTELE_Ecr,REPPART,5a0cadfa6be3647bbe1a3ebb
743,TRVGRP-REPREP-5966b688c8,DPGP_PROTECTION_CLIENTELE_Lec,REPPART,5a0cadfa6be3647bbe1a3ebe
744,TRVGRP-REPREP-5966b688c8,DPGP_CONTROLE_PERMANENT_Lec,REPPART,5a0cadfa6be3647bbe1a3ec1
745,TRVGRP-REPREP-5966b688c8,DPGP_CONTROLE_PERMANENT_Ecr,REPPART,5a0cadfa6be3647bbe1a3ec4
746,TRVGRP-REPREP-5966b688c8,DPGP_DEROGATIONS_Ecr,REPPART,5a0cadfa6be3647bbe1a3ec7
747,TRVGRP-REPREP-5966b688c8,DPGP_DEROGATIONS_Lec,REPPART,5a0cadfa6be3647bbe1a3eca
748,TRVGRP-REPREP-5966b688c8,DPGP_FORMATION_GESTION_Ecr,REPPART,5a0cadfa6be3647bbe1a3ecd
749,TRVGRP-REPREP-5966b688c8,DPGP_FORMATION_GESTION_Lec,REPPART,5a0cadfa6be3647bbe1a3ed0
750,TRVGRP-REPREP-5966b688c8,DPGP_CONTACT_MUTEX_Lec,REPPART,5a0cadfa6be3647bbe1a3ed3
751,TRVGRP-REPREP-5966b688c8,DPGP_CONTACT_MUTEX_Ecr,REPPART,5a0cadfa6be3647bbe1a3ed6
752,TRVGRP-REPREP-5966b688c8,GC_ATOS_Lec,REPPART,5a0cadfa6be3647bbe1a3ed9
753,TRVGRP-REPREP-5966b688c8,GC_ATOS_Ecr,REPPART,5a0cadfa6be3647bbe1a3edc
754,TRVGRP-REPREP-5966b688c8,MUTEX Direction_des_expertises_technq_assurance DETA__Juridi DPT,REPPART,5a0cadfa6be3647bbe1a3edf
755,TRVGRP-REPREP-5966b688c8,MUTEX Direction_des_expertises_technq_assurance DETA__Actuar DPT,REPPART,5a0cadfa6be3647bbe1a3ee2
756,TRVGRP-REPREP-5966b688c8,Documentation_DETA_Ecr,REPPART,5a0cadfa6be3647bbe1a3ee5
757,TRVGRP-REPREP-5966b688c8,Deta_Secretariat_Ecr,REPPART,5a0cadfa6be3647bbe1a3ee8
758,TRVGRP-REPREP-5966b688c8,Deta_Secretariat_Lec,REPPART,5a0cadfa6be3647bbe1a3eeb
759,TRVGRP-REPREP-5966b688c8,DPGP_PILOTAGE_Ecr,REPPART,5a0cadfa6be3647bbe1a3eee
760,TRVGRP-REPREP-5966b688c8,DPGP_PILOTAGE_LEC,REPPART,5a0cadfa6be3647bbe1a3ef1
761,TRVGRP-REPREP-5966b688c8,Fraude_Assurance_Ecr,REPPART,5a0cadfa6be3647bbe1a3ef4
762,TRVGRP-REPREP-5966b688c8,Fraude_Assurance_Lec,REPPART,5a0cadfa6be3647bbe1a3ef7
763,TRVGRP-REPREP-5966b688c8,FORMATION_DOCUMENTATION_Lec,REPPART,5a0cadfa6be3647bbe1a3efa
764,TRVGRP-REPREP-5966b688c8,FORMATION_DOCUMENTATION_Ecr,REPPART,5a0cadfa6be3647bbe1a3efd
765,TRVGRP-REPREP-5966b688c8,Comite_Technique_Lec,REPPART,5a0cadfa6be3647bbe1a3f00
766,TRVGRP-REPREP-5966b688c8,Comite_Technique_Ecr,REPPART,5a0cadfa6be3647bbe1a3f03
767,TRVGRP-REPREP-5966b688c8,Ficovie_Ecr,REPPART,5a0cadfa6be3647bbe1a3f06
768,TRVGRP-REPREP-5966b688c8,Ficovie_Lec,REPPART,5a0cadfa6be3647bbe1a3f09
769,TRVGRP-REPREP-5966b688c8,Direction_Mutex_Lec,REPPART,5a0cadfa6be3647bbe1a3f0c
770,TRVGRP-REPREP-5966b688c8,Direction_Mutex_Ecr,REPPART,5a0cadfa6be3647bbe1a3f0f
771,TRVGRP-REPREP-5966b688c8,Direction_Financiere_Ecr,REPPART,5a0cadfa6be3647bbe1a3f12
772,TRVGRP-REPREP-5966b688c8,Direction_Financiere_Lec,REPPART,5a0cadfa6be3647bbe1a3f15
773,TRVGRP-REPREP-5966b688c8,Contentieux_Incident_Lec,REPPART,5a0cadfa6be3647bbe1a3f18
774,TRVGRP-REPREP-5966b688c8,Contentieux_Incident_Ecr,REPPART,5a0cadfa6be3647bbe1a3f1b
775,TRVGRP-REPREP-5966b688c8,G_Trait_Masse_Ecr,REPPART,5a0cadfa6be3647bbe1a3f20
776,TRVGRP-REPREP-5966b688c8,Barometre_Satisfaction_Mutuelles_Ecr,REPPART,5a0cadfa6be3647bbe1a3f23
777,TRVGRP-REPREP-5966b688c8,Barometre_Satisfaction_Mutuelles_Lec,REPPART,5a0cadfa6be3647bbe1a3f26
778,TRVGRP-REPREP-5966b688c8,Gestion_CTLmed_PFE_Lec,REPPART,5a0cadfa6be3647bbe1a3f29
779,TRVGRP-REPREP-5966b688c8,Gestion_CTLmed_PFE_Ecr,REPPART,5a0cadfa6be3647bbe1a3f2c
780,TRVGRP-REPREP-5966b688c8,COURTAGE_2017_Lec,REPPART,5a0cadfa6be3647bbe1a3f2f
781,TRVGRP-REPREP-5966b688c8,COURTAGE_2017_Ecr,REPPART,5a0cadfa6be3647bbe1a3f32
782,TRVGRP-REPREP-5966b688c8,FONCTION_ACTUARIELLE_Ecr,REPPART,5a0cadfa6be3647bbe1a3f35
783,TRVGRP-REPREP-5966b688c8,FONCTION_ACTUARIELLE_Lec,REPPART,5a0cadfa6be3647bbe1a3f38
784,TRVGRP-REPREP-5966b688c8,WEBCONF_19Janvier2017_Ecr,REPPART,5a0cadfa6be3647bbe1a3f3b
785,TRVGRP-REPREP-5966b688c8,WEBCONF_19Janvier2017_Lec,REPPART,5a0cadfa6be3647bbe1a3f3e
786,TRVGRP-REPREP-5966b688c8,Dep_ESS_Ecr,REPPART,5a0cadfa6be3647bbe1a3f41
787,TRVGRP-REPREP-5966b688c8,Dep_ESS_Lec,REPPART,5a0cadfa6be3647bbe1a3f44
788,TRVGRP-REPSav-464d65a9d7,Leprix,REPPART,5a0cadfa6be3647bbe1a3f52
789,TRVGRP-REPSav-464d65a9d7,Hompert,REPPART,5a0cadfa6be3647bbe1a3f55
790,TRVGRP-REPSav-464d65a9d7,Abbassi,REPPART,5a0cadfa6be3647bbe1a3f58
791,TRVGRP-REPSav-464d65a9d7,Martinc,REPPART,5a0cadfa6be3647bbe1a3f5b
792,TRVGRP-REPSav-464d65a9d7,Lvitre,REPPART,5a0cadfa6be3647bbe1a3f5e
793,TRVGRP-REPSav-464d65a9d7,Oger,REPPART,5a0cadfa6be3647bbe1a3f61
794,TRVGRP-REPSav-464d65a9d7,Levalet,REPPART,5a0cadfa6be3647bbe1a3f64
795,TRVGRP-REPSav-464d65a9d7,Manjard,REPPART,5a0cadfa6be3647bbe1a3f69
796,TRVGRP-REPSav-464d65a9d7,Gougeon,REPPART,5a0cadfa6be3647bbe1a3f6c
797,TRVGRP-REPSav-464d65a9d7,Johan,REPPART,5a0cadfa6be3647bbe1a3f6f
798,TRVGRP-REPSav-464d65a9d7,Bourrutlacouture,REPPART,5a0cadfa6be3647bbe1a3f72
799,TRVGRP-REPSav-464d65a9d7,Petit-Imbert,REPPART,5a0cadfa6be3647bbe1a3f7b
800,TRVGRP-REPSav-464d65a9d7,Bywalska,REPPART,5a0cadfa6be3647bbe1a3f7e
801,TRVGRP-REPSav-464d65a9d7,Poisson,REPPART,5a0cadfa6be3647bbe1a3f81
802,TRVGRP-REPSav-464d65a9d7,Baque,REPPART,5a0cadfa6be3647bbe1a3f88
803,TRVGRP-REPSav-464d65a9d7,Amdiallo,REPPART,5a0cadfa6be3647bbe1a3f8b
804,TRVGRP-REPSav-464d65a9d7,Ganfoud,REPPART,5a0cadfa6be3647bbe1a3f8e
805,TRVGRP-REPSav-464d65a9d7,Manca,REPPART,5a0cadfa6be3647bbe1a3f91
806,TRVGRP-REPSav-464d65a9d7,Damany,REPPART,5a0cadfa6be3647bbe1a3f94
807,TRVGRP-REPREPDPG-614a3d14b5,NT-Orsyp,REPPART,5a0cadfa6be3647bbe1a3fad
808,TRVGRP-REPSavD_2-46e20b001e,Handa,REPPART,5a0cadfa6be3647bbe1a3fb4
809,TRVGRP-REPSavD_2-6b8c1be308,Damany,REPPART,5a0cadfa6be3647bbe1a3fcf
810,TRVGRP-REP-26a12088a8,TRVGRP-REPAcc-2ed7880882,REPPART,5a0cadfa6be3647bbe1a3fd3
811,TRVGRP-REP-26a12088a8,TRVGRP-REPASD-265123c02f,REPPART,5a0cadfa6be3647bbe1a3fd7
812,TRVGRP-REP-26a12088a8,TRVGRP-REPCOM-7c7af72f94,REPPART,5a0cadfa6be3647bbe1a3fdb
813,TRVGRP-REPCOM-7c7af72f94,TRVGRP-REPCOMUNP-ff644a3e13,REPPART,5a0cadfa6be3647bbe1a3fdf
814,TRVGRP-REP-26a12088a8,TRVGRP-REPDSI-24254bff3f,REPPART,5a0cadfa6be3647bbe1a3fe3
815,TRVGRP-REP-26a12088a8,TRVGRP-REPMUT-789b3de052,REPPART,5a0cadfa6be3647bbe1a3fe7
816,TRVGRP-REP-26a12088a8,TRVGRP-REPPRO-6bef2dde46,REPPART,5a0cadfa6be3647bbe1a3feb
817,TRVGRP-REP-26a12088a8,TRVGRP-REPREP-82e4e4845f,REPPART,5a0cadfa6be3647bbe1a3fef
818,TRVGRP-REP-26a12088a8,TRVGRP-REPREP-38b6d17d72,REPPART,5a0cadfa6be3647bbe1a3ff3
819,TRVGRP-REPREP-38b6d17d72,TRVGRP-REPREPdrh-f787483879,REPPART,5a0cadfa6be3647bbe1a3ff7
820,TRVGRP-REPREPdrh-f787483879,TRVGRP-REPREPdrhdes-c588e0edf7,REPPART,5a0cadfa6be3647bbe1a3ffb
821,TRVGRP-REPREPSIGSI MisHot-38231dfec3,TRVGRP-REPREPSIGSI MisHotSP3-688e3e5d7d,REPPART,5a0cadfb6be3647bbe1a3fff
822,TRVGRP-REPREPSIGSI Mis-16051bd8d5,TRVGRP-REPREPSIGSI MisHot-38231dfec3,REPPART,5a0cadfb6be3647bbe1a4003
823,TRVGRP-REPREPSIGSI -9d36172907,TRVGRP-REPREPSIGSI Mis-16051bd8d5,REPPART,5a0cadfb6be3647bbe1a4007
824,TRVGRP-REPREPSIG-61fda7a12f,TRVGRP-REPREPSIGSI -9d36172907,REPPART,5a0cadfb6be3647bbe1a400b
825,TRVGRP-REPREP-38b6d17d72,TRVGRP-REPREPSIG-61fda7a12f,REPPART,5a0cadfb6be3647bbe1a400f
826,TRVGRP-REPREPSIGSI MisRecPai-d567b0d547,TRVGRP-REPREPSIGSI MisRecPaiPED-a81cf53969,REPPART,5a0cadfb6be3647bbe1a4013
827,TRVGRP-REPREPSIGSI MisRec-58233571a0,TRVGRP-REPREPSIGSI MisRecPai-d567b0d547,REPPART,5a0cadfb6be3647bbe1a4017
828,TRVGRP-REPREPSIGSI Mis-16051bd8d5,TRVGRP-REPREPSIGSI MisRec-58233571a0,REPPART,5a0cadfb6be3647bbe1a401b
829,TRVGRP-REPREPSIGSI SuiLiv-68aef578da,TRVGRP-REPREPSIGSI SuiLivScr-1eab0f33f6,REPPART,5a0cadfb6be3647bbe1a401f
830,TRVGRP-REPREPSIGSI Sui-457623b441,TRVGRP-REPREPSIGSI SuiLiv-68aef578da,REPPART,5a0cadfb6be3647bbe1a4023
831,TRVGRP-REPREPSIGSI -9d36172907,TRVGRP-REPREPSIGSI Sui-457623b441,REPPART,5a0cadfb6be3647bbe1a4027
832,TRVGRP-REPREPVIEREAMis-e2b2ad30d8,TRVGRP-REPREPVIEREAMisTra-bed0f71eeb,REPPART,5a0cadfb6be3647bbe1a402b
833,TRVGRP-REPREPVIEREA-9704d9d9a3,TRVGRP-REPREPVIEREAMis-e2b2ad30d8,REPPART,5a0cadfb6be3647bbe1a402f
834,TRVGRP-REPREPVIE-a32486e085,TRVGRP-REPREPVIEREA-9704d9d9a3,REPPART,5a0cadfb6be3647bbe1a4033
835,TRVGRP-REPREP-5966b688c8,TRVGRP-REPREPVIE-a32486e085,REPPART,5a0cadfb6be3647bbe1a4037
836,TRVGRP-REP-26a12088a8,TRVGRP-REPREP-5966b688c8,REPPART,5a0cadfb6be3647bbe1a403b
837,TRVGRP-REPREP-5966b688c8,TRVGRP-REPREPDir-cf0dfe0ce2,REPPART,5a0cadfb6be3647bbe1a403f
838,TRVGRP-REPREPDir3 MRelLOGCR -6ab585258e,TRVGRP-REPREPDir3 MRelLOGCR REU-52286ad57e,REPPART,5a0cadfb6be3647bbe1a4043
839,TRVGRP-REPREPDir3 MRelLOG-c313dfa6ee,TRVGRP-REPREPDir3 MRelLOGCR -6ab585258e,REPPART,5a0cadfb6be3647bbe1a4047
840,TRVGRP-REPREPDir3 MRel-31eb2cc481,TRVGRP-REPREPDir3 MRelLOG-c313dfa6ee,REPPART,5a0cadfb6be3647bbe1a404b
841,TRVGRP-REPREPDir3 M-e0d0780376,TRVGRP-REPREPDir3 MRel-31eb2cc481,REPPART,5a0cadfb6be3647bbe1a404f
842,TRVGRP-REPREPDir-cf0dfe0ce2,TRVGRP-REPREPDir3 M-e0d0780376,REPPART,5a0cadfb6be3647bbe1a4053
843,TRVGRP-REPREPDir3 MMar-c810fb8b04,TRVGRP-REPREPDir3 MMarPl-da8073e5cc,REPPART,5a0cadfb6be3647bbe1a4057
844,TRVGRP-REPREPDir3 M-e0d0780376,TRVGRP-REPREPDir3 MMar-c810fb8b04,REPPART,5a0cadfb6be3647bbe1a405b
845,TRVGRP-REPREPDir-cf0dfe0ce2,TRVGRP-REPREPDir6 F-75d9a5e4e9,REPPART,5a0cadfb6be3647bbe1a405f
846,TRVGRP-REPREPEtu-a90cfb4ff9,TRVGRP-REPREPEtu01--cd17921dcb,REPPART,5a0cadfb6be3647bbe1a4063
847,TRVGRP-REPREP-5966b688c8,TRVGRP-REPREPEtu-a90cfb4ff9,REPPART,5a0cadfb6be3647bbe1a4067
848,TRVGRP-REPREP-5966b688c8,TRVGRP-REPREPGES-34b5e0e440,REPPART,5a0cadfb6be3647bbe1a406b
849,TRVGRP-REPREP-5966b688c8,TRVGRP-REPREPGES-2704d50f30,REPPART,5a0cadfb6be3647bbe1a406f
850,TRVGRP-REPREPGES-2704d50f30,TRVGRP-REPREPGES_Ch-55f3d778e8,REPPART,5a0cadfb6be3647bbe1a4073
851,TRVGRP-REPREPWOR-7d1c6d9741,TRVGRP-REPREPWORPRD-5a299d8633,REPPART,5a0cadfb6be3647bbe1a4077
852,TRVGRP-REPREP-5966b688c8,TRVGRP-REPREPWOR-7d1c6d9741,REPPART,5a0cadfb6be3647bbe1a407b
853,TRVGRP-REP-26a12088a8,TRVGRP-REPREP-798dd158b7,REPPART,5a0cadfb6be3647bbe1a407f
854,TRVGRP-REPREPMod-73400657c1,TRVGRP-REPREPModDoc-e74ad517ab,REPPART,5a0cadfb6be3647bbe1a4083
855,TRVGRP-REPREP-798dd158b7,TRVGRP-REPREPMod-73400657c1,REPPART,5a0cadfb6be3647bbe1a4087
856,TRVGRP-REP-26a12088a8,TRVGRP-REPREP-1c5c6dc42a,REPPART,5a0cadfb6be3647bbe1a408b
857,TRVGRP-REPREP-1c5c6dc42a,TRVGRP-REPREPAPP-efabfb25ec,REPPART,5a0cadfb6be3647bbe1a408f
858,TRVGRP-REP-26a12088a8,TRVGRP-REPSCH-dd542981e2,REPPART,5a0cadfb6be3647bbe1a4093
859,TRVGRP-REPREP-5966b688c8,TRVGRP-REPREPMUD-27a433f2de,REPPART,5a0cadfb6be3647bbe1a4097
860,TRVGRP-REPREPMEL-30ea28cecc,TRVGRP-REPREPMELDc-64c142b9f4,REPPART,5a0cadfb6be3647bbe1a409b
861,TRVGRP-REPREP-798dd158b7,TRVGRP-REPREPMEL-30ea28cecc,REPPART,5a0cadfb6be3647bbe1a409f
862,TRVGRP-REPPRO-6bef2dde46,TRVGRP-REPPROSID-18dc2a4cb8,REPPART,5a0cadfb6be3647bbe1a40a3
863,TRVGRP-REPREPSAA-0c1db55c2b,TRVGRP-REPREPSAA50.-3e083287d7,REPPART,5a0cadfb6be3647bbe1a40a7
864,TRVGRP-REPREP-38b6d17d72,TRVGRP-REPREPSAA-0c1db55c2b,REPPART,5a0cadfb6be3647bbe1a40ab
865,TRVGRP-REPREPDPG-614a3d14b5,TRVGRP-REPREPDPG09_-1cf430db35,REPPART,5a0cadfb6be3647bbe1a40af
866,TRVGRP-REPREP-5966b688c8,TRVGRP-REPREPDPG-614a3d14b5,REPPART,5a0cadfb6be3647bbe1a40b3
867,TRVGRP-REPSavD_2mednssREP-7b7acb4778,TRVGRP-REPSavD_2mednssREPREP-68c33f1cb0,REPPART,5a0cadfb6be3647bbe1a40b7
868,TRVGRP-REPSavD_2mednss-a22d94eb12,TRVGRP-REPSavD_2mednssREP-7b7acb4778,REPPART,5a0cadfb6be3647bbe1a40bb
869,TRVGRP-REPSavD_2med-1d23986b86,TRVGRP-REPSavD_2mednss-a22d94eb12,REPPART,5a0cadfb6be3647bbe1a40bf
870,TRVGRP-REPSavD_2-46e20b001e,TRVGRP-REPSavD_2med-1d23986b86,REPPART,5a0cadfb6be3647bbe1a40c3
871,TRVGRP-REPSav-464d65a9d7,TRVGRP-REPSavD_2-46e20b001e,REPPART,5a0cadfb6be3647bbe1a40c7
872,TRVGRP-REP-26a12088a8,TRVGRP-REPSav-464d65a9d7,REPPART,5a0cadfb6be3647bbe1a40cb
873,TRVGRP-REPSav-464d65a9d7,TRVGRP-REPSavD_2-37b83dcb9d,REPPART,5a0cadfb6be3647bbe1a40cf
874,TRVGRP-REPREPDir2 C2 G-48a36f6340,TRVGRP-REPREPDir2 C2 G1. -0edbd376ec,REPPART,5a0cadfb6be3647bbe1a40d3
875,TRVGRP-REPREPDir2 C-358742aa0b,TRVGRP-REPREPDir2 C2 G-48a36f6340,REPPART,5a0cadfb6be3647bbe1a40d7
876,TRVGRP-REPREPDir-cf0dfe0ce2,TRVGRP-REPREPDir2 C-358742aa0b,REPPART,5a0cadfb6be3647bbe1a40db
877,TRVGRP-REPSav-464d65a9d7,TRVGRP-REPSavD_2-6b8c1be308,REPPART,5a0cadfb6be3647bbe1a40df
