,TID,Version,Volume,_id,name,path,rights
0,539cbe34-5a00-11d7-9c-63-00065bf0bb66,2,VOLDATAG,5a67c1b62525b99975918ba9,.CN=LDRU.OU=COMPTABILITE.OU=BOLLORE.OU=PTX.O=GB1.T=CERAMIC_TREE.,/PUBLIC,rwcefm
1,539cbe2b-5a00-11d7-9c-63-00065bf0bb66,2,VOLDATAG,5a67c1b62525b99975918bab,.CN=SDGN.OU=COMPTABILITE.OU=BOLLORE.OU=PTX.O=GB1.T=CERAMIC_TREE.,/PUBLIC,rwcefm
2,539cbe3e-5a00-11d7-9c-63-00065bf0bb66,2,VOLDATAG,5a67c1b62525b99975918bad,.CN=BGDN.OU=COMPTABILITE.OU=BOLLORE.OU=PTX.O=GB1.T=CERAMIC_TREE.,/PUBLIC,rwcefm
3,9dc7f180-548c-11d7-9c-63-00065bf0bb66,2,VOLDATAG,5a67c1b62525b99975918baf,.CN=JFX667.OU=DSI.OU=BOLLORE.OU=PTX.O=GB1.T=CERAMIC_TREE.,/PUBLIC,rwcefm
4,539cbe41-5a00-11d7-9c-63-00065bf0bb66,2,VOLDATAG,5a67c1b62525b99975918bb1,.CN=POB818.OU=COMPTABILITE.OU=BOLLORE.OU=PTX.O=GB1.T=CERAMIC_TREE.,/PUBLIC,rwcefm
5,539cbe23-5a00-11d7-9c-63-00065bf0bb66,2,VOLDATAG,5a67c1b62525b99975918bb3,.CN=BBM545.OU=DIR-PARTICIPATIONS.OU=BOLLORE.OU=PTX.O=GB1.T=CERAMIC_TREE.,/ECHANGES/Cartographie des risques,rwcefm
6,539cbe17-5a00-11d7-9c-63-00065bf0bb66,2,VOLDATAG,5a67c1b62525b99975918bb5,.CN=EGX104.OU=JURIDIQUE.OU=BOLLORE.OU=PTX.O=GB1.T=CERAMIC_TREE.,/ECHANGES/Cartographie des risques,rwcefm
7,d4f45080-5a00-11d7-9c-63-00065bf0bb66,2,VOLDATAG,5a67c1b62525b99975918bb7,.CN=FPB615.OU=ASSURANCES.OU=BOLLORE.OU=PTX.O=GB1.T=CERAMIC_TREE.,/ECHANGES/Cartographie des risques,rwcefm
8,7ccd2e80-055a-11dd-b3-9c-00065bf7dbc8,2,VOLDATAG,5a67c1b62525b99975918bb9,.CN=UHL214.OU=TRESORERIE.OU=BOLLORE.OU=PTX.O=GB1.T=CERAMIC_TREE.,/ECHANGES/Cartographie des risques,rwcefm
9,9d87bd00-26ac-11da-bb-e4-00c09f2354bb,2,VOLDATAG,5a67c1b62525b99975918bbb,.CN=CTRL_FISCAL.OU=GROUPES.OU=BOLLORE.OU=PTX.O=GB1.T=CERAMIC_TREE.,/APPLIS/CTRL_FISCAL,rwcefm
10,78483486-7b48-11d9-9c-64-00065bf0bb66,2,VOLDATAG,5a67c1b62525b99975918bbf,.CN=GRETAR_APP.OU=GROUPES.OU=BOLLORE.OU=PTX.O=GB1.T=CERAMIC_TREE.,/APPLIS/GRETAR_DB,rwcefm
11,5ac94be3-2711-4598-49-90-e34bc95a1127,2,VOLDATAG,5a67c1b62525b99975918bc1,.CN=APPLIS-STUDIO-QUAL.OU=GROUPES.OU=BOLLORE.OU=PTX.O=GB1.T=CERAMIC_TREE.,/APPLIS/OLD/CIRSO,rwcefm
12,b4b6d7be-3d03-428c-1f-aa-bed7b6b4033d,2,VOLDATAG,5a67c1b62525b99975918bc3,.CN=APPLIS-STUDIO.OU=GROUPES.OU=BOLLORE.OU=PTX.O=GB1.T=CERAMIC_TREE.,/APPLIS/OLD/CIRSO,rwcefm
13,06094d80-988b-11da-bb-e4-00c09f2354bb,2,VOLDATAG,5a67c1b62525b99975918bc5,.CN=ACHATS.OU=GROUPES.OU=BOLLORE.OU=PTX.O=GB1.T=CERAMIC_TREE.,/ECHANGES/Achats,rwcefm
14,e4429d0c-7773-42a9-eb-ac-0c9d42e47377,2,VOLDATAG,5a67c1b62525b99975918bc7,.CN=LXF256.OU=TRESORERIE.OU=BOLLORE.OU=PTX.O=GB1.T=CERAMIC_TREE.,/ECHANGES/Achats,rf
15,24b8ee00-d609-11da-b3-9a-00065bf7dbc8,2,VOLDATAG,5a67c1b62525b99975918bcb,.CN=ACHATS2.OU=GROUPES.OU=BOLLORE.OU=PTX.O=GB1.T=CERAMIC_TREE.,/ECHANGES/Achats2,rwcefm
16,7cd8b980-8608-11db-bd-da-00c09f2354bb,2,VOLDATAG,5a67c1b62525b99975918bcd,.CN=ANNUAIRE.OU=GROUPES.OU=BOLLORE.OU=PTX.O=GB1.T=CERAMIC_TREE.,/ECHANGES/ANNUAIRE,rwcefm
17,77af9e04-7b48-11d9-9c-64-00065bf0bb66,2,VOLDATAG,5a67c1b62525b99975918bcf,.CN=ASSURANCES.OU=GROUPES.OU=BOLLORE.OU=PTX.O=GB1.T=CERAMIC_TREE.,/ECHANGES/ASSURANCES,rwcefm
18,d26f06e7-b748-4b02-37-af-e7066fd248b7,2,VOLDATAG,5a67c1b62525b99975918bd1,.CN=AUTOLIB.OU=GROUPES.OU=BOLLORE.OU=PTX.O=GB1.T=CERAMIC_TREE.,/ECHANGES/AUTOLIB,rwcefm
19,77579fb8-74a7-4584-49-87-b89f5777a774,2,VOLDATAG,5a67c1b62525b99975918bd3,.CN=BFR.OU=GROUPES.OU=BOLLORE.OU=PTX.O=GB1.T=CERAMIC_TREE.,/ECHANGES/BFR,rwcefm
20,77af9e07-7b48-11d9-9c-64-00065bf0bb66,2,VOLDATAG,5a67c1b62525b99975918bd5,.CN=BOLFOND.OU=GROUPES.OU=BOLLORE.OU=PTX.O=GB1.T=CERAMIC_TREE.,/ECHANGES/BOLFOND,rwcefm
21,9ffee9d0-c4cb-44e5-b7-a8-d0e9fe9fcbc4,2,VOLDATAG,5a67c1b62525b99975918bd9,.CN=Bollore-Media.OU=GROUPES.OU=BOLLORE.OU=PTX.O=GB1.T=CERAMIC_TREE.,/ECHANGES/BOLLOREMEDIA,rwcefm
22,2fe49dcc-f0b0-46b4-40-83-cc9de42fb0f0,2,VOLDATAG,5a67c1b62525b99975918bdd,.CN=BOLLOREMEDIADIGITAL.OU=GROUPES.OU=BOLLORE.OU=PTX.O=GB1.T=CERAMIC_TREE.,/ECHANGES/BOLLOREMEDIADIGITAL,rwcefm
23,d1ed867d-4eba-4b12-cb-a6-7d86edd1ba4e,2,VOLDATAG,5a67c1b62525b99975918bdf,.CN=BOLLOREMEDIAREGIE.OU=GROUPES.OU=BOLLORE.OU=PTX.O=GB1.T=CERAMIC_TREE.,/ECHANGES/BOLLOREMEDIAREGIE,rwceafm
24,77af9e0b-7b48-11d9-9c-64-00065bf0bb66,2,VOLDATAG,5a67c1b62525b99975918be1,.CN=CAPA_USERS.OU=GROUPES.OU=BOLLORE.OU=PTX.O=GB1.T=CERAMIC_TREE.,/ECHANGES/CAPA,rwcefm
25,77af9e0e-7b48-11d9-9c-64-00065bf0bb66,2,VOLDATAG,5a67c1b62525b99975918be5,.CN=CGES.OU=GROUPES.OU=BOLLORE.OU=PTX.O=GB1.T=CERAMIC_TREE.,/ECHANGES/CGES,rwcefm
26,88b75dc4-f5d4-4b90-75-9f-c45db788d4f5,2,VOLDATAG,5a67c1b62525b99975918be7,.CN=CONSO_USER.OU=CONSOLIDATION.OU=BOLLORE.OU=PTX.O=GB1.T=CERAMIC_TREE.,/ECHANGES/CGES,rf
27,786827b7-bd9c-4c39-b1-ba-b72768789cbd,2,VOLDATAG,5a67c1b62525b99975918be9,.CN=s_cdm.OU=CONSOLIDATION.OU=BOLLORE.OU=PTX.O=GB1.T=CERAMIC_TREE.,/ECHANGES/CGES,rafm
28,77af9e11-7b48-11d9-9c-64-00065bf0bb66,2,VOLDATAG,5a67c1b62525b99975918bed,.CN=CLUB.OU=GROUPES.OU=BOLLORE.OU=PTX.O=GB1.T=CERAMIC_TREE.,/ECHANGES/CLUB,rwcefm
29,77af9e12-7b48-11d9-9c-64-00065bf0bb66,2,VOLDATAG,5a67c1b62525b99975918bef,.CN=COMM_BT.OU=GROUPES.OU=BOLLORE.OU=PTX.O=GB1.T=CERAMIC_TREE.,/ECHANGES/COMMBT,rwcefm
30,77af9e14-7b48-11d9-9c-64-00065bf0bb66,2,VOLDATAG,5a67c1b62525b99975918bf3,.CN=COMPTA_USERS.OU=GROUPES.OU=BOLLORE.OU=PTX.O=GB1.T=CERAMIC_TREE.,/ECHANGES/COMPTA,rwcefm
31,77af9e15-7b48-11d9-9c-64-00065bf0bb66,2,VOLDATAG,5a67c1b62525b99975918bf5,.CN=COMPTA_USERS_ADMIN.OU=GROUPES.OU=BOLLORE.OU=PTX.O=GB1.T=CERAMIC_TREE.,/ECHANGES/COMPTA,rwcefm
32,77af9e10-7b48-11d9-9c-64-00065bf0bb66,2,VOLDATAG,5a67c1b62525b99975918bf9,.CN=CONSO.OU=GROUPES.OU=BOLLORE.OU=PTX.O=GB1.T=CERAMIC_TREE.,/ECHANGES/CONSO,rwcefm
33,88b75dc4-f5d4-4b90-75-9f-c45db788d4f5,2,VOLDATAG,5a67c1b62525b99975918bfb,.CN=CONSO_USER.OU=CONSOLIDATION.OU=BOLLORE.OU=PTX.O=GB1.T=CERAMIC_TREE.,/ECHANGES/CONSO,rf
34,786827b7-bd9c-4c39-b1-ba-b72768789cbd,2,VOLDATAG,5a67c1b62525b99975918bfd,.CN=s_cdm.OU=CONSOLIDATION.OU=BOLLORE.OU=PTX.O=GB1.T=CERAMIC_TREE.,/ECHANGES/CONSO,rafm
35,f048da00-7ae4-11db-bd-da-00c09f2354bb,2,VOLDATAG,5a67c1b62525b99975918c01,.CN=DIRECTMATIN.OU=GROUPES.OU=BOLLORE.OU=PTX.O=GB1.T=CERAMIC_TREE.,/ECHANGES/DIRECTMATIN,
36,d36e5b51-297a-4122-63-98-515b6ed37a29,2,VOLDATAG,5a67c1b62525b99975918c03,.CN=DirectMalin.OU=GROUPES.OU=BOLLORE.OU=PTX.O=GB1.T=CERAMIC_TREE.,/ECHANGES/DIRECTMATIN,
37,77af9e18-7b48-11d9-9c-64-00065bf0bb66,2,VOLDATAG,5a67c1b62525b99975918c05,.CN=DIRGENE_USERS.OU=GROUPES.OU=BOLLORE.OU=PTX.O=GB1.T=CERAMIC_TREE.,/ECHANGES/DIRGENE,rwcefm
38,2aa38100-bd76-11da-bc-23-bc304ddc3f5f,2,VOLDATAG,5a67c1b62525b99975918c07,.CN=DISTRIB-PRESSE.OU=GROUPES.OU=BOLLORE.OU=PTX.O=GB1.T=CERAMIC_TREE.,/ECHANGES/DISTRIB-PRESSE,rwcefm
39,936ae674-f1c4-4365-8d-93-74e66a93c4f1,2,VOLDATAG,5a67c1b62525b99975918c09,.CN=DISTRIB-PRESS-USERS.OU=GROUPES.OU=BOLLORE.OU=PTX.O=GB1.T=CERAMIC_TREE.,/ECHANGES/DISTRIB-PRESSE,rf
40,5d657a3c-41db-4d36-fc-95-3c7a655ddb41,2,VOLDATAG,5a67c1b62525b99975918c0f,.CN=DRH_HOLDING.OU=GROUPES.OU=BOLLORE.OU=PTX.O=GB1.T=CERAMIC_TREE.,/ECHANGES/DRH Holding,rwcefm
41,7848349a-7b48-11d9-9c-64-00065bf0bb66,2,VOLDATAG,5a67c1b62525b99975918c13,.CN=DSI.OU=GROUPES.OU=BOLLORE.OU=PTX.O=GB1.T=CERAMIC_TREE.,/ECHANGES/DSI,rwcefm
42,78483480-7b48-11d9-9c-64-00065bf0bb66,2,VOLDATAG,5a67c1b62525b99975918c15,.CN=FORMATIONS.OU=GROUPES.OU=BOLLORE.OU=PTX.O=GB1.T=CERAMIC_TREE.,/ECHANGES/FORMATIO,rwcefm
43,78483488-7b48-11d9-9c-64-00065bf0bb66,2,VOLDATAG,5a67c1b62525b99975918c19,.CN=IADBT.OU=GROUPES.OU=BOLLORE.OU=PTX.O=GB1.T=CERAMIC_TREE.,/ECHANGES/IADBT,rwcefm
44,23cfd1d1-e011-4602-09-92-d1d1cf2311e0,2,VOLDATAG,5a67c1b62525b99975918c1b,.CN=IMMOBILIER.OU=GROUPES.OU=BOLLORE.OU=PTX.O=GB1.T=CERAMIC_TREE.,/ECHANGES/IMMOBILIER,rwcefm
45,c5bb5b88-7f9c-4df2-41-b3-885bbbc59c7f,2,VOLDATAG,5a67c1b62525b99975918c1d,.CN=INTERNET.OU=GROUPES.OU=BOLLORE.OU=PTX.O=GB1.T=CERAMIC_TREE.,/ECHANGES/INTERNET,rwcefm
46,77af9e00-7b48-11d9-9c-64-00065bf0bb66,2,VOLDATAG,5a67c1b62525b99975918c1f,.CN=JUR_FIS_IND.OU=GROUPES.OU=BOLLORE.OU=PTX.O=GB1.T=CERAMIC_TREE.,/ECHANGES/JUR_FIS_IND,rwcefm
47,7848348e-7b48-11d9-9c-64-00065bf0bb66,2,VOLDATAG,5a67c1b62525b99975918c23,.CN=MAC_MAHON_USERS.OU=GROUPES.OU=BOLLORE.OU=PTX.O=GB1.T=CERAMIC_TREE.,/ECHANGES/MAC MAHON,rwcefm
48,0eeaa900-0875-44ec-16-84-00a9ea0e7508,2,VOLDATAG,5a67c1b62525b99975918c25,.CN=L_BOL_PTX_FILR_MAC MAHON.OU=GROUPES.OU=BOLLORE.OU=PTX.O=GB1.T=CERAMIC_TREE.,/ECHANGES/MAC MAHON,rwcefm
49,a7edbb80-101e-11db-aa-ce-b7762bc1d13f,2,VOLDATAG,5a67c1b62525b99975918c29,.CN=NETTING.OU=GROUPES.OU=BOLLORE.OU=PTX.O=GB1.T=CERAMIC_TREE.,/ECHANGES/NETTING,rwcefm
50,956e9a0a-b490-4c37-8b-80-0a9a6e9590b4,2,VOLDATAG,5a67c1b62525b99975918c2b,.CN=PARTICIPATION.OU=GROUPES.OU=BOLLORE.OU=PTX.O=GB1.T=CERAMIC_TREE.,/ECHANGES/Participations,rwcefm
51,78483491-7b48-11d9-9c-64-00065bf0bb66,2,VOLDATAG,5a67c1b62525b99975918c2d,.CN=REUTER_USERS.OU=GROUPES.OU=BOLLORE.OU=PTX.O=GB1.T=CERAMIC_TREE.,/ECHANGES/REUTER,rwcefm
52,fd8fb400-dd92-11dd-a0-f5-0019b9c3666e,2,VOLDATAG,5a67c1b62525b99975918c2f,.CN=SANTE.OU=GROUPES.OU=BOLLORE.OU=PTX.O=GB1.T=CERAMIC_TREE.,/ECHANGES/SANTE,rwcefm
53,78483495-7b48-11d9-9c-64-00065bf0bb66,2,VOLDATAG,5a67c1b62525b99975918c31,.CN=SDV-ACHATS.OU=GROUPES.OU=BOLLORE.OU=PTX.O=GB1.T=CERAMIC_TREE.,/ECHANGES/SDVACHAT,rwcefm
54,7848349f-7b48-11d9-9c-64-00065bf0bb66,2,VOLDATAG,5a67c1b62525b99975918c35,.CN=TITRES_USERS.OU=GROUPES.OU=BOLLORE.OU=PTX.O=GB1.T=CERAMIC_TREE.,/ECHANGES/Titres,rwcefm
55,78483481-7b48-11d9-9c-64-00065bf0bb66,2,VOLDATAG,5a67c1b62525b99975918c39,.CN=TRESORERIE.OU=GROUPES.OU=BOLLORE.OU=PTX.O=GB1.T=CERAMIC_TREE.,/ECHANGES/TRESORERIE,rwcefm
56,784834a0-7b48-11d9-9c-64-00065bf0bb66,2,VOLDATAG,5a67c1b62525b99975918c3d,.CN=UNICAF.OU=GROUPES.OU=BOLLORE.OU=PTX.O=GB1.T=CERAMIC_TREE.,/ECHANGES/UNICAF,rwcefm
57,c546e04e-5693-41fa-6a-82-4ee046c59356,2,VOLDATAG,5a67c1b62525b99975918c41,.CN=DIR_PART_ADSG.OU=GROUPES.OU=BOLLORE.OU=PTX.O=GB1.T=CERAMIC_TREE.,/ECHANGES/ADSG,rwcefm
58,a140012f-e962-456f-cb-a3-2f0140a162e9,2,VOLDATAG,5a67c1b62525b99975918c45,.CN=EARTHTALENT.OU=GROUPES.OU=BOLLORE.OU=PTX.O=GB1.T=CERAMIC_TREE.,/ECHANGES/EARTHTALENT,rwcefm
59,0edb177a-2208-40ee-d5-bb-7a17db0e0822,2,VOLDATAG,5a67c1b62525b99975918c47,.CN=IPO.OU=GROUPES.OU=BOLLORE.OU=PTX.O=GB1.T=CERAMIC_TREE.,/ECHANGES/IPO_OLD,
60,a6fa245e-abc5-4f39-ac-88-5e24faa6c5ab,2,VOLDATAG,5a67c1b62525b99975918c49,.CN=FMS.OU=GROUPES.OU=BOLLORE.OU=PTX.O=GB1.T=CERAMIC_TREE.,/ECHANGES/FMS,rwceafm
61,77af9e1d-7b48-11d9-9c-64-00065bf0bb66,2,VOLDATAG,5a67c1b62525b99975918c4b,.CN=Films.OU=GROUPES.OU=BOLLORE.OU=PTX.O=GB1.T=CERAMIC_TREE.,/ECHANGES/FMS,rf
62,1ba36a5a-5089-4a40-49-9d-5a6aa31b8950,2,VOLDATAG,5a67c1b62525b99975918c4d,.CN=DIRGENE1_USERS.OU=GROUPES.OU=BOLLORE.OU=PTX.O=GB1.T=CERAMIC_TREE.,/ECHANGES/DIRGENE_1,rwcefm
63,e75a874e-43f2-4df3-bb-a5-4e875ae7f243,2,VOLDATAG,5a67c1b62525b99975918c4f,.CN=RESERVATION_4EME.OU=GROUPES.OU=BOLLORE.OU=PTX.O=GB1.T=CERAMIC_TREE.,/ECHANGES/Salle de réunion 4e,rwcefm
64,6d662c00-759d-11dc-84-f0-00c09f2354bb,2,VOLDATAG,5a67c1b62525b99975918c51,.CN=BERNIER.OU=GROUPES.OU=BOLLORE.OU=PTX.O=GB1.T=CERAMIC_TREE.,/ECHANGES/Bernier,rwcefm
65,b737cb00-a302-11da-bb-e4-00c09f2354bb,2,VOLDATAG,5a67c1b62525b99975918c53,.CN=SECGENERAL.OU=GROUPES.OU=BOLLORE.OU=PTX.O=GB1.T=CERAMIC_TREE.,/ECHANGES/SecGeneral,rwcefm
66,d16b0c80-cd90-11db-be-66-00c09f2354bb,2,VOLDATAG,5a67c1b62525b99975918c55,.CN=IUP252.OU=DIR-GENERALE.OU=BOLLORE.OU=PTX.O=GB1.T=CERAMIC_TREE.,/ECHANGES/CHAVANES,rwcefm
67,539cbe1b-5a00-11d7-9c-63-00065bf0bb66,2,VOLDATAG,5a67c1b62525b99975918c57,.CN=AYT425.OU=DIR-GENERALE.OU=BOLLORE.OU=PTX.O=GB1.T=CERAMIC_TREE.,/ECHANGES/CHAVANES,rwcefm
68,659b3d65-ed21-434a-4e-80-653d9b6521ed,2,VOLDATAG,5a67c1b62525b99975918c59,.CN=ELITES.OU=GROUPES.OU=BOLLORE.OU=PTX.O=GB1.T=CERAMIC_TREE.,/ECHANGES/Elites,rwcefm
69,77af9e03-7b48-11d9-9c-64-00065bf0bb66,2,VOLDATAG,5a67c1b62525b99975918c5b,.CN=IRIS.OU=GROUPES.OU=BOLLORE.OU=PTX.O=GB1.T=CERAMIC_TREE.,/ECHANGES/IRIS_OLD,
70,3af62d9f-1696-4ef5-d2-a4-9f2df63a9616,2,VOLDATAG,5a67c1b62525b99975918c5d,.CN=IRIS_ADM_ALL.OU=GROUPES.OU=BOLLORE.OU=PTX.O=GB1.T=CERAMIC_TREE.,/ECHANGES/IRIS_OLD,
71,5b668f76-e376-4482-0c-92-768f665b76e3,2,VOLDATAG,5a67c1b62525b99975918c5f,.CN=DEMENAGEMENT.OU=GROUPES.OU=BOLLORE.OU=PTX.O=GB1.T=CERAMIC_TREE.,/ECHANGES/Déménagements TB été 2015,rwcefm
72,0fdb5e6d-7713-4eb9-29-b5-6d5edb0f1377,2,VOLDATAG,5a67c1b62525b99975918c63,.CN=RelationsInvestisseurs.OU=GROUPES.OU=BOLLORE.OU=PTX.O=GB1.T=CERAMIC_TREE.,/ECHANGES/RelationsInvestisseurs,rwcefm
73,6b5fd52c-5b60-4512-71-99-2cd55f6b605b,2,VOLDATAG,5a67c1b62525b99975918c65,.CN=DirectionFinanciere.OU=GROUPES.OU=BOLLORE.OU=PTX.O=GB1.T=CERAMIC_TREE.,/ECHANGES/DirectionFinanciere,rwcefm
74,647cd0c4-86d0-4f27-eb-99-c4d07c64d086,2,VOLDATAG,5a67c1b62525b99975918c67,.CN=TARIFSMATERIEL.OU=GROUPES.OU=BOLLORE.OU=PTX.O=GB1.T=CERAMIC_TREE.,/ECHANGES/Tarifs_Materiel,rwf
75,7db63d3c-2e97-4c93-12-a3-3c3db67d972e,2,VOLDATAG,5a67c1b62525b99975918c69,.CN=TARIFSMATERIELALL.OU=GROUPES.OU=BOLLORE.OU=PTX.O=GB1.T=CERAMIC_TREE.,/ECHANGES/Tarifs_Materiel,rwcefm
76,0edb177a-2208-40ee-d5-bb-7a17db0e0822,2,VOLDATAG,5a67c1b62525b99975918c6b,.CN=IPO.OU=GROUPES.OU=BOLLORE.OU=PTX.O=GB1.T=CERAMIC_TREE.,/ECHANGES/IPO,rwcefm
77,3662f2e1-5849-4891-33-97-e1f262364958,2,VOLDATAG,5a67c1b62525b99975918c6d,.CN=BLUE-SOLUTION-DAF.OU=GROUPES.OU=BOLLORE.OU=PTX.O=GB1.T=CERAMIC_TREE.,/ECHANGES/BLUE SOLUTIONS DAF,rwcefm
78,6a3ba500-3ce6-11db-b9-f7-00c09f2354bb,2,VOLDATAG,5a67c1b62525b99975918c6f,.CN=QIA742.OU=BOLLOREMEDIA.OU=MEDIA.OU=PTX.O=GB1.T=CERAMIC_TREE.,/ECHANGES/BLUE SOLUTIONS DAF,rwcefm
79,a37aeb80-7716-11dc-b3-9c-00065bf7dbc8,2,VOLDATAG,5a67c1b62525b99975918c71,.CN=GBF915.OU=BOLLOREMEDIA.OU=MEDIA.OU=PTX.O=GB1.T=CERAMIC_TREE.,/ECHANGES/BLUE SOLUTIONS DAF,rwcefm
80,e772f07e-158f-42c9-84-8b-7ef072e78f15,2,VOLDATAG,5a67c1b62525b99975918c73,.CN=FMB335.OU=CONSOLIDATION.OU=BOLLORE.OU=PTX.O=GB1.T=CERAMIC_TREE.,/ECHANGES/BLUE SOLUTIONS DAF,rwcefm
81,1146edd9-1d3d-4efe-f9-9d-d9ed46113d1d,2,VOLDATAG,5a67c1b62525b99975918c75,.CN=L_BOL_PTX_FILR_BluesolutionDaf.OU=GROUPES.OU=BOLLORE.OU=PTX.O=GB1.T=CERAMIC_TREE.,/ECHANGES/BLUE SOLUTIONS DAF,rwcefm
82,935d2eb5-fe9a-4594-ea-8c-b52e5d939afe,2,VOLDATAG,5a67c1b62525b99975918c77,.CN=MIDDLE_OFFICE_INDUSTRY.OU=GROUPES.OU=BOLLORE.OU=PTX.O=GB1.T=CERAMIC_TREE.,/ECHANGES/MIDDLE OFFICE INDUSTRY,rwceafm
83,22adc052-c7aa-440a-b3-9c-52c0ad22aac7,2,VOLDATAG,5a67c1b62525b99975918c79,.CN=SERVEUR_AEG_DELOITTE_CONSO.OU=GROUPES.OU=BOLLORE.OU=PTX.O=GB1.T=CERAMIC_TREE.,/ECHANGES/SERVEUR AEG DELOITTE CONSO,rwcefm
84,310070b0-54f2-4798-9b-b2-b0700031f254,2,VOLDATAG,5a67c1b62525b99975918c7b,.CN=L_BOL_PTX_FILR_IFRS15.OU=GROUPES.OU=BOLLORE.OU=PTX.O=GB1.T=CERAMIC_TREE.,/ECHANGES/Contrats Clients IFRS15,rwcefm
85,9e8eaa6b-c0e9-4d73-7d-98-6baa8e9ee9c0,2,VOLDATAG,5a67c1b62525b99975918c7d,.CN=L_BOL_PTX_FILR_Collectes IFC et NRE.OU=GROUPES.OU=BOLLORE.OU=PTX.O=GB1.T=CERAMIC_TREE.,/ECHANGES/Collectes IFC et NRE,rwcefm
86,ce37113d-14e7-4522-05-9e-3d1137cee714,2,VOLDATAG,5a67c1b62525b99975918c7f,.CN=G_Echange_Communication Groupe.OU=GROUPES.OU=BOLLORE.OU=PTX.O=GB1.T=CERAMIC_TREE.,/ECHANGES/COM GROUPE BOLLORE,rwcefm
87,3af62d9f-1696-4ef5-d2-a4-9f2df63a9616,2,VOLDATAG,5a67c1b62525b99975918c81,.CN=IRIS_ADM_ALL.OU=GROUPES.OU=BOLLORE.OU=PTX.O=GB1.T=CERAMIC_TREE.,/ECHANGES/IRIS,rwcefm
88,77af9e03-7b48-11d9-9c-64-00065bf0bb66,2,VOLDATAG,5a67c1b62525b99975918c83,.CN=IRIS.OU=GROUPES.OU=BOLLORE.OU=PTX.O=GB1.T=CERAMIC_TREE.,/ECHANGES/IRIS,rwcefm
89,690bf5ce-7b99-48fa-03-ac-cef50b69997b,2,VOLDATAG,5a67c1b62525b99975918c85,.CN=G_UPSLIDE.OU=GROUPES.OU=BOLLORE.OU=PTX.O=GB1.T=CERAMIC_TREE.,/ECHANGES/Upslide,rwcefm
90,f87d8992-f3d4-4c7c-60-86-92897df8d4f3,2,VOLDATAG,5a67c1b62525b99975918c87,.CN=G_ZCM_NOTES ANALYSTES.OU=GROUPES.OU=BOLLORE.OU=PTX.O=GB1.T=CERAMIC_TREE.,/ECHANGES/Notes analystes,rwcefm
91,ba20f500-8c61-11db-b3-9b-00065bf7dbc8,2,VOLDATAG,5a67c1b62525b99975918c89,.CN=EYR192.OU=MATINPLUS.OU=MEDIA.OU=PTX.O=GB1.T=CERAMIC_TREE.,/ECHANGES/Coscas,rwcefm
92,a8e02a01-c4e4-4668-42-b3-012ae0a8e4c4,2,VOLDATAG,5a67c1b62525b99975918c8b,.CN=OMJ895.OU=DRH-GROUPE.OU=BOLLORE.OU=PTX.O=GB1.T=CERAMIC_TREE.,/ECHANGES/ANCIEN_H_FAVRE,rwcefm
93,8e86474b-4bba-45a4-c1-b5-4b47868eba4b,2,VOLDATAG,5a67c1b62525b99975918c8d,.CN=YFW675.OU=DRH-GROUPE.OU=BOLLORE.OU=PTX.O=GB1.T=CERAMIC_TREE.,/ECHANGES/ANCIEN_H_FAVRE,rwcefm
94,35154ca3-926c-49a2-f4-89-a34c15356c92,2,VOLDATAG,5a67c1b62525b99975918c8f,.CN=G_Groupebollore.OU=GROUPES.OU=BOLLORE.OU=PTX.O=GB1.T=CERAMIC_TREE.,/ECHANGES/GroupeBolloré,rwcefm
95,5d63f200-3a40-11da-bb-e4-00c09f2354bb,2,VOLDATAG,5a67c1b62525b99975918c91,.CN=HCMN.OU=DIR-ACHATS.OU=BOLLORE.OU=PTX.O=GB1.T=CERAMIC_TREE.,/ECHANGES/Achats/LUCILE,rwcefm
96,94490701-5a01-11d7-9c-63-00065bf0bb66,2,VOLDATAG,5a67c1b62525b99975918c93,.CN=PLNY.OU=FONDATION.OU=BOLLORE.OU=PTX.O=GB1.T=CERAMIC_TREE.,/ECHANGES/BOLFOND/Secretariat,rwcefm
97,539cbe09-5a00-11d7-9c-63-00065bf0bb66,2,VOLDATAG,5a67c1b62525b99975918c95,.CN=YBDN.OU=FONDATION.OU=BOLLORE.OU=PTX.O=GB1.T=CERAMIC_TREE.,/ECHANGES/BOLFOND/Secretariat,rwcefm
98,67aafbb4-2edd-4f1a-bd-ba-b4fbaa67dd2e,2,VOLDATAG,5a67c1b62525b99975918c97,.CN=TKO004.OU=FONDATION.OU=BOLLORE.OU=PTX.O=GB1.T=CERAMIC_TREE.,/ECHANGES/BOLFOND/Secretariat,rwcefm
99,23e11f00-5ab8-11db-9c-65-00065bf0bb66,2,VOLDATAG,5a67c1b62525b99975918c9b,.CN=LLIE.OU=BOLLOREMEDIAREGIE.OU=MEDIA.OU=PTX.O=GB1.T=CERAMIC_TREE.,/ECHANGES/BOLLOREMEDIAREGIE/LE PRINCE,rwcefm
100,968d06fb-9994-4f05-19-a1-fb068d969499,2,VOLDATAG,5a67c1b62525b99975918c9f,.CN=1-BM-COMMUNICATION.OU=GROUPES.OU=BOLLORE.OU=PTX.O=GB1.T=CERAMIC_TREE.,/ECHANGES/BOLLOREMEDIA/COMMUNICATION-MEDIAS,rwcefm
101,29c080d7-4727-40b2-e5-91-d780c0292747,2,VOLDATAG,5a67c1b62525b99975918ca3,.CN=1-BM-DRH.OU=GROUPES.OU=BOLLORE.OU=PTX.O=GB1.T=CERAMIC_TREE.,/ECHANGES/BOLLOREMEDIA/DRH-MEDIAS,rwcefm
102,3b76c7be-ea44-4ceb-f5-8a-bec7763b44ea,2,VOLDATAG,5a67c1b62525b99975918ca7,.CN=1-BM-DSI.OU=GROUPES.OU=BOLLORE.OU=PTX.O=GB1.T=CERAMIC_TREE.,/ECHANGES/BOLLOREMEDIA/DSI-MEDIAS,rwcefm
103,f14d2594-ba27-48de-9c-89-94254df127ba,2,VOLDATAG,5a67c1b62525b99975918ca9,.CN=BPG943.OU=INFOGERANCE.OU=PTX.O=GB1.T=CERAMIC_TREE.,/ECHANGES/BOLLOREMEDIA/DSI-MEDIAS,rwcefm
104,80c4bf34-8a61-4faa-a7-a8-34bfc480618a,2,VOLDATAG,5a67c1b62525b99975918cab,.CN=FMW088.OU=INFOGERANCE.OU=PTX.O=GB1.T=CERAMIC_TREE.,/ECHANGES/BOLLOREMEDIA/DSI-MEDIAS,rwcf
105,082fe60f-3220-4875-4a-ab-0fe62f082032,2,VOLDATAG,5a67c1b62525b99975918caf,.CN=1-BM-CANAL-PLUS.OU=GROUPES.OU=BOLLORE.OU=PTX.O=GB1.T=CERAMIC_TREE.,/ECHANGES/BOLLOREMEDIA/CANAL-PLUS-MEDIAS,rwcefm
106,807f3b9f-4e6c-4fd0-9e-97-9f3b7f806c4e,2,VOLDATAG,5a67c1b62525b99975918cb3,.CN=1-BM-DIRECTION.OU=GROUPES.OU=BOLLORE.OU=PTX.O=GB1.T=CERAMIC_TREE.,/ECHANGES/BOLLOREMEDIA/DIRECTION-MEDIAS,rwcefm
107,9c27dd1e-c3ea-4e97-11-99-1edd279ceac3,2,VOLDATAG,5a67c1b62525b99975918cb7,.CN=BI-PLANNINGPRESSEREGIEPUB.OU=GROUPES.OU=BOLLORE.OU=PTX.O=GB1.T=CERAMIC_TREE.,/ECHANGES/BOLLOREMEDIAREGIE/PLANNING PRESSE,rf
108,969dcdfb-9c5d-41e8-d6-ab-fbcd9d965d9c,2,VOLDATAG,5a67c1b62525b99975918cb9,.CN=BI-PLANNINGPRESSE.OU=GROUPES.OU=BOLLORE.OU=PTX.O=GB1.T=CERAMIC_TREE.,/ECHANGES/BOLLOREMEDIAREGIE/PLANNING PRESSE,rwcefm
109,7a4c8fd1-8475-48f0-ae-96-d18f4c7a7584,2,VOLDATAG,5a67c1b62525b99975918cbd,.CN=CGES_DIVISIONS_FMS.OU=GROUPES.OU=BOLLORE.OU=PTX.O=GB1.T=CERAMIC_TREE.,/ECHANGES/CGES/04_Analyses et études diverses/042_Analyses par Divisions & entités/0425_FMS,rwceafm
110,45df1b52-de85-4293-7e-a2-521bdf4585de,2,VOLDATAG,5a67c1b62525b99975918cbf,.CN=CGES_DIVISIONS_NAOC.OU=GROUPES.OU=BOLLORE.OU=PTX.O=GB1.T=CERAMIC_TREE.,/ECHANGES/CGES/04_Analyses et études diverses/042_Analyses par Divisions & entités/0427_NAOC,rwcefm
111,77af9e14-7b48-11d9-9c-64-00065bf0bb66,2,VOLDATAG,5a67c1b62525b99975918cc1,.CN=COMPTA_USERS.OU=GROUPES.OU=BOLLORE.OU=PTX.O=GB1.T=CERAMIC_TREE.,/ECHANGES/COMPTA/CRISTAL Projet Comptable_OLD,
112,b8ad3000-6f31-11db-bd-da-00c09f2354bb,2,VOLDATAG,5a67c1b62525b99975918cc3,.CN=CRISTAL_PROJET_COMPTABLE.OU=GROUPES.OU=BOLLORE.OU=PTX.O=GB1.T=CERAMIC_TREE.,/ECHANGES/COMPTA/CRISTAL Projet Comptable_OLD,
113,ad1e8800-a415-11dc-84-f0-00c09f2354bb,2,VOLDATAG,5a67c1b62525b99975918cc5,.CN=COMPTA-PARADM.OU=GROUPES.OU=BOLLORE.OU=PTX.O=GB1.T=CERAMIC_TREE.,/ECHANGES/COMPTA/CRISTAL Projet Comptable_OLD/PARAMETRES_IRIS_FINANCE/Paramètres pour administrateurs (dossier sécurisé),rwcefm
114,c0ecf9dd-045e-4e6c-95-b2-ddf9ecc05e04,2,VOLDATAG,5a67c1b62525b99975918ccb,.CN=DM-AAACTU_TV_DIRECTSOIR.OU=GROUPES.OU=BOLLORE.OU=PTX.O=GB1.T=CERAMIC_TREE.,/ECHANGES/DIRECTMATIN/AAACTU_TV_DIRECTSOIR,rwcefm
115,ea1caf82-59ff-11d7-9c-63-00065bf0bb66,2,VOLDATAG,5a67c1b62525b99975918ccf,.CN=EDNS.OU=DIR-GENERALE.OU=BOLLORE.OU=PTX.O=GB1.T=CERAMIC_TREE.,/ECHANGES/DIRGENE/Filemaker,rwcefm
116,ea1caf84-59ff-11d7-9c-63-00065bf0bb66,2,VOLDATAG,5a67c1b62525b99975918cd1,.CN=YRX187.OU=DIR-GENERALE.OU=BOLLORE.OU=PTX.O=GB1.T=CERAMIC_TREE.,/ECHANGES/DIRGENE/Filemaker,rwcefm
117,24cc1b80-41af-11db-b9-f7-00c09f2354bb,2,VOLDATAG,5a67c1b62525b99975918cd5,.CN=DP-MEDIAPILOT.OU=GROUPES.OU=BOLLORE.OU=PTX.O=GB1.T=CERAMIC_TREE.,/ECHANGES/DISTRIB-PRESSE/MEDIAPILOT,rwcefm
118,aeb03d80-3c1f-11db-b9-f7-00c09f2354bb,2,VOLDATAG,5a67c1b62525b99975918cd9,.CN=DP-RESEAU-DEPOT.OU=GROUPES.OU=BOLLORE.OU=PTX.O=GB1.T=CERAMIC_TREE.,/ECHANGES/DISTRIB-PRESSE/Archives jusqu'à 2014/RESEAU-DEPOT,rwceafm
119,d755b859-a79e-4a4a-b4-a0-59b855d79ea7,2,VOLDATAG,5a67c1b62525b99975918cdd,.CN=DRHGRPADMIN.OU=GROUPES.OU=BOLLORE.OU=PTX.O=GB1.T=CERAMIC_TREE.,/ECHANGES/DRH Groupe/Administration RH,rwcefm
120,539cbe55-5a00-11d7-9c-63-00065bf0bb66,2,VOLDATAG,5a67c1b62525b99975918ce1,.CN=GOM853.OU=DRH-GROUPE.OU=BOLLORE.OU=PTX.O=GB1.T=CERAMIC_TREE.,/ECHANGES/DRH Groupe/Service CK,rwcefm
121,078b407e-663e-46f3-c0-b3-7e408b073e66,2,VOLDATAG,5a67c1b62525b99975918ce3,.CN=DMP301.OU=DIR-IMMOBILIER.OU=BOLLORE.OU=PTX.O=GB1.T=CERAMIC_TREE.,/ECHANGES/DRH Groupe/Service CK,rwcefm
122,2d945a6d-fa33-4c7b-66-af-6d5a942d33fa,2,VOLDATAG,5a67c1b62525b99975918ce5,.CN=DRHGRP-Service_XB.OU=GROUPES.OU=BOLLORE.OU=PTX.O=GB1.T=CERAMIC_TREE.,/ECHANGES/DRH Groupe/Service XB,rwcefm
123,a20c7900-27fd-4e75-b7-9c-00790ca2fd27,2,VOLDATAG,5a67c1b62525b99975918ce7,.CN=DRHGRP_DEVRH.OU=GROUPES.OU=BOLLORE.OU=PTX.O=GB1.T=CERAMIC_TREE.,/ECHANGES/DRH Groupe/Dev DRH,rwcefm
124,26206d26-e3ec-4f78-bf-91-266d2026ece3,2,VOLDATAG,5a67c1b62525b99975918ce9,.CN=DRHGRP-ACTUARIAT.OU=GROUPES.OU=BOLLORE.OU=PTX.O=GB1.T=CERAMIC_TREE.,/ECHANGES/DRH Groupe/Service CK/03_SIRH/HR Access/Documentation Hraccess/Procédures Collecte_IFC_NRE/Actuariat,rwcefm
125,fc937d14-26c3-4da4-66-8f-147d93fcc326,2,VOLDATAG,5a67c1b62525b99975918ceb,.CN=DRHGRP-EPARGNESALA.OU=GROUPES.OU=BOLLORE.OU=PTX.O=GB1.T=CERAMIC_TREE.,/ECHANGES/DRH Groupe/Service CK/01_Rémunérations/03_Epargne Salariale,rwcefm
126,ce962ade-bf87-409d-c5-a9-de2a96ce87bf,2,VOLDATAG,5a67c1b62525b99975918ced,.CN=DRHGRP-PROCEDURE.OU=GROUPES.OU=BOLLORE.OU=PTX.O=GB1.T=CERAMIC_TREE.,/ECHANGES/DRH Groupe/Service CK/01_Rémunérations/02_Procédures RH Groupe,rwcefm
127,66c8cf17-9732-4762-31-b2-17cfc8663297,2,VOLDATAG,5a67c1b62525b99975918cef,.CN=DRHGRP-PRTECTSOC.OU=GROUPES.OU=BOLLORE.OU=PTX.O=GB1.T=CERAMIC_TREE.,/ECHANGES/DRH Groupe/Service CK/02_Protection Sociale,rwcefm
128,ad62578d-36e9-4e6b-d4-bb-8d5762ade936,2,VOLDATAG,5a67c1b62525b99975918cf1,.CN=DRHGRP-REPORTSOCIAL.OU=GROUPES.OU=BOLLORE.OU=PTX.O=GB1.T=CERAMIC_TREE.,/ECHANGES/DRH Groupe/Service CK/99_Reporting social,rwcefm
129,6c52dd0b-a3bf-48f4-d2-9a-0bdd526cbfa3,2,VOLDATAG,5a67c1b62525b99975918cf3,.CN=DRHGRP-REMUNERATIONS.OU=GROUPES.OU=BOLLORE.OU=PTX.O=GB1.T=CERAMIC_TREE.,/ECHANGES/DRH Groupe/Service CK/01_Rémunérations/01_Gestion Rémunérations,rwcefm
130,8a5a8c75-217c-4598-a7-b8-758c5a8a7c21,2,VOLDATAG,5a67c1b62525b99975918cf5,.CN=DRHGRP-SECRETCK.OU=GROUPES.OU=BOLLORE.OU=PTX.O=GB1.T=CERAMIC_TREE.,/ECHANGES/DRH Groupe/Service CK/10_Secrétariat,rwcefm
131,5b472dfc-2b98-4ebe-f7-ac-fc2d475b982b,2,VOLDATAG,5a67c1b62525b99975918cf7,.CN=DRHGRP-SIRH.OU=GROUPES.OU=BOLLORE.OU=PTX.O=GB1.T=CERAMIC_TREE.,/ECHANGES/DRH Groupe/Service CK/03_SIRH,rwcefm
132,fc937d14-26c3-4da4-66-8f-147d93fcc326,2,VOLDATAG,5a67c1b62525b99975918cf9,.CN=DRHGRP-EPARGNESALA.OU=GROUPES.OU=BOLLORE.OU=PTX.O=GB1.T=CERAMIC_TREE.,/ECHANGES/DRH Groupe/Service CK/98_Développement RH,rwcefm
133,e8e912bd-db56-4d59-73-a6-bd12e9e856db,2,VOLDATAG,5a67c1b62525b99975918cfb,.CN=DRHGRP-CK-PHILOMANIA.OU=GROUPES.OU=BOLLORE.OU=PTX.O=GB1.T=CERAMIC_TREE.,/ECHANGES/DRH Groupe/Service CK/98_Développement RH/06_CONFERENCE,rwceafm
134,318ad417-f7e9-4e2c-88-a5-17d48a31e9f7,2,VOLDATAG,5a67c1b62525b99975918cfd,.CN=DRHGRP-REV-SALARIALES.OU=GROUPES.OU=BOLLORE.OU=PTX.O=GB1.T=CERAMIC_TREE.,/ECHANGES/DRH Groupe/Service CK/01_Rémunérations/01_Gestion Rémunérations/11-Révisions Salariales BOLLORE,rwcefm
135,fb634f80-9be4-11db-a0-f4-00142222183f,2,VOLDATAG,5a67c1b62525b99975918d01,.CN=FJC136.OU=DRH-GROUPE.OU=BOLLORE.OU=PTX.O=GB1.T=CERAMIC_TREE.,/ECHANGES/DRH Groupe/Service CK/03_SIRH/Archives_GW_SIRH,rwcefm
136,7193d43c-3407-4913-2e-91-3cd493710734,2,VOLDATAG,5a67c1b62525b99975918d03,.CN=DRHGRP-SIRH-HRASUITE7.OU=GROUPES.OU=BOLLORE.OU=PTX.O=GB1.T=CERAMIC_TREE.,/ECHANGES/DRH Groupe/Service CK/03_SIRH/HRa Suite 7,rwcefm
137,3c4bb48a-a4e9-463a-3e-9c-8ab44b3ce9a4,2,VOLDATAG,5a67c1b62525b99975918d05,.CN=AHG951.OU=DRH-GROUPE.OU=BOLLORE.OU=PTX.O=GB1.T=CERAMIC_TREE.,/ECHANGES/DRH Groupe/Service CK/03_SIRH/HR Access/Documentation Hraccess/Procédures Collecte_IFC_NRE,rwcefm
138,4821c55f-dcea-40ba-51-90-5fc52148eadc,2,VOLDATAG,5a67c1b62525b99975918d07,.CN=QBG635.OU=DRH-GROUPE.OU=BOLLORE.OU=PTX.O=GB1.T=CERAMIC_TREE.,/ECHANGES/DRH Groupe/Service CK/03_SIRH/HR Access/Documentation Hraccess/Procédures Collecte_IFC_NRE,rwcefm
139,84caa8f4-9a49-44a8-90-bf-f4a8ca84499a,2,VOLDATAG,5a67c1b62525b99975918d09,.CN=AKZ523.OU=DRH-GROUPE.OU=BOLLORE.OU=PTX.O=GB1.T=CERAMIC_TREE.,/ECHANGES/DRH Groupe/Service CK/03_SIRH/HR Access/Documentation Hraccess/Procédures Collecte_IFC_NRE/NRE,rwcefm
140,2f422a96-c904-4e78-9d-9a-962a422f04c9,2,VOLDATAG,5a67c1b62525b99975918d0b,.CN=DRHGRP-JURPROTECSOC.OU=GROUPES.OU=BOLLORE.OU=PTX.O=GB1.T=CERAMIC_TREE.,/ECHANGES/DRH Groupe/Service JC/Juridique et Protection Sociale,rwcefm
141,cfb1eb81-f0c5-4f7f-81-80-81ebb1cfc5f0,2,VOLDATAG,5a67c1b62525b99975918d0d,.CN=DRHGRP-SECRETDRHGRP.OU=GROUPES.OU=BOLLORE.OU=PTX.O=GB1.T=CERAMIC_TREE.,/ECHANGES/DRH Groupe/Service PYB/DRH Groupe,rwcefm
142,9a062e02-64de-40be-f6-b2-022e069ade64,2,VOLDATAG,5a67c1b62525b99975918d0f,.CN=DRHGRP-SECRETPYB.OU=GROUPES.OU=BOLLORE.OU=PTX.O=GB1.T=CERAMIC_TREE.,/ECHANGES/DRH Groupe/Service PYB/Secrétariat PYB,rwcefm
143,70d74eef-bae5-463f-bd-9d-ef4ed770e5ba,2,VOLDATAG,5a67c1b62525b99975918d11,.CN=BQF210.OU=DRH-GROUPE.OU=BOLLORE.OU=PTX.O=GB1.T=CERAMIC_TREE.,/ECHANGES/DRH Groupe/Service PYB/DRH Groupe/13. Initiés,rwcefm
144,2991ce95-b8b4-4a30-df-8a-95ce9129b4b8,2,VOLDATAG,5a67c1b62525b99975918d13,.CN=ATOS.OU=GROUPES.OU=BOLLORE.OU=PTX.O=GB1.T=CERAMIC_TREE.,/ECHANGES/DSI/Applis_Bollore,rwcefm
145,2991ce95-b8b4-4a30-df-8a-95ce9129b4b8,2,VOLDATAG,5a67c1b62525b99975918d15,.CN=ATOS.OU=GROUPES.OU=BOLLORE.OU=PTX.O=GB1.T=CERAMIC_TREE.,/ECHANGES/DSI/BASES_CONNAISSANCES,rwcefm
146,2991ce95-b8b4-4a30-df-8a-95ce9129b4b8,2,VOLDATAG,5a67c1b62525b99975918d17,.CN=ATOS.OU=GROUPES.OU=BOLLORE.OU=PTX.O=GB1.T=CERAMIC_TREE.,/ECHANGES/DSI/DOCUMENTATION,rwcefm
147,2991ce95-b8b4-4a30-df-8a-95ce9129b4b8,2,VOLDATAG,5a67c1b62525b99975918d19,.CN=ATOS.OU=GROUPES.OU=BOLLORE.OU=PTX.O=GB1.T=CERAMIC_TREE.,/ECHANGES/DSI/Hotline/EXPLOITATION,rwcefm
148,2991ce95-b8b4-4a30-df-8a-95ce9129b4b8,2,VOLDATAG,5a67c1b62525b99975918d1b,.CN=ATOS.OU=GROUPES.OU=BOLLORE.OU=PTX.O=GB1.T=CERAMIC_TREE.,/ECHANGES/DSI/GESTION DOCS PRODUCTION,rwcefm
149,0af99c9b-e060-485e-c1-aa-9b9cf90a60e0,2,VOLDATAG,5a67c1b62525b99975918d1d,.CN=INFOGERANT.OU=GROUPES.OU=BOLLORE.OU=PTX.O=GB1.T=CERAMIC_TREE.,/ECHANGES/DSI/MDP,rf
150,2991ce95-b8b4-4a30-df-8a-95ce9129b4b8,2,VOLDATAG,5a67c1b62525b99975918d1f,.CN=ATOS.OU=GROUPES.OU=BOLLORE.OU=PTX.O=GB1.T=CERAMIC_TREE.,/ECHANGES/DSI/MDP,rf
151,9458a18b-cc77-4e1b-bb-a8-8ba1589477cc,2,VOLDATAG,5a67c1b62525b99975918d21,.CN=ATOS_DROIT_SUP.OU=GROUPES.OU=BOLLORE.OU=PTX.O=GB1.T=CERAMIC_TREE.,/ECHANGES/DSI/MDP,rwcefm
152,2991ce95-b8b4-4a30-df-8a-95ce9129b4b8,2,VOLDATAG,5a67c1b62525b99975918d23,.CN=ATOS.OU=GROUPES.OU=BOLLORE.OU=PTX.O=GB1.T=CERAMIC_TREE.,/ECHANGES/DSI/OUTILS,rwcefm
153,147efef6-75d6-480c-7b-8f-f6fe7e14d675,2,VOLDATAG,5a67c1b62525b99975918d25,.CN=PHRVBI.OU=GROUPES.OU=BOLLORE.OU=PTX.O=GB1.T=CERAMIC_TREE.,/ECHANGES/DSI/ASSISTANAT/PHRVBI,rwcefm
154,2991ce95-b8b4-4a30-df-8a-95ce9129b4b8,2,VOLDATAG,5a67c1b62525b99975918d29,.CN=ATOS.OU=GROUPES.OU=BOLLORE.OU=PTX.O=GB1.T=CERAMIC_TREE.,/ECHANGES/DSI/ATOS,rwcefm
155,68240bbc-279c-4a47-9b-b8-bc0b24689c27,2,VOLDATAG,5a67c1b62525b99975918d2d,.CN=DSI-ENABLONDD.OU=GROUPES.OU=BOLLORE.OU=PTX.O=GB1.T=CERAMIC_TREE.,/ECHANGES/DSI/Applis_Bollore/ENABLON_DD,rwcefm
156,54355492-5a00-11d7-9c-63-00065bf0bb66,2,VOLDATAG,5a67c1b62525b99975918d2f,.CN=HQR252.OU=JURIDIQUE.OU=BOLLORE.OU=PTX.O=GB1.T=CERAMIC_TREE.,/ECHANGES/DSI/Applis_Bollore/Insighter,rwcefm
157,53c7190c-0370-4763-25-ba-0c19c7537003,2,VOLDATAG,5a67c1b62525b99975918d31,.CN=STDIRGE2.OU=DIR-GENERALE.OU=BOLLORE.OU=PTX.O=GB1.T=CERAMIC_TREE.,/ECHANGES/DSI/Applis_Bollore/ENABLON_DD/Analyses et Rapports,rwcefm
158,a3f753b0-f214-47de-8b-b7-b053f7a314f2,2,VOLDATAG,5a67c1b62525b99975918d33,.CN=L_BOL_PTX_FILR_RESEAU-SECURITE.OU=GROUPES.OU=BOLLORE.OU=PTX.O=GB1.T=CERAMIC_TREE.,/ECHANGES/DSI/GESTION DOCS PRODUCTION/documents actifs/RESEAU-SECURITE/ATOSTOOPMD,rf
159,da71399b-318c-4041-ac-85-9b3971da8c31,2,VOLDATAG,5a67c1b62525b99975918d35,.CN=COVOITURAGE.OU=GROUPES.OU=BOLLORE.OU=PTX.O=GB1.T=CERAMIC_TREE.,/ECHANGES/DSI/PROJETS/Covoiturage_OLD,
160,539cbe69-5a00-11d7-9c-63-00065bf0bb66,2,VOLDATAG,5a67c1b62525b99975918d37,.CN=CMBL.OU=BOLLOREMEDIA.OU=MEDIA.OU=PTX.O=GB1.T=CERAMIC_TREE.,/ECHANGES/DSI/PROJETS/ENABLON_DD,rwcefm
161,a52c86e0-23c1-453b-f7-be-e0862ca5c123,2,VOLDATAG,5a67c1b62525b99975918d39,.CN=UXB461.OU=RSE.OU=BOLLORE.OU=PTX.O=GB1.T=CERAMIC_TREE.,/ECHANGES/DSI/PROJETS/ENABLON_DD,rwcefm
162,53c7190c-0370-4763-25-ba-0c19c7537003,2,VOLDATAG,5a67c1b62525b99975918d3b,.CN=STDIRGE2.OU=DIR-GENERALE.OU=BOLLORE.OU=PTX.O=GB1.T=CERAMIC_TREE.,/ECHANGES/DSI/PROJETS/ENABLON_DD,rwcefm
163,539cbe17-5a00-11d7-9c-63-00065bf0bb66,2,VOLDATAG,5a67c1b62525b99975918d3d,.CN=EGX104.OU=JURIDIQUE.OU=BOLLORE.OU=PTX.O=GB1.T=CERAMIC_TREE.,/ECHANGES/DSI/PROJETS/ENABLON_DD,rwcefm
164,ca240f52-a094-494c-3a-8d-520f24ca94a0,2,VOLDATAG,5a67c1b62525b99975918d3f,.CN=CLCD.OU=RSE.OU=BOLLORE.OU=PTX.O=GB1.T=CERAMIC_TREE.,/ECHANGES/DSI/PROJETS/ENABLON_DD,rwcefm
165,341b836f-4d25-4585-97-86-6f831b34254d,2,VOLDATAG,5a67c1b62525b99975918d41,.CN=IMG197.OU=RSE.OU=BOLLORE.OU=PTX.O=GB1.T=CERAMIC_TREE.,/ECHANGES/DSI/PROJETS/ENABLON_DD,rwcefm
166,e3995149-4f2c-4245-32-90-495199e32c4f,2,VOLDATAG,5a67c1b62525b99975918d43,.CN=DSI-IMMO.OU=GROUPES.OU=BOLLORE.OU=PTX.O=GB1.T=CERAMIC_TREE.,/ECHANGES/DSI/PROJETS/IMMO_12052015,
167,214edade-1860-4a6e-f9-8a-deda4e216018,2,VOLDATAG,5a67c1b62525b99975918d45,.CN=DSI-MEDICAL.OU=GROUPES.OU=BOLLORE.OU=PTX.O=GB1.T=CERAMIC_TREE.,/ECHANGES/DSI/PROJETS/Medical,rwcefm
168,d4f45080-5a00-11d7-9c-63-00065bf0bb66,2,VOLDATAG,5a67c1b62525b99975918d4a,.CN=FPB615.OU=ASSURANCES.OU=BOLLORE.OU=PTX.O=GB1.T=CERAMIC_TREE.,/ECHANGES/DSI/PROJETS/Stars,rwcefm
169,bd88b425-03b3-4625-88-aa-25b488bdb303,2,VOLDATAG,5a67c1b62525b99975918d4c,.CN=MPTR.OU=BOLLOREMEDIAREGIE.OU=MEDIA.OU=PTX.O=GB1.T=CERAMIC_TREE.,/ECHANGES/BOLLOREMEDIA/DSI-MEDIAS/MED-PROJETS/Régie/EDI/EDI FACT,rwcefm
170,7957e580-9c16-11dd-9c-65-00065bf0bb66,2,VOLDATAG,5a67c1b62525b99975918d4e,.CN=VRAD.OU=BOLLOREMEDIAREGIE.OU=MEDIA.OU=PTX.O=GB1.T=CERAMIC_TREE.,/ECHANGES/BOLLOREMEDIA/DSI-MEDIAS/MED-PROJETS/Régie/EDI/EDI FACT,rwcefm
171,45a6a995-3db6-4ac7-59-9e-95a9a645b63d,2,VOLDATAG,5a67c1b62525b99975918d50,.CN=EQUITRAC-MFP-RICOH.OU=GROUPES.OU=BOLLORE.OU=PTX.O=GB1.T=CERAMIC_TREE.,/ECHANGES/DSI/PROJETS/EQUITRAC-MFP-RICOH,rwceafm
172,2a487357-fcbd-4bb1-9d-82-5773482abdfc,2,VOLDATAG,5a67c1b62525b99975918d52,.CN=BM-PROJETS-MEDIAS.OU=GROUPES.OU=BOLLORE.OU=PTX.O=GB1.T=CERAMIC_TREE.,/ECHANGES/DSI/PROJETS/PROJETS MEDIAS,rwcefm
173,bd88b425-03b3-4625-88-aa-25b488bdb303,2,VOLDATAG,5a67c1b62525b99975918d54,.CN=MPTR.OU=BOLLOREMEDIAREGIE.OU=MEDIA.OU=PTX.O=GB1.T=CERAMIC_TREE.,/ECHANGES/DSI/PROJETS/PROJETS MEDIAS,rwceafm
174,f6f40800-d050-11da-bc-23-bc304ddc3f5f,2,VOLDATAG,5a67c1b62525b99975918d56,.CN=IOU600.OU=DSI.OU=BOLLORE.OU=PTX.O=GB1.T=CERAMIC_TREE.,/ECHANGES/DSI/PROJETS/ServeursFTP,rwcefm
175,333b1db3-11ae-4904-fb-bb-b31d3b33ae11,2,VOLDATAG,5a67c1b62525b99975918d58,.CN=THI070.OU=DSI.OU=BOLLORE.OU=PTX.O=GB1.T=CERAMIC_TREE.,/ECHANGES/DSI/PROJETS/ServeursFTP,rwcefm
176,8679d409-5860-41a8-7c-9a-09d479866058,2,VOLDATAG,5a67c1b62525b99975918d5a,.CN=OPTIM'IS DATAFINANCE.OU=GROUPES.OU=BOLLORE.OU=PTX.O=GB1.T=CERAMIC_TREE.,/ECHANGES/DSI/PROJETS/OPTIM'IS DATAFINANCE,rwceafm
177,539cbe43-5a00-11d7-9c-63-00065bf0bb66,2,VOLDATAG,5a67c1b62525b99975918d5c,.CN=VFT625.OU=DIR-GENERALE.OU=BOLLORE.OU=PTX.O=GB1.T=CERAMIC_TREE.,/ECHANGES/FILMS/Business Objects Documents,rwcefm
178,7d07a2c0-839a-4f2b-54-8d-c0a2077d9a83,2,VOLDATAG,5a67c1b62525b99975918d60,.CN=FILM-MCV.OU=GROUPES.OU=BOLLORE.OU=PTX.O=GB1.T=CERAMIC_TREE.,/ECHANGES/FILMS/BLUEBUS,rwcefm
179,21276cf7-ddcd-46b6-a1-89-f76c2721cddd,2,VOLDATAG,5a67c1b62525b99975918d64,.CN=FILM-PLASTIQUE.OU=GROUPES.OU=BOLLORE.OU=PTX.O=GB1.T=CERAMIC_TREE.,/ECHANGES/FILMS/COMMUN FILMS PLASTIQUES,rwcefm
180,57e049fa-ef97-49f2-3b-b2-fa49e05797ef,2,VOLDATAG,5a67c1b62525b99975918d68,.CN=VZZ582.OU=DIVISION-FILMS.OU=BOLLORE.OU=PTX.O=GB1.T=CERAMIC_TREE.,/ECHANGES/FILMS/SCNT,rwceafm
181,d1eca940-d387-44db-ea-81-40a9ecd187d3,2,VOLDATAG,5a67c1b62525b99975918d6a,.CN=IMMOBILIER-TITRES.OU=GROUPES.OU=BOLLORE.OU=PTX.O=GB1.T=CERAMIC_TREE.,/ECHANGES/IMMOBILIER/IMMOBILIER-TITRES,rwcefm
182,c071c900-0ce9-11df-a0-f6-0019b9c3666e,2,VOLDATAG,5a67c1b62525b99975918d6e,.CN=JUR_FIS_IND-BIBLIO.OU=GROUPES.OU=BOLLORE.OU=PTX.O=GB1.T=CERAMIC_TREE.,/ECHANGES/JUR_FIS_IND/BIBLIO.JUR,rwcefm
183,52378900-668f-11dc-b3-9c-00065bf7dbc8,2,VOLDATAG,5a67c1b62525b99975918d72,.CN=JUR_FIS_IND-CAI.OU=GROUPES.OU=BOLLORE.OU=PTX.O=GB1.T=CERAMIC_TREE.,/ECHANGES/JUR_FIS_IND/CAI,rwcefm
184,539cbe70-5a00-11d7-9c-63-00065bf0bb66,2,VOLDATAG,5a67c1b62525b99975918d74,.CN=IZF148.OU=JURIDIQUE.OU=BOLLORE.OU=PTX.O=GB1.T=CERAMIC_TREE.,/ECHANGES/JUR_FIS_IND/CAI,rf
185,b27772d2-7ab2-4079-a8-81-d27277b2b27a,2,VOLDATAG,5a67c1b62525b99975918d78,.CN=FISCAL.OU=GROUPES.OU=BOLLORE.OU=PTX.O=GB1.T=CERAMIC_TREE.,/ECHANGES/JUR_FIS_IND/FISCAL,rwcefm
186,975bfebc-47b6-40ec-1b-a9-bcfe5b97b647,2,VOLDATAG,5a67c1b62525b99975918d7a,.CN=L_BOL_PTX_FILR_FISCAL.OU=GROUPES.OU=BOLLORE.OU=PTX.O=GB1.T=CERAMIC_TREE.,/ECHANGES/JUR_FIS_IND/FISCAL,rwcefm
187,c8d56407-4b1b-4685-47-88-0764d5c81b4b,2,VOLDATAG,5a67c1b62525b99975918d7e,.CN=JUR_FIS_IND-JLECOCQ.OU=GROUPES.OU=BOLLORE.OU=PTX.O=GB1.T=CERAMIC_TREE.,/ECHANGES/JUR_FIS_IND/OOST,rwcefm
188,54355492-5a00-11d7-9c-63-00065bf0bb66,2,VOLDATAG,5a67c1b62525b99975918d82,.CN=HQR252.OU=JURIDIQUE.OU=BOLLORE.OU=PTX.O=GB1.T=CERAMIC_TREE.,/ECHANGES/JUR_FIS_IND/THB,rwcefm
189,5159ba04-fa2b-4b3e-90-8a-04ba59512bfa,2,VOLDATAG,5a67c1b62525b99975918d86,.CN=MEDIA-CSA.OU=GROUPES.OU=BOLLORE.OU=PTX.O=GB1.T=CERAMIC_TREE.,/ECHANGES/JUR_FIS_IND/BIBLIO.JUR/SOCIETES/Division Medias,rwcefm
190,5159ba04-fa2b-4b3e-90-8a-04ba59512bfa,2,VOLDATAG,5a67c1b62525b99975918d88,.CN=MEDIA-CSA.OU=GROUPES.OU=BOLLORE.OU=PTX.O=GB1.T=CERAMIC_TREE.,/ECHANGES/JUR_FIS_IND/BIBLIO.JUR/SOCIETES/Groupe CSA,rwcefm
191,ea1caf86-59ff-11d7-9c-63-00065bf0bb66,2,VOLDATAG,5a67c1b62525b99975918d8a,.CN=LHE203.OU=JURIDIQUE.OU=BOLLORE.OU=PTX.O=GB1.T=CERAMIC_TREE.,/ECHANGES/JUR_FIS_IND/DOC_OLD/DOSSIERS HAMMOU,
192,c003bca6-82a4-4c7e-cd-9b-a6bc03c0a482,2,VOLDATAG,5a67c1b62525b99975918d90,.CN=CNH121.OU=JURIDIQUE.OU=BOLLORE.OU=PTX.O=GB1.T=CERAMIC_TREE.,/ECHANGES/JUR_FIS_IND/BIBLIO.JUR/SOCIETES/Blue Applications/Blue France/Bluecarsharing(exIER SYSTEMS),rwcefm
193,e680cc0c-fa7f-4e6b-98-b7-0ccc80e67ffa,2,VOLDATAG,5a67c1b62525b99975918d92,.CN=JUR_FIS_TRANSFERT.OU=GROUPES.OU=BOLLORE.OU=PTX.O=GB1.T=CERAMIC_TREE.,/ECHANGES/JUR_FIS_IND/FISCAL/A - TP/PRIX DE TRANSFERT avat 2013,rwcefm
194,c1c615ff-6920-4bbd-5d-84-ff15c6c12069,2,VOLDATAG,5a67c1b62525b99975918d96,.CN=JUR_FIS_IND_PAJOT.OU=GROUPES.OU=BOLLORE.OU=PTX.O=GB1.T=CERAMIC_TREE.,/ECHANGES/JUR_FIS_IND/FISCAL/SECRETARIAT/PAJOT,rwcefm
195,b27772d2-7ab2-4079-a8-81-d27277b2b27a,2,VOLDATAG,5a67c1b62525b99975918d98,.CN=FISCAL.OU=GROUPES.OU=BOLLORE.OU=PTX.O=GB1.T=CERAMIC_TREE.,/ECHANGES/JUR_FIS_IND/FISCAL/SECRETARIAT/PAJOT,
196,77af9e00-7b48-11d9-9c-64-00065bf0bb66,2,VOLDATAG,5a67c1b62525b99975918d9a,.CN=JUR_FIS_IND.OU=GROUPES.OU=BOLLORE.OU=PTX.O=GB1.T=CERAMIC_TREE.,/ECHANGES/JUR_FIS_IND/FISCAL/SECRETARIAT/PAJOT,
197,e4429d0c-7773-42a9-eb-ac-0c9d42e47377,2,VOLDATAG,5a67c1b62525b99975918d9e,.CN=LXF256.OU=TRESORERIE.OU=BOLLORE.OU=PTX.O=GB1.T=CERAMIC_TREE.,/ECHANGES/NETTING/Treso Devises,rwcefm
198,67dd7a87-320a-48f7-ab-a0-877add670a32,2,VOLDATAG,5a67c1b62525b99975918da0,.CN=CHANTIER1.OU=GROUPES.OU=BOLLORE.OU=PTX.O=GB1.T=CERAMIC_TREE.,/ECHANGES/BOLLOREMEDIA/CANAL-PLUS-MEDIAS/EnCours/ARCHIVE_PATRIMONIALE_D8-DS,rwcefm
199,5338d43a-1b3d-4071-3d-ae-3ad438533d1b,2,VOLDATAG,5a67c1b62525b99975918da2,.CN=CHANTIER8.OU=GROUPES.OU=BOLLORE.OU=PTX.O=GB1.T=CERAMIC_TREE.,/ECHANGES/BOLLOREMEDIA/CANAL-PLUS-MEDIAS/EnCours/INFRASTRUCTURE_DSI,rwcefm
200,87de2a03-9b41-45ff-13-92-032ade87419b,2,VOLDATAG,5a67c1b62525b99975918da4,.CN=CHANTIER16.OU=GROUPES.OU=BOLLORE.OU=PTX.O=GB1.T=CERAMIC_TREE.,/ECHANGES/BOLLOREMEDIA/CANAL-PLUS-MEDIAS/EnCours/SI_EDITION_ANTENNE,rwcefm
201,5338d43a-1b3d-4071-3d-ae-3ad438533d1b,2,VOLDATAG,5a67c1b62525b99975918da6,.CN=CHANTIER8.OU=GROUPES.OU=BOLLORE.OU=PTX.O=GB1.T=CERAMIC_TREE.,/ECHANGES/BOLLOREMEDIA/CANAL-PLUS-MEDIAS/Envoi/INFRASTRUCTURE_DSI,rwcefm
202,87de2a03-9b41-45ff-13-92-032ade87419b,2,VOLDATAG,5a67c1b62525b99975918da8,.CN=CHANTIER16.OU=GROUPES.OU=BOLLORE.OU=PTX.O=GB1.T=CERAMIC_TREE.,/ECHANGES/BOLLOREMEDIA/CANAL-PLUS-MEDIAS/Envoi/SI_EDITION_ANTENNE,rwcefm
203,5338d43a-1b3d-4071-3d-ae-3ad438533d1b,2,VOLDATAG,5a67c1b62525b99975918daa,.CN=CHANTIER8.OU=GROUPES.OU=BOLLORE.OU=PTX.O=GB1.T=CERAMIC_TREE.,/ECHANGES/BOLLOREMEDIA/CANAL-PLUS-MEDIAS/Reception/INFRASTRUCTURE_DSI,rwcefm
204,87de2a03-9b41-45ff-13-92-032ade87419b,2,VOLDATAG,5a67c1b62525b99975918dac,.CN=CHANTIER16.OU=GROUPES.OU=BOLLORE.OU=PTX.O=GB1.T=CERAMIC_TREE.,/ECHANGES/BOLLOREMEDIA/CANAL-PLUS-MEDIAS/Reception/SI_EDITION_ANTENNE,rwcefm
205,d8ac5900-3678-11da-bb-e4-00c09f2354bb,2,VOLDATAG,5a67c1b62525b99975918dae,.CN=UNICAF-MS.OU=GROUPES.OU=BOLLORE.OU=PTX.O=GB1.T=CERAMIC_TREE.,/ECHANGES/UNICAF/MS,rwcefm
206,9dc7f180-548c-11d7-9c-63-00065bf0bb66,2,VOLDATAG,5a67c1b62525b99975918db2,.CN=JFX667.OU=DSI.OU=BOLLORE.OU=PTX.O=GB1.T=CERAMIC_TREE.,/PUBLIC/WORD,rwcefm
207,1ac63de3-e208-48b5-04-b4-e33dc61a08e2,2,VOLDATAG,5a67c1b62525b99975918db4,.CN=G_DSIMed_MED-Proj.OU=GROUPES.OU=BOLLORE.OU=PTX.O=GB1.T=CERAMIC_TREE.,/ECHANGES/BOLLOREMEDIA/DSI-MEDIAS/MED-PROJETS,rwcefm
208,fea40029-7008-4ba7-8d-ac-2900a4fe0870,2,VOLDATAG,5a67c1b62525b99975918db6,.CN=DSI-DEMENAGEMENT.OU=GROUPES.OU=BOLLORE.OU=PTX.O=GB1.T=CERAMIC_TREE.,/ECHANGES/BOLLOREMEDIA/DSI-MEDIAS/MED-PROJETS/00-Demenagement,rwcefm
209,db66310d-ee72-44a9-3e-8c-0d3166db72ee,2,VOLDATAG,5a67c1b62525b99975918db8,.CN=MED-ATOS.OU=GROUPES.OU=BOLLORE.OU=PTX.O=GB1.T=CERAMIC_TREE.,/ECHANGES/BOLLOREMEDIA/DSI-MEDIAS/MED-ATOS,rwceafm
210,29c080d7-4727-40b2-e5-91-d780c0292747,2,VOLDATAG,5a67c1b62525b99975918dbc,.CN=1-BM-DRH.OU=GROUPES.OU=BOLLORE.OU=PTX.O=GB1.T=CERAMIC_TREE.,/ECHANGES/BOLLOREMEDIA/DRH-MEDIAS/$A1 DRH/ECHANGES/DIRECT8,rwcefm
211,29c080d7-4727-40b2-e5-91-d780c0292747,2,VOLDATAG,5a67c1b62525b99975918dc0,.CN=1-BM-DRH.OU=GROUPES.OU=BOLLORE.OU=PTX.O=GB1.T=CERAMIC_TREE.,/ECHANGES/BOLLOREMEDIA/DRH-MEDIAS/$A1 DRH/ECHANGES/DIRECT8/$A1 DRH,rwcefm
212,46935d00-a6d1-11db-9c-65-00065bf0bb66,2,VOLDATAG,5a67c1b62525b99975918dc4,.CN=CPR339.OU=BOLLOREMEDIA.OU=MEDIA.OU=PTX.O=GB1.T=CERAMIC_TREE.,/ECHANGES/BOLLOREMEDIA/COMMUNICATION-MEDIAS/A-CLASSER/ELODIE,rwceafm
213,82ba90b3-8fdc-42a8-db-8e-b390ba82dc8f,2,VOLDATAG,5a67c1b72525b99975918dc6,.CN=HOL-Save-Abel .OU=GROUPES.OU=BOLLORE.OU=PTX.O=GB1.T=CERAMIC_TREE.,/ECHANGES/COMPTA/Sauvegarde_Hol_Abel,rwf
214,ecda99be-3a50-4408-2f-b2-be99daec503a,2,VOLDATAG,5a67c1b72525b99975918dca,.CN=COMPTA_136.OU=GROUPES.OU=BOLLORE.OU=PTX.O=GB1.T=CERAMIC_TREE.,/ECHANGES/COMPTA/136 BLUECAR (ex VEPB),rwcefm
215,6b049851-4160-4bde-eb-89-5198046b6041,2,VOLDATAG,5a67c1b72525b99975918dce,.CN=COMPTA_000-PARTAGE.OU=GROUPES.OU=BOLLORE.OU=PTX.O=GB1.T=CERAMIC_TREE.,/ECHANGES/COMPTA/000 Partage,rwcefm
216,f49707a6-1ca3-4f72-6d-ae-a60797f4a31c,2,VOLDATAG,5a67c1b72525b99975918dd2,.CN=ATOS-PTX.OU=GROUPES.OU=BOLLORE.OU=PTX.O=GB1.T=CERAMIC_TREE.,/ECHANGES/DSI/ATOS/Administratif,rwceafm
217,b3d90531-1457-4e9b-15-a2-3105d9b35714,2,VOLDATAG,5a67c1b72525b99975918dd4,.CN=BM-DAF-COMPTA-CRYSTAL.OU=GROUPES.OU=BOLLORE.OU=PTX.O=GB1.T=CERAMIC_TREE.,/ECHANGES/BOLLOREMEDIA/COMPTABILITE-MEDIAS/999 APPLICATIONS FINANCE,rwcefm
218,a453fe44-44da-4d21-20-bc-44fe53a4da44,2,VOLDATAG,5a67c1b72525b99975918dd6,.CN=LTU627.OU=INFOGERANCE.OU=PTX.O=GB1.T=CERAMIC_TREE.,/ECHANGES/DSI/PROJETS/Reprise_Power/CHGT_Iseries570_MMA9117_POWER8/TECHNIQUE,rwcefm
219,e2f71677-2441-47e3-4f-97-7716f7e24124,2,VOLDATAG,5a67c1b72525b99975918dd8,.CN=FLRU.OU=DSI.OU=BOLLORE.OU=PTX.O=GB1.T=CERAMIC_TREE.,/ECHANGES/DSI/GESTION DOCS PRODUCTION/documents actifs/RESEAU-SECURITE/SECURITE/FORMULAIRE_FLUX,rwcefm
220,6a3ba500-3ce6-11db-b9-f7-00c09f2354bb,2,VOLDATAG,5a67c1b72525b99975918dda,.CN=QIA742.OU=BOLLOREMEDIA.OU=MEDIA.OU=PTX.O=GB1.T=CERAMIC_TREE.,/ECHANGES/BLUE SOLUTIONS DAF_OLD,
221,a37aeb80-7716-11dc-b3-9c-00065bf7dbc8,2,VOLDATAG,5a67c1b72525b99975918ddc,.CN=GBF915.OU=BOLLOREMEDIA.OU=MEDIA.OU=PTX.O=GB1.T=CERAMIC_TREE.,/ECHANGES/BLUE SOLUTIONS DAF_OLD,
222,3662f2e1-5849-4891-33-97-e1f262364958,2,VOLDATAG,5a67c1b72525b99975918dde,.CN=BLUE-SOLUTION-DAF.OU=GROUPES.OU=BOLLORE.OU=PTX.O=GB1.T=CERAMIC_TREE.,/ECHANGES/BLUE SOLUTIONS DAF_OLD,
223,d36e5b51-297a-4122-63-98-515b6ed37a29,2,VOLDATAG,5a67c1b72525b99975918de0,.CN=DirectMalin.OU=GROUPES.OU=BOLLORE.OU=PTX.O=GB1.T=CERAMIC_TREE.,/ECHANGES/DIRECTMATIN/DIRECT MALIN,rwcefm
224,a7dcbe80-71b5-11d7-9c-64-00065bf0bb66,2,VOLDATAG,5a67c1b72525b99975918de2,.CN=EDDE.OU=MATINPLUS.OU=MEDIA.OU=PTX.O=GB1.T=CERAMIC_TREE.,/ECHANGES/BOLLOREMEDIAREGIE/COMMERCIAL/4. CULTURE-LOISIRS_et_OPS,rwcefm
225,c83853ff-3c07-4732-fb-b5-ff5338c8073c,2,VOLDATAG,5a67c1b72525b99975918dea,.CN=IMH411.OU=AUDIT.OU=BOLLORE.OU=PTX.O=GB1.T=CERAMIC_TREE.,/ECHANGES/COMPTA/136 BLUECAR (ex VEPB)/Dossier Permanent/MAG,rwcefm
226,064d1d62-9c40-4548-b3-91-621d4d06409c,2,VOLDATAG,5a67c1b72525b99975918dee,.CN=COMPTA-SMOG.OU=GROUPES.OU=BOLLORE.OU=PTX.O=GB1.T=CERAMIC_TREE.,/ECHANGES/COMPTA/136 BLUECAR (ex VEPB)/Dossier Permanent/SMOG,rwceafm
227,539cbe3e-5a00-11d7-9c-63-00065bf0bb66,2,VOLDATAG,5a67c1b72525b99975918df4,.CN=BGDN.OU=COMPTABILITE.OU=BOLLORE.OU=PTX.O=GB1.T=CERAMIC_TREE.,/ECHANGES/BOLLOREMEDIA/CANAL-PLUS-MEDIAS/Suivi Activité,rwcefm
228,6a3ba500-3ce6-11db-b9-f7-00c09f2354bb,2,VOLDATAG,5a67c1b72525b99975918df6,.CN=QIA742.OU=BOLLOREMEDIA.OU=MEDIA.OU=PTX.O=GB1.T=CERAMIC_TREE.,/ECHANGES/BOLLOREMEDIA/CANAL-PLUS-MEDIAS/Suivi Activité,rwcefm
229,539cbe41-5a00-11d7-9c-63-00065bf0bb66,2,VOLDATAG,5a67c1b72525b99975918df8,.CN=POB818.OU=COMPTABILITE.OU=BOLLORE.OU=PTX.O=GB1.T=CERAMIC_TREE.,/ECHANGES/BOLLOREMEDIA/CANAL-PLUS-MEDIAS/Suivi Activité,rwcefm
230,6bf36331-a1b3-4f50-60-a2-3163f36bb3a1,2,VOLDATAG,5a67c1b72525b99975918dfa,.CN=SWD610.OU=BOLLOREMEDIA.OU=MEDIA.OU=PTX.O=GB1.T=CERAMIC_TREE.,/ECHANGES/BOLLOREMEDIA/CANAL-PLUS-MEDIAS/Suivi Activité,rwcefm
231,87de2a03-9b41-45ff-13-92-032ade87419b,2,VOLDATAG,5a67c1b72525b99975918dfc,.CN=CHANTIER16.OU=GROUPES.OU=BOLLORE.OU=PTX.O=GB1.T=CERAMIC_TREE.,/ECHANGES/BOLLOREMEDIA/CANAL-PLUS-MEDIAS/Suivi Activité,rwcefm
232,5338d43a-1b3d-4071-3d-ae-3ad438533d1b,2,VOLDATAG,5a67c1b72525b99975918dfe,.CN=CHANTIER8.OU=GROUPES.OU=BOLLORE.OU=PTX.O=GB1.T=CERAMIC_TREE.,/ECHANGES/BOLLOREMEDIA/CANAL-PLUS-MEDIAS/Suivi Activité,rwcefm
233,539cbe3e-5a00-11d7-9c-63-00065bf0bb66,2,VOLDATAG,5a67c1b72525b99975918e00,.CN=BGDN.OU=COMPTABILITE.OU=BOLLORE.OU=PTX.O=GB1.T=CERAMIC_TREE.,/ECHANGES/BOLLOREMEDIA/CANAL-PLUS-MEDIAS/Suivi Interne,rwcefm
234,87de2a03-9b41-45ff-13-92-032ade87419b,2,VOLDATAG,5a67c1b72525b99975918e02,.CN=CHANTIER16.OU=GROUPES.OU=BOLLORE.OU=PTX.O=GB1.T=CERAMIC_TREE.,/ECHANGES/BOLLOREMEDIA/CANAL-PLUS-MEDIAS/Suivi Interne,rwcefm
235,5338d43a-1b3d-4071-3d-ae-3ad438533d1b,2,VOLDATAG,5a67c1b72525b99975918e04,.CN=CHANTIER8.OU=GROUPES.OU=BOLLORE.OU=PTX.O=GB1.T=CERAMIC_TREE.,/ECHANGES/BOLLOREMEDIA/CANAL-PLUS-MEDIAS/Suivi Interne,rwcefm
236,6a3ba500-3ce6-11db-b9-f7-00c09f2354bb,2,VOLDATAG,5a67c1b72525b99975918e06,.CN=QIA742.OU=BOLLOREMEDIA.OU=MEDIA.OU=PTX.O=GB1.T=CERAMIC_TREE.,/ECHANGES/BOLLOREMEDIA/CANAL-PLUS-MEDIAS/Suivi Interne,rwcefm
237,539cbe41-5a00-11d7-9c-63-00065bf0bb66,2,VOLDATAG,5a67c1b72525b99975918e08,.CN=POB818.OU=COMPTABILITE.OU=BOLLORE.OU=PTX.O=GB1.T=CERAMIC_TREE.,/ECHANGES/BOLLOREMEDIA/CANAL-PLUS-MEDIAS/Suivi Interne,rwcefm
238,77579fb8-74a7-4584-49-87-b89f5777a774,2,VOLDATAG,5a67c1b72525b99975918e0c,.CN=BFR.OU=GROUPES.OU=BOLLORE.OU=PTX.O=GB1.T=CERAMIC_TREE.,/ECHANGES/BFR/Hist-2013/BROCHURES 09-2013/ECHANGES/BFR,rwcefm
239,77579fb8-74a7-4584-49-87-b89f5777a774,2,VOLDATAG,5a67c1b72525b99975918e0e,.CN=BFR.OU=GROUPES.OU=BOLLORE.OU=PTX.O=GB1.T=CERAMIC_TREE.,/ECHANGES/BFR/Hist-2013/ECHANGES/BFR,rwcefm
240,4bae65f8-667b-4f21-6c-be-f865ae4b7b66,2,VOLDATAG,5a67c1b72525b99975918e10,.CN=DSI-PROJET-TW-MA2S.OU=GROUPES.OU=BOLLORE.OU=PTX.O=GB1.T=CERAMIC_TREE.,/ECHANGES/DSI/PROJETS/TW/Ma2s,rwceafm
241,77af9e00-7b48-11d9-9c-64-00065bf0bb66,2,VOLDATAG,5a67c1b72525b99975918e14,.CN=JUR_FIS_IND.OU=GROUPES.OU=BOLLORE.OU=PTX.O=GB1.T=CERAMIC_TREE.,/ECHANGES/JUR_FIS_IND/BIBLIO.JUR/SOCIETES/Groupe CSA/CSTO/Corporate/2014/Sans Objet HorsApprobComptes/ECHANGES/JUR_FIS_IND,rwcefm
242,c071c900-0ce9-11df-a0-f6-0019b9c3666e,2,VOLDATAG,5a67c1b72525b99975918e18,.CN=JUR_FIS_IND-BIBLIO.OU=GROUPES.OU=BOLLORE.OU=PTX.O=GB1.T=CERAMIC_TREE.,/ECHANGES/JUR_FIS_IND/BIBLIO.JUR/SOCIETES/Groupe CSA/CSTO/Corporate/2014/Sans Objet HorsApprobComptes/ECHANGES/JUR_FIS_IND/BIBLIO.JUR,rwcefm
243,6e2a8b33-2553-4681-3c-bf-338b2a6e5325,2,VOLDATAG,5a67c1b72525b99975918e1c,.CN=DSI-Tresorerie_PRA-FILR.OU=GROUPES.OU=BOLLORE.OU=PTX.O=GB1.T=CERAMIC_TREE.,/ECHANGES/DSI/PROJETS/TRESORERIE_PRA/FILR,rwceafm
244,da71399b-318c-4041-ac-85-9b3971da8c31,2,VOLDATAG,5a67c1b72525b99975918e1e,.CN=COVOITURAGE.OU=GROUPES.OU=BOLLORE.OU=PTX.O=GB1.T=CERAMIC_TREE.,/ECHANGES/DSI/PROJETS/Covoiturage,rwcefm
245,6a99a3ae-1601-4664-4a-af-aea3996a0116,2,VOLDATAG,5a67c1b72525b99975918e20,.CN=DSI-MIGISERIES.OU=GROUPES.OU=BOLLORE.OU=PTX.O=GB1.T=CERAMIC_TREE.,/ECHANGES/DSI/PROJETS/MIGISERIES,rwcefm
246,5244b56d-94fe-4f8b-4d-b7-6db54452fe94,2,VOLDATAG,5a67c1b72525b99975918e22,.CN=MIGISERIES.OU=GROUPES.OU=BOLLORE.OU=PTX.O=GB1.T=CERAMIC_TREE.,/ECHANGES/DSI/PROJETS/MIGISERIES,rwcefm
247,9d20b74c-bbef-4114-31-b8-4cb7209defbb,2,VOLDATAG,5a67c1b72525b99975918e26,.CN=IWJ351.OU=TITRES.OU=BOLLORE.OU=PTX.O=GB1.T=CERAMIC_TREE.,/ECHANGES/DSI/PROJETS/IMMO,rwcefm
248,479e7afc-d776-4218-d0-9a-fc7a9e4776d7,2,VOLDATAG,5a67c1b72525b99975918e28,.CN=OEG954.OU=TITRES.OU=BOLLORE.OU=PTX.O=GB1.T=CERAMIC_TREE.,/ECHANGES/DSI/PROJETS/IMMO,rwcefm
249,539cbe47-5a00-11d7-9c-63-00065bf0bb66,2,VOLDATAG,5a67c1b72525b99975918e2a,.CN=KSU413.OU=TITRES.OU=BOLLORE.OU=PTX.O=GB1.T=CERAMIC_TREE.,/ECHANGES/DSI/PROJETS/IMMO,rwcefm
250,d0ba1ab8-46df-46ee-fd-ae-b81abad0df46,2,VOLDATAG,5a67c1b72525b99975918e2c,.CN=COMPTA-CRISTA.OU=GROUPES.OU=BOLLORE.OU=PTX.O=GB1.T=CERAMIC_TREE.,/ECHANGES/COMPTA/CRISTAL Projet Comptable,rwcefm
251,77af9e00-7b48-11d9-9c-64-00065bf0bb66,2,VOLDATAG,5a67c1b72525b99975918e30,.CN=JUR_FIS_IND.OU=GROUPES.OU=BOLLORE.OU=PTX.O=GB1.T=CERAMIC_TREE.,/ECHANGES/JUR_FIS_IND/FISCAL/ANCIENS COLLABORATEURS FISCA/Sophie ELOY/CET/CET 2013/RESTAURATION_07-08-2014/ECHANGES/JUR_FIS_IND,rwcefm
252,b27772d2-7ab2-4079-a8-81-d27277b2b27a,2,VOLDATAG,5a67c1b72525b99975918e34,.CN=FISCAL.OU=GROUPES.OU=BOLLORE.OU=PTX.O=GB1.T=CERAMIC_TREE.,/ECHANGES/JUR_FIS_IND/FISCAL/ANCIENS COLLABORATEURS FISCA/Sophie ELOY/CET/CET 2013/RESTAURATION_07-08-2014/ECHANGES/JUR_FIS_IND/FISCAL,rwcefm
253,77af9e00-7b48-11d9-9c-64-00065bf0bb66,2,VOLDATAG,5a67c1b72525b99975918e38,.CN=JUR_FIS_IND.OU=GROUPES.OU=BOLLORE.OU=PTX.O=GB1.T=CERAMIC_TREE.,/ECHANGES/JUR_FIS_IND/FISCAL/ANCIENS COLLABORATEURS FISCA/Sophie ELOY/CET/CET 2013/RESTAURATION-12-08-2014/ECHANGES/JUR_FIS_IND,rwcefm
254,b27772d2-7ab2-4079-a8-81-d27277b2b27a,2,VOLDATAG,5a67c1b72525b99975918e3c,.CN=FISCAL.OU=GROUPES.OU=BOLLORE.OU=PTX.O=GB1.T=CERAMIC_TREE.,/ECHANGES/JUR_FIS_IND/FISCAL/ANCIENS COLLABORATEURS FISCA/Sophie ELOY/CET/CET 2013/RESTAURATION-12-08-2014/ECHANGES/JUR_FIS_IND/FISCAL,rwcefm
255,28da1251-5fa1-4d42-cc-9a-5112da28a15f,2,VOLDATAG,5a67c1b72525b99975918e40,.CN=VE-SURETE.OU=GROUPES.OU=BOLLORE.OU=PTX.O=GB1.T=CERAMIC_TREE.,/ECHANGES/VE/Direction Sûreté,rwceafm
256,f3f50101-483a-4cef-5f-a4-0101f5f33a48,2,VOLDATAG,5a67c1b72525b99975918e44,.CN=VE-DirSur-NIGER.OU=GROUPES.OU=BOLLORE.OU=PTX.O=GB1.T=CERAMIC_TREE.,/ECHANGES/VE/Direction Sûreté/NIGER - TOGO - BENIN,rwcefm
257,84335d3c-ab66-4177-28-a7-3c5d338466ab,2,VOLDATAG,5a67c1b72525b99975918e46,.CN=EXTDBTE.OU=FILR.OU=PTX.O=GB1.T=CERAMIC_TREE.,/ECHANGES/VE/Direction Sûreté/NIGER - TOGO - BENIN/4 - Photos,rwcefm
258,fef8f7ea-1634-4e4f-31-a7-eaf7f8fe3416,2,VOLDATAG,5a67c1b72525b99975918e48,.CN=CHAVANES.OU=GROUPES.OU=BOLLORE.OU=PTX.O=GB1.T=CERAMIC_TREE.,/ECHANGES/Bernier/CHAVANES,rwcefm
259,b0b0e338-9ad0-4ace-bb-b6-38e3b0b0d09a,2,VOLDATAG,5a67c1b72525b99975918e4c,.CN=TRANSFERT-NFA.OU=GROUPES.OU=BOLLORE.OU=PTX.O=GB1.T=CERAMIC_TREE.,/ECHANGES/Bernier/transfertNFA,rwcefm
260,c49209b4-c31a-4d12-9c-b8-b40992c41ac3,2,VOLDATAG,5a67c1b72525b99975918e50,.CN=GRANDSCADRES.OU=GROUPES.OU=BOLLORE.OU=PTX.O=GB1.T=CERAMIC_TREE.,/ECHANGES/SecGeneral/Grands_Cadres,rwcefm
261,3b1da52d-7fed-4a84-8d-94-2da51d3bed7f,2,VOLDATAG,5a67c1b72525b99975918e54,.CN=SecGenRSE.OU=GROUPES.OU=BOLLORE.OU=PTX.O=GB1.T=CERAMIC_TREE.,/ECHANGES/SecGeneral/RSE_OLD,
262,3b1da52d-7fed-4a84-8d-94-2da51d3bed7f,2,VOLDATAG,5a67c1b72525b99975918e58,.CN=SecGenRSE.OU=GROUPES.OU=BOLLORE.OU=PTX.O=GB1.T=CERAMIC_TREE.,/ECHANGES/SecGeneral/x archives RSE,rwcefm
263,66394e3f-d428-4897-37-93-3f4e396628d4,2,VOLDATAG,5a67c1b72525b99975918e5a,.CN=PLANTATIONS.OU=GROUPES.OU=BOLLORE.OU=PTX.O=GB1.T=CERAMIC_TREE.,/ECHANGES/SecGeneral/PLANTATIONS,rwcefm
264,0656fd44-78c7-4748-2b-b5-44fd5606c778,2,VOLDATAG,5a67c1b72525b99975918e5e,.CN=SecGenVeillejuridique.OU=GROUPES.OU=BOLLORE.OU=PTX.O=GB1.T=CERAMIC_TREE.,/ECHANGES/SecGeneral/Veille juridique RSE,rwcefm
265,198c7c1f-86b3-4e5b-23-bd-1f7c8c19b386,2,VOLDATAG,5a67c1b72525b99975918e60,.CN=SecGeneral_Equipe_RSE_Groupe.OU=GROUPES.OU=BOLLORE.OU=PTX.O=GB1.T=CERAMIC_TREE.,/ECHANGES/SecGeneral/RSE GROUPE BOLLORE,rwcefm
266,b737cb00-a302-11da-bb-e4-00c09f2354bb,2,VOLDATAG,5a67c1b72525b99975918e62,.CN=SECGENERAL.OU=GROUPES.OU=BOLLORE.OU=PTX.O=GB1.T=CERAMIC_TREE.,/ECHANGES/SecGeneral/RSE GROUPE BOLLORE,
267,77579fb8-74a7-4584-49-87-b89f5777a774,2,VOLDATAG,5a67c1b72525b99975918e6a,.CN=BFR.OU=GROUPES.OU=BOLLORE.OU=PTX.O=GB1.T=CERAMIC_TREE.,/ECHANGES/BFR/Hist-2014/Restau Hist-2014/ECHANGES/BFR,rwcefm
268,c4fa83af-7734-4a56-60-bc-af83fac43477,2,VOLDATAG,5a67c1b72525b99975918e6c,.CN=1-BM-JURIDIQUE.OU=GROUPES.OU=BOLLORE.OU=PTX.O=GB1.T=CERAMIC_TREE.,/ECHANGES/BOLLOREMEDIA/JURIDIQUE-MEDIAS,rwcefm
269,7db66ca0-825f-4b7b-ee-88-a06cb67d5f82,2,VOLDATAG,5a67c1b72525b99975918e70,.CN=1-BM-COMPTABILTE.OU=GROUPES.OU=BOLLORE.OU=PTX.O=GB1.T=CERAMIC_TREE.,/ECHANGES/BOLLOREMEDIA/COMPTABILITE-MEDIAS,rwcefm
270,f6f40800-d050-11da-bc-23-bc304ddc3f5f,2,VOLDATAG,5a67c1b72525b99975918e72,.CN=IOU600.OU=DSI.OU=BOLLORE.OU=PTX.O=GB1.T=CERAMIC_TREE.,/ECHANGES/BOLLOREMEDIA/COMPTABILITE-MEDIAS,rwceafm
271,acd03189-ff8b-41fd-36-90-8931d0ac8bff,2,VOLDATAG,5a67c1b72525b99975918e74,.CN=1-BM-ETUDES.OU=GROUPES.OU=BOLLORE.OU=PTX.O=GB1.T=CERAMIC_TREE.,/ECHANGES/BOLLOREMEDIA/ETUDES-MEDIAS,rwcefm
272,fdbd1e4e-83ab-479f-b8-84-4e1ebdfdab83,2,VOLDATAG,5a67c1b72525b99975918e76,.CN=L_BOL_PTX_FILR_ETUDES-MEDIAS.OU=GROUPES.OU=BOLLORE.OU=PTX.O=GB1.T=CERAMIC_TREE.,/ECHANGES/BOLLOREMEDIA/ETUDES-MEDIAS,rwcefm
273,9ce1ccfd-a695-49f1-c2-aa-fdcce19c95a6,2,VOLDATAG,5a67c1b72525b99975918e7a,.CN=1-BM-CONTROLE-DE-GESTION.OU=GROUPES.OU=BOLLORE.OU=PTX.O=GB1.T=CERAMIC_TREE.,/ECHANGES/BOLLOREMEDIA/CONTROLE-DE-GESTION-MEDIAS,rwcefm
274,31f1e959-b41a-4017-69-89-59e9f1311ab4,2,VOLDATAG,5a67c1b72525b99975918e7c,.CN=L_BOL_PTX_FILR_BOLLOREMEDIA_CDGM.OU=GROUPES.OU=BOLLORE.OU=PTX.O=GB1.T=CERAMIC_TREE.,/ECHANGES/BOLLOREMEDIA/CONTROLE-DE-GESTION-MEDIAS,rwcefm
275,f6f40800-d050-11da-bc-23-bc304ddc3f5f,2,VOLDATAG,5a67c1b72525b99975918e80,.CN=IOU600.OU=DSI.OU=BOLLORE.OU=PTX.O=GB1.T=CERAMIC_TREE.,/ECHANGES/BOLLOREMEDIA/RESTO_DAF-COMPTA,rwceafms
276,65b87be2-e7c1-4e69-77-ad-e27bb865c1e7,2,VOLDATAG,5a67c1b72525b99975918e82,.CN=DTV898.OU=DSI.OU=BOLLORE.OU=PTX.O=GB1.T=CERAMIC_TREE.,/ECHANGES/BOLLOREMEDIA/RESTO_DAF-COMPTA,rwceafm
277,aa06578b-51e6-4ddb-44-9a-8b5706aae651,2,VOLDATAG,5a67c1b72525b99975918e86,.CN=1-BM-SHARED_DAF_BMR.OU=GROUPES.OU=BOLLORE.OU=PTX.O=GB1.T=CERAMIC_TREE.,/ECHANGES/BOLLOREMEDIA/SHARED_DAF_BMR-MEDIAS,rwcefm
278,3b76c7be-ea44-4ceb-f5-8a-bec7763b44ea,2,VOLDATAG,5a67c1b72525b99975918e88,.CN=1-BM-DSI.OU=GROUPES.OU=BOLLORE.OU=PTX.O=GB1.T=CERAMIC_TREE.,/ECHANGES/BOLLOREMEDIA/SHARED_DAF_BMR-MEDIAS,rwcefm
279,dba65198-d463-4410-b1-96-9851a6db63d4,2,VOLDATAG,5a67c1b72525b99975918e8a,.CN=NHH017.OU=BOLLOREMEDIAREGIE.OU=MEDIA.OU=PTX.O=GB1.T=CERAMIC_TREE.,/ECHANGES/BOLLOREMEDIA/SHARED_DAF_BMR-MEDIAS,rwcefm
280,78483481-7b48-11d9-9c-64-00065bf0bb66,2,VOLDATAG,5a67c1b72525b99975918e8c,.CN=TRESORERIE.OU=GROUPES.OU=BOLLORE.OU=PTX.O=GB1.T=CERAMIC_TREE.,/ECHANGES/TRESORERIE/flurel14/Restore/ECHANGES/TRESORERIE,rwcefm
281,7cd0cd90-023f-4623-71-8e-90cdd07c3f02,2,VOLDATAG,5a67c1b72525b99975918e90,.CN=BM-LEBLEU.OU=GROUPES.OU=BOLLORE.OU=PTX.O=GB1.T=CERAMIC_TREE.,/ECHANGES/BOLLOREMEDIA/CONTROLE-DE-GESTION-MEDIAS/P.LEBLEU,rwcefm
282,a7edbb80-101e-11db-aa-ce-b7762bc1d13f,2,VOLDATAG,5a67c1b72525b99975918e94,.CN=NETTING.OU=GROUPES.OU=BOLLORE.OU=PTX.O=GB1.T=CERAMIC_TREE.,/ECHANGES/NETTING/ECHANGES/NETTING,rwcefm
283,fad35a80-d04f-11da-bc-23-bc304ddc3f5f,2,VOLDATAG,5a67c1b72525b99975918e96,.CN=CCV446.OU=MATINPLUS.OU=MEDIA.OU=PTX.O=GB1.T=CERAMIC_TREE.,/ECHANGES/DIRECTMATIN/A_DIR,rwcefm
284,c3a59377-fc85-45ef-45-ae-7793a5c385fc,2,VOLDATAG,5a67c1b72525b99975918e9a,.CN=KMP585.OU=COMMUNICATION.OU=BOLLORE.OU=PTX.O=GB1.T=CERAMIC_TREE.,/ECHANGES/Elites/M.R/MICHEL_ROUSSIN,rwceafm
285,d3bb9731-e80c-4b3b-c1-87-3197bbd30ce8,2,VOLDATAG,5a67c1b72525b99975918e9c,.CN=ELITES_ANGE_MANCINI.OU=GROUPES.OU=BOLLORE.OU=PTX.O=GB1.T=CERAMIC_TREE.,/ECHANGES/Elites/ANGE_MANCINI,rwcefm
286,539cbe02-5a00-11d7-9c-63-00065bf0bb66,2,VOLDATAG,5a67c1b72525b99975918ea0,.CN=XYY564.OU=JURIDIQUE.OU=BOLLORE.OU=PTX.O=GB1.T=CERAMIC_TREE.,/ECHANGES/JUR_FIS_IND/COURRIER/DOC/baillard,rfm
287,539cbe70-5a00-11d7-9c-63-00065bf0bb66,2,VOLDATAG,5a67c1b72525b99975918ea2,.CN=IZF148.OU=JURIDIQUE.OU=BOLLORE.OU=PTX.O=GB1.T=CERAMIC_TREE.,/ECHANGES/JUR_FIS_IND/COURRIER/DOC/baillard,rfm
288,539cbe1e-5a00-11d7-9c-63-00065bf0bb66,2,VOLDATAG,5a67c1b72525b99975918ea4,.CN=WBR216.OU=JURIDIQUE.OU=BOLLORE.OU=PTX.O=GB1.T=CERAMIC_TREE.,/ECHANGES/JUR_FIS_IND/COURRIER/DOC/baillard,rfm
289,ea1caf86-59ff-11d7-9c-63-00065bf0bb66,2,VOLDATAG,5a67c1b72525b99975918ea6,.CN=LHE203.OU=JURIDIQUE.OU=BOLLORE.OU=PTX.O=GB1.T=CERAMIC_TREE.,/ECHANGES/JUR_FIS_IND/COURRIER/DOC/baillard,rfm
290,539cbe6f-5a00-11d7-9c-63-00065bf0bb66,2,VOLDATAG,5a67c1b72525b99975918ea8,.CN=ISW849.OU=JURIDIQUE.OU=BOLLORE.OU=PTX.O=GB1.T=CERAMIC_TREE.,/ECHANGES/JUR_FIS_IND/COURRIER/DOC/baillard,rfm
291,539cbe70-5a00-11d7-9c-63-00065bf0bb66,2,VOLDATAG,5a67c1b72525b99975918eaa,.CN=IZF148.OU=JURIDIQUE.OU=BOLLORE.OU=PTX.O=GB1.T=CERAMIC_TREE.,/ECHANGES/JUR_FIS_IND/COURRIER/DOC/DOSSIERS HAMMOU,rwcefm
292,ea1caf86-59ff-11d7-9c-63-00065bf0bb66,2,VOLDATAG,5a67c1b72525b99975918eac,.CN=LHE203.OU=JURIDIQUE.OU=BOLLORE.OU=PTX.O=GB1.T=CERAMIC_TREE.,/ECHANGES/JUR_FIS_IND/COURRIER/DOC/DOSSIERS HAMMOU,rwcefm
293,539cbe02-5a00-11d7-9c-63-00065bf0bb66,2,VOLDATAG,5a67c1b72525b99975918eae,.CN=XYY564.OU=JURIDIQUE.OU=BOLLORE.OU=PTX.O=GB1.T=CERAMIC_TREE.,/ECHANGES/JUR_FIS_IND/COURRIER/DOC/DOSSIERS HAMMOU,rwcefm
294,8a59bf29-26ac-4c33-98-8f-29bf598aac26,2,VOLDATAG,5a67c1b72525b99975918eb2,.CN=JUR_FIS_IND-DOC-PARET.OU=GROUPES.OU=BOLLORE.OU=PTX.O=GB1.T=CERAMIC_TREE.,/ECHANGES/JUR_FIS_IND/COURRIER/DOC/Paret,rwcefm
295,539cbe2c-5a00-11d7-9c-63-00065bf0bb66,2,VOLDATAG,5a67c1b72525b99975918eb6,.CN=ZKM894.OU=DIR-PARTICIPATIONS.OU=BOLLORE.OU=PTX.O=GB1.T=CERAMIC_TREE.,/ECHANGES/JUR_FIS_IND/COURRIER/DOC/TISSIER,rwcefm
296,54d90ea1-8c10-4237-09-9a-a10ed954108c,2,VOLDATAG,5a67c1b72525b99975918eb8,.CN=IRIS-CLUB-FACTURATION.OU=GROUPES.OU=BOLLORE.OU=PTX.O=GB1.T=CERAMIC_TREE.,/ECHANGES/IRIS_OLD/CLUB,
297,54d90ea1-8c10-4237-09-9a-a10ed954108c,2,VOLDATAG,5a67c1b72525b99975918eba,.CN=IRIS-CLUB-FACTURATION.OU=GROUPES.OU=BOLLORE.OU=PTX.O=GB1.T=CERAMIC_TREE.,/ECHANGES/IRIS_OLD/CLUB/FACTURATION,rwcefm
298,86e27917-5504-4d09-32-8c-1779e2860455,2,VOLDATAG,5a67c1b72525b99975918ebc,.CN=WQK931.OU=DIR-ACHATS.OU=BOLLORE.OU=PTX.O=GB1.T=CERAMIC_TREE.,/ECHANGES/DSI/ATOS/Mohamed/restore/HOME/JBET,rwcefm
299,cc6eb23b-d0e8-4cbc-44-a7-3bb26ecce8d0,2,VOLDATAG,5a67c1b72525b99975918ebe,.CN=VHF768.OU=INFOGERANCE.OU=PTX.O=GB1.T=CERAMIC_TREE.,/ECHANGES/DSI/ATOS/Exploitation et Administration/test,rwcefm
300,647cd0c4-86d0-4f27-eb-99-c4d07c64d086,2,VOLDATAG,5a67c1b72525b99975918ec0,.CN=TARIFSMATERIEL.OU=GROUPES.OU=BOLLORE.OU=PTX.O=GB1.T=CERAMIC_TREE.,/ECHANGES/Tarifs_Materiel_OLD,
301,7db63d3c-2e97-4c93-12-a3-3c3db67d972e,2,VOLDATAG,5a67c1b72525b99975918ec2,.CN=TARIFSMATERIELALL.OU=GROUPES.OU=BOLLORE.OU=PTX.O=GB1.T=CERAMIC_TREE.,/ECHANGES/Tarifs_Materiel_OLD,
302,1801a73b-9c5a-4409-8a-80-3ba701185a9c,2,VOLDATAG,5a67c1b72525b99975918ec4,.OU=BOLLOREMEDIAREGIE.OU=MEDIA.OU=PTX.O=GB1.T=CERAMIC_TREE.,/ECHANGES/BOLLOREMEDIAREGIE/COMMERCIAL/7. FICHIERS_FORMATIONS_EQUIPE_COMMERCIALE/EXEMPLES DE FORMAT/HAVAS- CHRISTINE/HAVAS 2016/Société SVP,
303,e7b41980-65b8-11dc-84-f0-00c09f2354bb,2,VOLDATAG,5a67c1b72525b99975918ec6,.CN=SPVS.OU=BOLLOREMEDIAREGIE.OU=MEDIA.OU=PTX.O=GB1.T=CERAMIC_TREE.,/ECHANGES/BOLLOREMEDIAREGIE/COMMERCIAL/7. FICHIERS_FORMATIONS_EQUIPE_COMMERCIALE/EXEMPLES DE FORMAT/HAVAS- CHRISTINE/HAVAS 2016/Société SVP,rwcefm
304,f72f5517-b540-4cdf-b0-b9-17552ff740b5,2,VOLDATAG,5a67c1b72525b99975918ec8,.CN=RMD781.OU=BOLLOREMEDIAREGIE.OU=MEDIA.OU=PTX.O=GB1.T=CERAMIC_TREE.,/ECHANGES/BOLLOREMEDIAREGIE/COMMERCIAL/7. FICHIERS_FORMATIONS_EQUIPE_COMMERCIALE/EXEMPLES DE FORMAT/HAVAS- CHRISTINE/HAVAS 2016/Société SVP,rwcefm
305,d1ed867d-4eba-4b12-cb-a6-7d86edd1ba4e,2,VOLDATAG,5a67c1b72525b99975918eca,.CN=BOLLOREMEDIAREGIE.OU=GROUPES.OU=BOLLORE.OU=PTX.O=GB1.T=CERAMIC_TREE.,/ECHANGES/BOLLOREMEDIAREGIE/COMMERCIAL,rwceafm
306,c035e2c7-58d8-48bf-51-ad-c7e235c0d858,2,VOLDATAG,5a67c1b72525b99975918ecc,.CN=BOLLOREMEDIAREGIE-SERVICE-RP.OU=GROUPES.OU=BOLLORE.OU=PTX.O=GB1.T=CERAMIC_TREE.,/ECHANGES/BOLLOREMEDIAREGIE/SERVICE RP,rwcefm
307,d1ed867d-4eba-4b12-cb-a6-7d86edd1ba4e,2,VOLDATAG,5a67c1b72525b99975918ed0,.CN=BOLLOREMEDIAREGIE.OU=GROUPES.OU=BOLLORE.OU=PTX.O=GB1.T=CERAMIC_TREE.,/ECHANGES/BOLLOREMEDIAREGIE/PARTENARIATS,
308,d4e87b61-e968-4278-92-84-617be8d468e9,2,VOLDATAG,5a67c1b72525b99975918ed2,.CN=BOLLOREMEDIAREGIE_PARTENARIATS.OU=GROUPES.OU=BOLLORE.OU=PTX.O=GB1.T=CERAMIC_TREE.,/ECHANGES/BOLLOREMEDIAREGIE/PARTENARIATS,rwcefm
309,a05214b5-eeee-4f63-d6-8b-b51452a0eeee,2,VOLDATAG,5a67c1b72525b99975918ed4,.CN=ECHANGE-MEDIA.OU=GROUPES.OU=BOLLORE.OU=PTX.O=GB1.T=CERAMIC_TREE.,/ECHANGES/BOLLOREMEDIAREGIE/RECOUVREMENT (POLE CHRIS)/DOC CLOTURE MEDIA ECHANGE,rwcefm
310,c69faeb4-2e3e-43b9-13-92-b4ae9fc63e2e,2,VOLDATAG,5a67c1b72525b99975918ed6,.CN=BMR-MARKETUDES.OU=GROUPES.OU=BOLLORE.OU=PTX.O=GB1.T=CERAMIC_TREE.,/ECHANGES/BOLLOREMEDIAREGIE/MARKETING ET ETUDES,rwcefm
311,6facc014-d699-4045-de-80-14c0ac6f99d6,2,VOLDATAG,5a67c1b72525b99975918ed8,.CN=BMR-MARKETUDESLECT.OU=GROUPES.OU=BOLLORE.OU=PTX.O=GB1.T=CERAMIC_TREE.,/ECHANGES/BOLLOREMEDIAREGIE/MARKETING ET ETUDES,
312,d1ed867d-4eba-4b12-cb-a6-7d86edd1ba4e,2,VOLDATAG,5a67c1b72525b99975918eda,.CN=BOLLOREMEDIAREGIE.OU=GROUPES.OU=BOLLORE.OU=PTX.O=GB1.T=CERAMIC_TREE.,/ECHANGES/BOLLOREMEDIAREGIE/MARKETING ET ETUDES,
313,442ac223-63ca-4df8-c6-b1-23c22a44ca63,2,VOLDATAG,5a67c1b72525b99975918edc,.CN=BIBLIOCONTRATS.OU=GROUPES.OU=BOLLORE.OU=PTX.O=GB1.T=CERAMIC_TREE.,/ECHANGES/BOLLOREMEDIAREGIE/GESTION/BIBLIOTHEQUE CONTRATS,rwcefm
314,6b049851-4160-4bde-eb-89-5198046b6041,2,VOLDATAG,5a67c1b72525b99975918ede,.CN=COMPTA_000-PARTAGE.OU=GROUPES.OU=BOLLORE.OU=PTX.O=GB1.T=CERAMIC_TREE.,/ECHANGES/COMPTA_NEW/000 Partage,
315,6bb5ee1a-f235-4b14-91-9a-1aeeb56b35f2,2,VOLDATAG,5a67c1b72525b99975918ee2,.CN=COMPTA_CE_077.OU=GROUPES.OU=BOLLORE.OU=PTX.O=GB1.T=CERAMIC_TREE.,/ECHANGES/COMPTA_NEW/077 CE BOLLORE,
316,ecda99be-3a50-4408-2f-b2-be99daec503a,2,VOLDATAG,5a67c1b72525b99975918ee6,.CN=COMPTA_136.OU=GROUPES.OU=BOLLORE.OU=PTX.O=GB1.T=CERAMIC_TREE.,/ECHANGES/COMPTA_NEW/136 BLUECAR (ex VEPB),rwcefm
317,138d18eb-ca71-46cf-5d-9d-eb188d1371ca,2,VOLDATAG,5a67c1b72525b99975918eea,.CN=COMPTA_155.OU=GROUPES.OU=BOLLORE.OU=PTX.O=GB1.T=CERAMIC_TREE.,/ECHANGES/COMPTA_NEW/155 SOMABOL,
318,77af9e14-7b48-11d9-9c-64-00065bf0bb66,2,VOLDATAG,5a67c1b72525b99975918eec,.CN=COMPTA_USERS.OU=GROUPES.OU=BOLLORE.OU=PTX.O=GB1.T=CERAMIC_TREE.,/ECHANGES/COMPTA_NEW/155 SOMABOL,
319,77af9e15-7b48-11d9-9c-64-00065bf0bb66,2,VOLDATAG,5a67c1b72525b99975918eee,.CN=COMPTA_USERS_ADMIN.OU=GROUPES.OU=BOLLORE.OU=PTX.O=GB1.T=CERAMIC_TREE.,/ECHANGES/COMPTA_NEW/155 SOMABOL,
320,830b053c-7ba0-4121-82-aa-3c050b83a07b,2,VOLDATAG,5a67c1b72525b99975918ef2,.CN=COMPTA_156.OU=GROUPES.OU=BOLLORE.OU=PTX.O=GB1.T=CERAMIC_TREE.,/ECHANGES/COMPTA_NEW/156 FLEET MANAGEMENT SERVICES,
321,77af9e14-7b48-11d9-9c-64-00065bf0bb66,2,VOLDATAG,5a67c1b72525b99975918ef4,.CN=COMPTA_USERS.OU=GROUPES.OU=BOLLORE.OU=PTX.O=GB1.T=CERAMIC_TREE.,/ECHANGES/COMPTA_NEW/156 FLEET MANAGEMENT SERVICES,
322,77af9e15-7b48-11d9-9c-64-00065bf0bb66,2,VOLDATAG,5a67c1b72525b99975918ef6,.CN=COMPTA_USERS_ADMIN.OU=GROUPES.OU=BOLLORE.OU=PTX.O=GB1.T=CERAMIC_TREE.,/ECHANGES/COMPTA_NEW/156 FLEET MANAGEMENT SERVICES,
323,77af9e14-7b48-11d9-9c-64-00065bf0bb66,2,VOLDATAG,5a67c1b72525b99975918efa,.CN=COMPTA_USERS.OU=GROUPES.OU=BOLLORE.OU=PTX.O=GB1.T=CERAMIC_TREE.,/ECHANGES/COMPTA_NEW/ARCHIVES HOLDINGS (ancien repertoire ne pas utiliser),
324,77af9e14-7b48-11d9-9c-64-00065bf0bb66,2,VOLDATAG,5a67c1b72525b99975918efc,.CN=COMPTA_USERS.OU=GROUPES.OU=BOLLORE.OU=PTX.O=GB1.T=CERAMIC_TREE.,/ECHANGES/COMPTA_NEW/BOLLORE,rf
325,77af9e14-7b48-11d9-9c-64-00065bf0bb66,2,VOLDATAG,5a67c1b72525b99975918efe,.CN=COMPTA_USERS.OU=GROUPES.OU=BOLLORE.OU=PTX.O=GB1.T=CERAMIC_TREE.,/ECHANGES/COMPTA_NEW/CRISTAL Projet Comptable,
326,b8ad3000-6f31-11db-bd-da-00c09f2354bb,2,VOLDATAG,5a67c1b72525b99975918f00,.CN=CRISTAL_PROJET_COMPTABLE.OU=GROUPES.OU=BOLLORE.OU=PTX.O=GB1.T=CERAMIC_TREE.,/ECHANGES/COMPTA_NEW/CRISTAL Projet Comptable,
327,82ba90b3-8fdc-42a8-db-8e-b390ba82dc8f,2,VOLDATAG,5a67c1b72525b99975918f02,.CN=HOL-Save-Abel .OU=GROUPES.OU=BOLLORE.OU=PTX.O=GB1.T=CERAMIC_TREE.,/ECHANGES/COMPTA_NEW/Sauvegarde_Hol_Abel,rwf
328,8866b62f-4092-4fbb-af-b3-2fb666889240,2,VOLDATAG,5a67c1b72525b99975918f06,.CN=COMPTA-CONSTANTIN.OU=GROUPES.OU=BOLLORE.OU=PTX.O=GB1.T=CERAMIC_TREE.,/ECHANGES/COMPTA_NEW/000 Docs multi-sociétés/autres/CAC/SERVEUR CONSTANTIN,rwceafm
329,c83853ff-3c07-4732-fb-b5-ff5338c8073c,2,VOLDATAG,5a67c1b72525b99975918f08,.CN=IMH411.OU=AUDIT.OU=BOLLORE.OU=PTX.O=GB1.T=CERAMIC_TREE.,/ECHANGES/COMPTA_NEW/136 BLUECAR (ex VEPB)/Dossier Permanent/MAG,rwcefm
330,064d1d62-9c40-4548-b3-91-621d4d06409c,2,VOLDATAG,5a67c1b72525b99975918f0c,.CN=COMPTA-SMOG.OU=GROUPES.OU=BOLLORE.OU=PTX.O=GB1.T=CERAMIC_TREE.,/ECHANGES/COMPTA_NEW/136 BLUECAR (ex VEPB)/Dossier Permanent/SMOG,rwceafm
331,836e2000-2de7-11dc-9c-65-00065bf0bb66,2,VOLDATAG,5a67c1b72525b99975918f10,.CN=THI455.OU=COMPTABILITE.OU=BOLLORE.OU=PTX.O=GB1.T=CERAMIC_TREE.,/ECHANGES/COMPTA_NEW/CRISTAL Projet Comptable/PROJETS DSICOMPTA,rwcefm
332,ad1e8800-a415-11dc-84-f0-00c09f2354bb,2,VOLDATAG,5a67c1b72525b99975918f12,.CN=COMPTA-PARADM.OU=GROUPES.OU=BOLLORE.OU=PTX.O=GB1.T=CERAMIC_TREE.,/ECHANGES/COMPTA_NEW/CRISTAL Projet Comptable/PARAMETRES_IRIS_FINANCE/Paramètres pour administrateurs (dossier sécurisé),rwcefm
333,d1ab16a9-b45e-48d7-56-9f-a916abd15eb4,2,VOLDATAG,5a67c1b72525b99975918f16,.CN=G_COMPTA_FISCAL-RESEAU-PARTAGE.OU=GROUPES.OU=BOLLORE.OU=PTX.O=GB1.T=CERAMIC_TREE.,/ECHANGES/COMPTA/000 Docs multi-sociétés/Autres/FISCAL RESEAU PARTAGE,rf
334,848d7ee7-fcb3-42c0-eb-9a-e77e8d84b3fc,2,VOLDATAG,5a67c1b72525b99975918f18,.CN=COMPTA-AEG.OU=GROUPES.OU=BOLLORE.OU=PTX.O=GB1.T=CERAMIC_TREE.,/ECHANGES/COMPTA/000 Docs multi-sociétés/Autres/CAC/SERVEUR AEG,rwcefm
335,8866b62f-4092-4fbb-af-b3-2fb666889240,2,VOLDATAG,5a67c1b72525b99975918f1a,.CN=COMPTA-CONSTANTIN.OU=GROUPES.OU=BOLLORE.OU=PTX.O=GB1.T=CERAMIC_TREE.,/ECHANGES/COMPTA/000 Docs multi-sociétés/Autres/CAC/SERVEUR CONSTANTIN,rwcfm
336,2231f001-e0a8-4d46-22-b5-01f03122a8e0,2,VOLDATAG,5a67c1b72525b99975918f1c,.CN=L_BOL_PTX_FILR_INTERFACE KYRIBAS_IRIS.OU=GROUPES.OU=BOLLORE.OU=PTX.O=GB1.T=CERAMIC_TREE.,/ECHANGES/COMPTA/CRISTAL Projet Comptable/PROJETS DSICOMPTA/Interface Kyriba_IRIS,rwcefm
337,fb19ee00-aad8-11db-9c-65-00065bf0bb66,2,VOLDATAG,5a67c1b72525b99975918f1e,.CN=RJJ625.OU=BOLLOREMEDIA.OU=MEDIA.OU=PTX.O=GB1.T=CERAMIC_TREE.,/ECHANGES/Tarifs_Materiel/RECLUS Albane,rwcefm
338,d1ed867d-4eba-4b12-cb-a6-7d86edd1ba4e,2,VOLDATAG,5a67c1b72525b99975918f22,.CN=BOLLOREMEDIAREGIE.OU=GROUPES.OU=BOLLORE.OU=PTX.O=GB1.T=CERAMIC_TREE.,/ECHANGES/BOLLOREMEDIAREGIE/GESTION/JiPe/ECHANGES/BOLLOREMEDIAREGIE,rwcefm
339,dd9307f2-e4b2-4aa8-25-84-f20793ddb2e4,2,VOLDATAG,5a67c1b72525b99975918f26,.CN=WHB662.OU=DRH-GROUPE.OU=BOLLORE.OU=PTX.O=GB1.T=CERAMIC_TREE.,/ECHANGES/DRH Groupe/Service JC/A. LE BIHEN,rwcefm
340,12c190ec-aa05-45f1-1c-80-ec90c11205aa,2,VOLDATAG,5a67c1b72525b99975918f28,.CN=TQZ615.OU=DRH-GROUPE.OU=BOLLORE.OU=PTX.O=GB1.T=CERAMIC_TREE.,/ECHANGES/DRH Groupe/Service JC/A. LE BIHEN,rwcefm
341,9a3c5b68-5fbe-4cdf-f2-ad-685b3c9abe5f,2,VOLDATAG,5a67c1b72525b99975918f2a,.CN=EXTDIAO.OU=FILR.OU=PTX.O=GB1.T=CERAMIC_TREE.,/ECHANGES/Contrats Clients IFRS15/EXTDIAO,rwcefm
342,0b417308-16f6-446b-ae-be-0873410bf616,2,VOLDATAG,5a67c1b72525b99975918f2c,.CN=EXTDARMOIS.OU=FILR.OU=PTX.O=GB1.T=CERAMIC_TREE.,/ECHANGES/Contrats Clients IFRS15/EXTDARMOIS,rwcefm
343,8f13224b-f3dc-4d6a-c0-9e-4b22138fdcf3,2,VOLDATAG,5a67c1b72525b99975918f2e,.CN=EXTLEBRUN.OU=FILR.OU=PTX.O=GB1.T=CERAMIC_TREE.,/ECHANGES/Contrats Clients IFRS15/EXTLEBRUN,rwcefm
344,3e04c7ed-d5a9-447d-ac-b6-edc7043ea9d5,2,VOLDATAG,5a67c1b72525b99975918f30,.CN=EXTCOSTE.OU=FILR.OU=PTX.O=GB1.T=CERAMIC_TREE.,/ECHANGES/Contrats Clients IFRS15/EXTCOSTE,rwcefm
345,f75a3cc4-13ea-4aa6-c8-8f-c43c5af7ea13,2,VOLDATAG,5a67c1b72525b99975918f32,.CN=EXTVIGNEUX.OU=FILR.OU=PTX.O=GB1.T=CERAMIC_TREE.,/ECHANGES/Contrats Clients IFRS15/EXTVIGNEUX,rwcefm
346,3a88eab7-8a8c-4ff6-66-b8-b7ea883a8c8a,2,VOLDATAG,5a67c1b72525b99975918f34,.CN=EXTLOVE.OU=FILR.OU=PTX.O=GB1.T=CERAMIC_TREE.,/ECHANGES/Contrats Clients IFRS15/EXTLOVE,rwcefm
347,c1bea5da-7a1a-4a06-89-87-daa5bec11a7a,2,VOLDATAG,5a67c1b72525b99975918f36,.CN=EXTKAKOU.OU=FILR.OU=PTX.O=GB1.T=CERAMIC_TREE.,/ECHANGES/Contrats Clients IFRS15/EXTKAKOU,rwcefm
348,891ea7e8-5753-44d9-bd-8a-e8a71e895357,2,VOLDATAG,5a67c1b72525b99975918f38,.CN=EXTDEROUGE.OU=FILR.OU=PTX.O=GB1.T=CERAMIC_TREE.,/ECHANGES/Contrats Clients IFRS15/EXTDEROUGE,rwcefm
349,e029c86c-3fb9-4515-47-9e-6cc829e0b93f,2,VOLDATAG,5a67c1b72525b99975918f3a,.CN=EXTHAENDLER.OU=FILR.OU=PTX.O=GB1.T=CERAMIC_TREE.,/ECHANGES/Contrats Clients IFRS15/EXTHAENDLER,rwcefm
350,3dadfccc-b9a7-4a56-4e-af-ccfcad3da7b9,2,VOLDATAG,5a67c1b72525b99975918f3c,.CN=EXTKONAN.OU=FILR.OU=PTX.O=GB1.T=CERAMIC_TREE.,/ECHANGES/Contrats Clients IFRS15/EXTKONAN,rwcefm
351,4c1603c1-a325-458f-d4-b1-c103164c25a3,2,VOLDATAG,5a67c1b72525b99975918f3e,.CN=EXTMALIN.OU=FILR.OU=PTX.O=GB1.T=CERAMIC_TREE.,/ECHANGES/Contrats Clients IFRS15/EXTMALIN,rwcefm
352,d89638a5-0655-4fec-6b-9c-a53896d85506,2,VOLDATAG,5a67c1b72525b99975918f40,.CN=EXTDERIVOIRE.OU=FILR.OU=PTX.O=GB1.T=CERAMIC_TREE.,/ECHANGES/Contrats Clients IFRS15/EXTDERIVOIRE,rwcefm
353,c6aa192e-c818-4de7-99-bc-2e19aac618c8,2,VOLDATAG,5a67c1b72525b99975918f42,.CN=EXTFUTOL.OU=FILR.OU=PTX.O=GB1.T=CERAMIC_TREE.,/ECHANGES/Contrats Clients IFRS15/EXTFUTOL,rwcefm
354,ce97230b-25b1-4ed2-93-b5-0b2397ceb125,2,VOLDATAG,5a67c1b72525b99975918f44,.CN=EXTSAILLE.OU=FILR.OU=PTX.O=GB1.T=CERAMIC_TREE.,/ECHANGES/Contrats Clients IFRS15/EXTSAILLE,rwcefm
355,5d6fe228-7ee3-4b42-f2-91-28e26f5de37e,2,VOLDATAG,5a67c1b72525b99975918f46,.CN=EXTDOSANTOS.OU=FILR.OU=PTX.O=GB1.T=CERAMIC_TREE.,/ECHANGES/Contrats Clients IFRS15/EXTDOSANTOS,rwcefm
356,54d90ea1-8c10-4237-09-9a-a10ed954108c,2,VOLDATAG,5a67c1b72525b99975918f48,.CN=IRIS-CLUB-FACTURATION.OU=GROUPES.OU=BOLLORE.OU=PTX.O=GB1.T=CERAMIC_TREE.,/ECHANGES/IRIS/CLUB,rf
357,28f04200-2957-11dc-9c-65-00065bf0bb66,2,VOLDATAG,5a67c1b72525b99975918f4a,.CN=IRIS-CLUB.OU=GROUPES.OU=BOLLORE.OU=PTX.O=GB1.T=CERAMIC_TREE.,/ECHANGES/IRIS/CLUB,rf
358,6d23094a-0e0f-442e-91-84-4a09236d0f0e,2,VOLDATAG,5a67c1b72525b99975918f4c,.CN=GYZ531.OU=DIR-IMMOBILIER.OU=BOLLORE.OU=PTX.O=GB1.T=CERAMIC_TREE.,/ECHANGES/IRIS/Archives DI,rwcefm
359,54d90ea1-8c10-4237-09-9a-a10ed954108c,2,VOLDATAG,5a67c1b72525b99975918f4e,.CN=IRIS-CLUB-FACTURATION.OU=GROUPES.OU=BOLLORE.OU=PTX.O=GB1.T=CERAMIC_TREE.,/ECHANGES/IRIS/CLUB_OLD/FACTURATION,rwcefm
360,b27772d2-7ab2-4079-a8-81-d27277b2b27a,2,VOLDATAG,5a67c1b72525b99975918f50,.CN=FISCAL.OU=GROUPES.OU=BOLLORE.OU=PTX.O=GB1.T=CERAMIC_TREE.,/ECHANGES/JUR_FIS_IND/FISCAL/Laëtitia/CONTROLES FISCAUX,
361,77af9e00-7b48-11d9-9c-64-00065bf0bb66,2,VOLDATAG,5a67c1b72525b99975918f52,.CN=JUR_FIS_IND.OU=GROUPES.OU=BOLLORE.OU=PTX.O=GB1.T=CERAMIC_TREE.,/ECHANGES/JUR_FIS_IND/FISCAL/Laëtitia/CONTROLES FISCAUX,
362,c4df7225-7666-44ca-f0-a9-2572dfc46676,2,VOLDATAG,5a67c1b72525b99975918f54,.CN=JUR_FIS_IND_FIS_LAE_CTRL-FISC.OU=GROUPES.OU=BOLLORE.OU=PTX.O=GB1.T=CERAMIC_TREE.,/ECHANGES/JUR_FIS_IND/FISCAL/Laëtitia/CONTROLES FISCAUX,rwcefm
363,b27772d2-7ab2-4079-a8-81-d27277b2b27a,2,VOLDATAG,5a67c1b72525b99975918f56,.CN=FISCAL.OU=GROUPES.OU=BOLLORE.OU=PTX.O=GB1.T=CERAMIC_TREE.,/ECHANGES/JUR_FIS_IND/FISCAL/Laëtitia/DOSSIERS CONF,
364,77af9e00-7b48-11d9-9c-64-00065bf0bb66,2,VOLDATAG,5a67c1b72525b99975918f58,.CN=JUR_FIS_IND.OU=GROUPES.OU=BOLLORE.OU=PTX.O=GB1.T=CERAMIC_TREE.,/ECHANGES/JUR_FIS_IND/FISCAL/Laëtitia/DOSSIERS CONF,
365,8da87979-ff9e-4333-e0-b7-7979a88d9eff,2,VOLDATAG,5a67c1b72525b99975918f5a,.CN=JUR_FIS_IND_FIS_LAE_DOS-CONF.OU=GROUPES.OU=BOLLORE.OU=PTX.O=GB1.T=CERAMIC_TREE.,/ECHANGES/JUR_FIS_IND/FISCAL/Laëtitia/DOSSIERS CONF,rwcefm
366,539cbe02-5a00-11d7-9c-63-00065bf0bb66,2,VOLDATAG,5a67c1b72525b99975918f5c,.CN=XYY564.OU=JURIDIQUE.OU=BOLLORE.OU=PTX.O=GB1.T=CERAMIC_TREE.,/ECHANGES/JUR_FIS_IND/DOC/baillard,rfm
367,539cbe70-5a00-11d7-9c-63-00065bf0bb66,2,VOLDATAG,5a67c1b72525b99975918f5e,.CN=IZF148.OU=JURIDIQUE.OU=BOLLORE.OU=PTX.O=GB1.T=CERAMIC_TREE.,/ECHANGES/JUR_FIS_IND/DOC/baillard,rfm
368,539cbe1e-5a00-11d7-9c-63-00065bf0bb66,2,VOLDATAG,5a67c1b72525b99975918f60,.CN=WBR216.OU=JURIDIQUE.OU=BOLLORE.OU=PTX.O=GB1.T=CERAMIC_TREE.,/ECHANGES/JUR_FIS_IND/DOC/baillard,rfm
369,ea1caf86-59ff-11d7-9c-63-00065bf0bb66,2,VOLDATAG,5a67c1b72525b99975918f62,.CN=LHE203.OU=JURIDIQUE.OU=BOLLORE.OU=PTX.O=GB1.T=CERAMIC_TREE.,/ECHANGES/JUR_FIS_IND/DOC/baillard,rfm
370,539cbe6f-5a00-11d7-9c-63-00065bf0bb66,2,VOLDATAG,5a67c1b72525b99975918f64,.CN=ISW849.OU=JURIDIQUE.OU=BOLLORE.OU=PTX.O=GB1.T=CERAMIC_TREE.,/ECHANGES/JUR_FIS_IND/DOC/baillard,rfm
371,539cbe70-5a00-11d7-9c-63-00065bf0bb66,2,VOLDATAG,5a67c1b72525b99975918f66,.CN=IZF148.OU=JURIDIQUE.OU=BOLLORE.OU=PTX.O=GB1.T=CERAMIC_TREE.,/ECHANGES/JUR_FIS_IND/DOC/DOSSIERS HAMMOU,rwcefm
372,ea1caf86-59ff-11d7-9c-63-00065bf0bb66,2,VOLDATAG,5a67c1b72525b99975918f68,.CN=LHE203.OU=JURIDIQUE.OU=BOLLORE.OU=PTX.O=GB1.T=CERAMIC_TREE.,/ECHANGES/JUR_FIS_IND/DOC/DOSSIERS HAMMOU,rwcefm
373,539cbe02-5a00-11d7-9c-63-00065bf0bb66,2,VOLDATAG,5a67c1b72525b99975918f6a,.CN=XYY564.OU=JURIDIQUE.OU=BOLLORE.OU=PTX.O=GB1.T=CERAMIC_TREE.,/ECHANGES/JUR_FIS_IND/DOC/DOSSIERS HAMMOU,rwcefm
374,8a59bf29-26ac-4c33-98-8f-29bf598aac26,2,VOLDATAG,5a67c1b72525b99975918f6e,.CN=JUR_FIS_IND-DOC-PARET.OU=GROUPES.OU=BOLLORE.OU=PTX.O=GB1.T=CERAMIC_TREE.,/ECHANGES/JUR_FIS_IND/DOC/Paret,rwcefm
375,539cbe2c-5a00-11d7-9c-63-00065bf0bb66,2,VOLDATAG,5a67c1b72525b99975918f72,.CN=ZKM894.OU=DIR-PARTICIPATIONS.OU=BOLLORE.OU=PTX.O=GB1.T=CERAMIC_TREE.,/ECHANGES/JUR_FIS_IND/DOC/TISSIER,rwcefm
376,77af9e1d-7b48-11d9-9c-64-00065bf0bb66,2,VOLDATAG,5a67c1b72525b99975918f74,.CN=Films.OU=GROUPES.OU=BOLLORE.OU=PTX.O=GB1.T=CERAMIC_TREE.,/ECHANGES/FMS/OPS,
377,a6fa245e-abc5-4f39-ac-88-5e24faa6c5ab,2,VOLDATAG,5a67c1b72525b99975918f76,.CN=FMS.OU=GROUPES.OU=BOLLORE.OU=PTX.O=GB1.T=CERAMIC_TREE.,/ECHANGES/FMS/OPS,
378,95fc9898-6c29-4530-8c-bc-9898fc95296c,2,VOLDATAG,5a67c1b72525b99975918f78,.CN=FMS_OPS.OU=GROUPES.OU=BOLLORE.OU=PTX.O=GB1.T=CERAMIC_TREE.,/ECHANGES/FMS/OPS,rwcefm
379,7848349a-7b48-11d9-9c-64-00065bf0bb66,2,VOLDATAG,5a67c1b72525b99975918f7a,.CN=DSI.OU=GROUPES.OU=BOLLORE.OU=PTX.O=GB1.T=CERAMIC_TREE.,/ECHANGES/DSI/Applis/IE11Entreprise,
380,5af96980-ffd9-11d7-bb-e0-00c09f2354bb,2,VOLDATAG,5a67c1b72525b99975918f7c,.CN=INSTALL.OU=MNGT.OU=PTX.O=GB1.T=CERAMIC_TREE.,/ECHANGES/DSI/Applis/IE11Entreprise,rwcefm
381,514cbf80-1843-11d9-9c-64-00065bf0bb66,2,VOLDATAG,5a67c1b72525b99975918f7e,.CN=JPVS.OU=DSI.OU=BOLLORE.OU=PTX.O=GB1.T=CERAMIC_TREE.,/ECHANGES/DSI/Applis/IE11Entreprise,rwcefm
382,9dc7f180-548c-11d7-9c-63-00065bf0bb66,2,VOLDATAG,5a67c1b72525b99975918f80,.CN=JFX667.OU=DSI.OU=BOLLORE.OU=PTX.O=GB1.T=CERAMIC_TREE.,/ECHANGES/DSI/Applis/IE11Entreprise,rwcefm
383,ee021280-7388-11d9-bb-e2-00c09f2354bb,2,VOLDATAG,5a67c1b72525b99975918f82,.CN=VIA550.OU=DSI.OU=BOLLORE.OU=PTX.O=GB1.T=CERAMIC_TREE.,/ECHANGES/DSI/Applis/IE11Entreprise,rwcefm
384,1a484d26-806b-4c92-33-a6-264d481a6b80,2,VOLDATAG,5a67c1b72525b99975918f84,.CN=L_BOL_PTX_FILR_CF_BAL_DOSSIERS_PARTAGES.OU=GROUPES.OU=BOLLORE.OU=PTX.O=GB1.T=CERAMIC_TREE.,/ECHANGES/JUR_FIS_IND/FISCAL/CONTROLES FISCAUX/CF_BAL_DOSSIERS_PARTAGES,rwcefm
385,9de758d5-d6ff-414e-4d-b8-d558e79dffd6,2,VOLDATAG,5a67c1b72525b99975918f86,.CN=PC_MGRD_USERS.OU=GROUPES.OU=BOLLORE.OU=PTX.O=GB1.T=CERAMIC_TREE.,/ECHANGES/JUR_FIS_IND/Propriété Industrielle/PC_MGRD,rwcefm
386,78483488-7b48-11d9-9c-64-00065bf0bb66,2,VOLDATAG,5a67c1b72525b99975918f8a,.CN=IADBT.OU=GROUPES.OU=BOLLORE.OU=PTX.O=GB1.T=CERAMIC_TREE.,/RESTORATION/IADBT/ECHANGES/IADBT,rwcefm
387,d31ce903-3dd3-11d7-9c-63-00065bf0bb66,2,VOLDATAG,5a67c1b72525b99975918f8c,.CN=admin.O=GB1.T=CERAMIC_TREE.,/RESTORATION/IADBT/ECHANGES/IADBT,rwceafm
388,77579fb8-74a7-4584-49-87-b89f5777a774,2,VOLDATAG,5a67c1b72525b99975918f90,.CN=BFR.OU=GROUPES.OU=BOLLORE.OU=PTX.O=GB1.T=CERAMIC_TREE.,/RESTORATION/Nouveau dossier/ECHANGES/BFR,rwcefm
389,9ffee9d0-c4cb-44e5-b7-a8-d0e9fe9fcbc4,2,VOLDATAG,5a67c1b72525b99975918f96,.CN=Bollore-Media.OU=GROUPES.OU=BOLLORE.OU=PTX.O=GB1.T=CERAMIC_TREE.,/RESTORATION/RestoGLSD/ECHANGES/BOLLOREMEDIA,rwcefm
390,7db66ca0-825f-4b7b-ee-88-a06cb67d5f82,2,VOLDATAG,5a67c1b72525b99975918f9a,.CN=1-BM-COMPTABILTE.OU=GROUPES.OU=BOLLORE.OU=PTX.O=GB1.T=CERAMIC_TREE.,/RESTORATION/RestoGLSD/ECHANGES/BOLLOREMEDIA/COMPTABILITE-MEDIAS,rwcefm
391,f6f40800-d050-11da-bc-23-bc304ddc3f5f,2,VOLDATAG,5a67c1b72525b99975918f9c,.CN=IOU600.OU=DSI.OU=BOLLORE.OU=PTX.O=GB1.T=CERAMIC_TREE.,/RESTORATION/RestoGLSD/ECHANGES/BOLLOREMEDIA/COMPTABILITE-MEDIAS,rwceafm
392,7848349f-7b48-11d9-9c-64-00065bf0bb66,2,VOLDATAG,5a67c1b72525b99975918fa0,.CN=TITRES_USERS.OU=GROUPES.OU=BOLLORE.OU=PTX.O=GB1.T=CERAMIC_TREE.,/RESTORATION/resto-titres/ECHANGES/Titres,rwcefm
393,0af99c9b-e060-485e-c1-aa-9b9cf90a60e0,2,VOLDATAG,5a67c1b72525b99975918fa4,.CN=INFOGERANT.OU=GROUPES.OU=BOLLORE.OU=PTX.O=GB1.T=CERAMIC_TREE.,/RESTORATION/Nouveau dossier/ECHANGES/DSI/MDP,rf
394,2991ce95-b8b4-4a30-df-8a-95ce9129b4b8,2,VOLDATAG,5a67c1b72525b99975918fa6,.CN=ATOS.OU=GROUPES.OU=BOLLORE.OU=PTX.O=GB1.T=CERAMIC_TREE.,/RESTORATION/Nouveau dossier/ECHANGES/DSI/MDP,rf
395,9458a18b-cc77-4e1b-bb-a8-8ba1589477cc,2,VOLDATAG,5a67c1b72525b99975918fa8,.CN=ATOS_DROIT_SUP.OU=GROUPES.OU=BOLLORE.OU=PTX.O=GB1.T=CERAMIC_TREE.,/RESTORATION/Nouveau dossier/ECHANGES/DSI/MDP,rwcefm
