cn,uid,givenName,fullName,lastlogintime
GUP-PROCEDURES_LANCEUR_ALERTE,[],[],[],[]
GUP-MARCHES_PUBLICS,[],[],[],[]
GUP-HALLES_LATECOERE,[],[],[],[]
GUP-DAFB-NUM_PJ_MARCHE-DEF,[],[],[],[]
GUP-DAFB-PJ_MARCHES-DEF,[],[],[],[]
GUP-PJ_PAIEMENT_TRANSPORT_ROUTIER,[],[],[],[]
GUP-DCPA-DIRECTION,[],[],[],[]
GUP-DEF-SGPE–Document_de_Travail,[],[],[],[]
GUP-Lycee-du-futur,[],[],[],[]
GUP-DISPOSITIF_BOURGS-CENTRES,[],[],[],[]
GUP-DDA-Direction,[],[],[],[]
R_DGA-1_Moyens-generaux_ARCHPLAN_Base_plans_Vinci,[],[],[],[]
GUP-Point hebdomadaire DITEE_Lecture,[],[],[],[]
GUP-Point hebdomadaire DITEE_Ecriture,[],[],[],[]
GUP-DAFB-Num_PJ_Marche-DEJ,[],[],[],[]
GUP-DAFB-PJ_Marches-DEJ,[],[],[],[]
GUP-DRH-CAP,[],[],[],[]
GUP-GPSO-DAJ-DITM,[],[],[],[]
Ponts_Personnel,[],[],[],[]
GUP-DirMer_Plan_Littoral_21,[],[],[],[]
GUP-MASSIF_CENTRAL,[],[],[],[]
GUP-Emplacement-partage-DRTES-DCIC,[],[],[],[]
GUP-AAP-READYNOV,[],[],[],[]
GUP-AO_2014-2020_pieces,[],[],[],[]
GUP-SRDFP,[],[],[],[]
GUP-DITM-Regiolis,[],[],[],[]
GUP-Bilans-consolides-Occitanie,[],[],[],[]
R_DGA5_DTC_Transports_et_Territoires_E,[],[],[],[]
GUP-Reseau-referents-aides-etat,[],[],[],[]
GUP-DGD-DTAS-Assistantes,[],[],[],[]
GUP-DGD-DEIA-Assistantes,[],[],[],[]
R_DGA5_DTC_Echange_dossierpln_E,[],[],[],[]
GUP-ELISE2,[],[],[],[]
GUP-GIR,[],[],[],[]
GUP-DPMG-Contraventions,[],[],[],[]
R_DGA-3_DFPA_Actifs-Prospec_Secretariat_Chef_ServiceE,[],[],[],[]
R_DGA-3_DFPA_Actifs-Prospec_Veille_E,[],[],[],[]
Confidentiel-Surete,[],[],[],[]
R_DGA-3_DESR_Projets_Excellence_E,[],[],[],[]
GUP-Dossier-Partage-DCP-Autres-Directions,[],[],[],[]
GUP-CCRRDT,[],[],[],[]
GUP-STU,[],[],[],[]
GUP-LoiNOTRe-DITM-DRH,[],[],[],[]
GUP-LoiNOTRe,[],[],[],[]
GUP-TEST-DIRECTION,[],[],[],[]
GUP-DEI-CODIR,[],[],[],[]
GUP-DEI-Direction,[],[],[],[]
GUP-DEF-ST,[],[],[],[]
GUP-DMOE-Direction,[],[],[],[]
VMPO1_DCPAT_INVENTAIRE_E,[],[],[],[]
GUP-DEF-SNC,[],[],[],[]
GUP-DEF-SGPE,[],[],[],[]
GUP-DEF-SQP,[],[],[],[]
GUP-DEF-SEOP,[],[],[],[]
GUP-DEF-SA,[],[],[],[]
GUP-DEF-Direction,[],[],[],[]
GUP-DSGA-Imprimerie,[],[],[],[]
GUP-FESI-EQUIDISTO,[],[],[],[]
GUP-DEJ-Direction,[],[],[],[]
GUP-DITM-ConventionTER,[],[],[],[]
GUP-DCIC-POLE-IMAGES,[],[],[],[]
GUP-FESI,[],[],[],[]
R_DGA-5_DAT_Ruralite-Montagne_E,[],[],[],[]
R_DGA-4_Cult_Pat_Service_E,[],[],[],[]
R_DGA-3_Education_Service_E,[],[],[],[]
GUP-DRPP,[],[],[],[]
R_DGA-5_Direction_Mer_Direction_E,[],[],[],[]
GUP-DCPG,[],[],[],[]
GUP-SGDP-Lab,[],[],[],[]
GUP-DEF,[],[],[],[]
GUP-DGD-SPOP-Direction,[],[],[],[]
GUP-DAAF-Direction,[],[],[],[]
GUP-DAAF,[],[],[],[]
GUP-TMA,[],[],[],[]
GUP-HOTLINE,[],[],[],[]
GUP-DEJ-E-QVL-SN,[],[],[],[]
GUP-DEJ,[],[],[],[]
GUP-DPFON,[],[],[],[]
GUP-DAAF-FEADER,[],[],[],[]
GUP-DCIC,[],[],[],[]
GUP-DRTES,[],[],[],[]
GUP-DSPO,[],[],[],[]
GUP-MAIA,[],[],[],[]
GUP-DCP,[],[],[],[]
GUP-DTT-Direction,[],[],[],[]
GUP-DCPA,[],[],[],[]
R_DGA-3_DFPA_Form-DE_Chef_Service_Personnel,[],[],[],[]
GUP-Reseau-assistantes,[],[],[],[]
GUP-Maisons-de-Region,[],[],[],[]
GUP-SGCT,[],[],[],[]
GUP-SGS,[],[],[],[]
GUP-DAJ,[],[],[],[]
GUP-DMOE,[],[],[],[]
GUP-DPMG-Direction,[],[],[],[]
GUP-DPMG,[],[],[],[]
GUP-DPEC,[],[],[],[]
GUP-DGD-JEFS-Secretariat,[],[],[],[]
GUP-DGD-JEFS,[],[],[],[]
GUP-DRH,[],[],[],[]
GUP-TEST,[],[],[],[]
GUP-DGD-SPOP,[],[],[],[]
GUP-Informatique-Equipe_Dir,[],[],[],[]
GUP-Com-Interne,[],[],[],[]
GUP-DDA,[],[],[],[]
GUP-DREI,[],[],[],[]
GUP-DTEE,[],[],[],[]
GUP-DSGA,[],[],[],[]
GUP-DIGS,[],[],[],[]
GUP-DTT,[],[],[],[]
GUP-DGD-ADMTM,[],[],[],[]
GUP-DATRM,[],[],[],[]
GUP-DEI,[],[],[],[]
novlxtier,[],[],[],[]
www,[],[],[],[]
GUP-DITM,[],[],[],[]
GUP-DSOL,[],[],[],[]
R_DGA-5_Direction_Mer_E,[],[],[],[]
GUP-DGD-DTAS,[],[],[],[]
GUP-DGD-DEIA,[],[],[],[]
R_DGA-4_DRAEL_EFF_Mesure_pdr_AT-LR,[],[],[],[]
R_DGA-4_DRAEL_EFF,[],[],[],[]
GUP-DGS-DGD,[],[],[],[]
GUP-Secrétariat DGS,[],[],[],[]
GUP-Secrétariat Présidence,[],[],[],[]
GUP-Finances,[],[],[],[]
DSI-TLS,[],[],[],[]
R_DGA-3_DFPA_Coordination-Inno_Chef_Service,[],[],[],[]
R_DGA-3_Education_Vigipirate_L,[],[],[],[]
R_DGA-3_Education_Vigipirate_E,[],[],[],[]
R_DGA-3_Education_ERIT_Chefs-Equipes,[],[],[],[]
R_DGA-3_Education_ERIT34_RH,[],[],[],[]
R_DGA-3_Education_ERIT66_RH,[],[],[],[]
R_DGA-3_Education_ERIT30-48_RH,[],[],[],[]
R_DGA-3_Education_ERIT11_RH,[],[],[],[]
P_VIZIAPROG,[],[],[],[]
gpt_externalUsers,[],[],[],[]
R_DGA-1_Drh_RSDCCT_CMD-CDR_E,[],[],[],[]
R_DGA-4_TOURISME_LRMP_E,[],[],[],[]
R_Cabinet_de_la_Presidente_E,[],[],[],[]
GUP-DSI,[],[],[],[]
R_DGA-3_Form-Pro_Form-Des-DE-EVALUATIONS,[],[],[],[]
R_DGA-1_DPIEC_AFFAIRES_EUROPEENNES_UE2014-2020,[],[],[],[]
R_DGA-1_DPIEC_AFF_INTER_AFCCRE,[],[],[],[]
R_DGA-4_DRAEL_EFF_Programmation_Suivi_L,[],[],[],[]
R_DGA-4_DRAEL_EFF_Programmation_Suivi_E,[],[],[],[]
R_DGA-1_DPIEC_GESTION_COMPTABLE,[],[],[],[]
R_DGA-1_DPIEC_Contrats,[],[],[],[]
R_DGA-1_DPIEC_EUROREGION_PYMED,[],[],[],[]
R_DGA-1_DPIEC_AFFAIRES_EUROPEENNES,[],[],[],[]
R_DGA-1_DPIEC_POLITIQUES_CONTRACTUELLES,[],[],[],[]
R_DGA-1_DPIEC_AFF_INTER,[],[],[],[]
GRP_EUROPE_POUR_LE_WEB,[],[],[],[]
R_Donnees-CR_3S_Domaine 4,[],[],[],[]
R_DGA-1_DPIEC_Administration,[],[],[],[]
R_DGA-5_Env_Service_Europe,[],[],[],[]
nfrreportusers,[],[],[],[]
R_DGA-1_DPIEC_Assistance-technique,[],[],[],[]
ACCES_VISIO,[],[],[],[]
R_Donnees-CR_SIEG_L,[],[],[],[]
R_Donnees-CR_SIEG_E,[],[],[],[]
R_DGA-3_Education-ERIT_RH_E,[],[],[],[]
GRP_VINCI-Badges-Matricules,[],[],[],[]
R_Cabinet_Conges_Assistantes_VP_L,[],[],[],[]
R_Cabinet_Conges_Assistantes_VP_E,[],[],[],[]
DRHMarins,[],[],[],[]
GRP-Osiatis_Filr,[],[],[],[]
R_Cabinet_Secretariat_Presidence_E,[],[],[],[]
R_Cabinet_du_President_NEW_E,[],[],[],[]
ACCES_ANNUAIRE,[],[],[],[]
R_DGA-1_DRH_Direction_Union_E,[],[],[],[]
R_Donnees-CR_Murena_L,[],[],[],[]
R_Donnees-CR_Murena_E,[],[],[],[]
R_DGA-4_Commun_LRMP_E,[],[],[],[]
ACCES_INTRANET_QUALIF,[],[],[],[]
R_DGA-3_education_NATHALIE SAIDOUX,[],[],[],[]
R_DGA-2_DDA_Service_Doc_E,[],[],[],[]
R_DGA-2_DDA_Responsable_Doc_E,[],[],[],[]
R_DGA-3_DFPA_Form_Pro-App_CG-Pilotage-Sesame_E,[],[],[],[]
ACCES_LOGS,[],[],[],[]
R_DGA-4_DRAEL_Conference de direction,[],[],[],[]
R_SIG,[],[],[],[]
W_SIG,[],[],[],[]
R_Civitas_TMA,[],[],[],[]
test_ple,[],[],[],[]
R_DGA-4_DRAEL_Equipe_Direction_E,[],[],[],[]
TMA-DRH,[],[],[],[]
GUP-TME,[],[],[],[]
R_Civitas-Hopyara-Sauvegarde,[],[],[],[]
R_Donnees-CR_Aide_Communes_E,[],[],[],[]
NSMAdmins,[],[],[],[]
R_Donnees-CR_Indicateurs-LR_L,[],[],[],[]
R_DGA-4_Base_Commune_LO_E,[],[],[],[]
R_Donnees-CR_Indicateurs-LR_E,[],[],[],[]
R_DGA-5_DAT_Reservation_Salles_L,[],[],[],[]
nfradmins,[],[],[],[]
ACCES_WIFI_REALIS,[],[],[],[]
R_DGA5_DTC_Sous-Direction-Ports_FORMASOP_E,[],[],[],[]
R_DGA-4_DDE_REALIS-REGIE_E,[],[],[],[]
CalPubAdminGrp,[],[],[],[]
ACCES_WIFI_GESTION_COMPTES,[],[],[],[]
R_DGA-2_SIG_Cartes_Partagees_L,[],[],[],[]
ACCES_WIFI,[],[],[],[]
P_Hopayra,[],[],[],[]
R_DGA-5_DAT_Cooperation-Amenagement_du_Territoire_E,[],[],[],[]
R_HOTLINE-OSIATIS,[],[],[],[]
CR,[],[],[],[]
R_DGA-1_CESER_E,[],[],[],[]
R_DGA-3_DFPA_Commun_E,[],[],[],[]
R_DGA-3_DFPA_DSI_FORAGORA_L,[],[],[],[]
ReadOnly,[],[],[],[]
R_DGA-4_TOURISME_E,[],[],[],[]
R_DGA5_SPT_L,[],[],[],[]
INTERNET-LIMITE,[],[],[],[]
R_DGA-1_SEC-General_Indemnites,[],[],[],[]
P_Xemelios_Test_TOS,[],[],[],[]
R_Civitas_maintenance,[],[],[],[]
R_DGA-4_DRAEL_SIMYRA,[],[],[],[]
A_Business_Object_E,[],[],[],[]
ServerList1,[],[],[],[]
R_Nomades_Lycees,[],[],[],[]
novlxtier,[],[],[],[]
www,[],[],[],[]
test_rbs,[],[],[],[]
P_CRL_Texto_Bases,[],[],[],[]
P_CBW551_CABINET,[],[],[],[]
P_As400_E,[],[],[],[]
A_Culture_Access2,[],[],[],[]
A_Cepralmar_Windows_Access1D,[],[],[],[]
A_Cepralmar_Access2d,[],[],[],[]
R_DGA-4_DRAEL_SDG_E,[],[],[],[]
Migration-client,[],[],[],[]
R_Patrimoine_Mission-Qualité_E,[],[],[],[]
SNISERVMAN,[],[],[],[]
NFAUWorld,[],[],[],[]
R_Formation_Msg_E,[],[],[],[]
R_DGA-3_DFPA_Directeur_L,[],[],[],[]
R_Cepralmar_Gestion-Interne_E,[],[],[],[]
R_DGA-4_Culture_Animation_Theatre_Cirque_E,[],[],[],[]
R_DGA-4_Culture_Animation_Festivals_E,[],[],[],[]
"['CN=SMS SMDR Group', 'SMS SMDR Group']",[],[],[],[]
Triton,[],[],[],[]
Apisoft,[],[],[],[]
Dev_prospective,[],[],[],[]
Dev_Programmation,[],[],[],[]
Dev_subdivision,[],[],[],[]
Infra_pilotage,[],[],[],[]
Dev_service,[],[],[],[]
Ponts,[],[],[],[]
Loi_sur_l'eau,[],[],[],[]
Infrastructure,[],[],[],[]
ComptaAna,[],[],[],[]
Atelier,[],[],[],[]
Armement,[],[],[],[]
APISOFT,[],[],[],[]
T-Echange,[],[],[],[]
GESTIM,[],[],[],[]
GESTOPA,[],[],[],[]
DOM,[],[],[],[]
Consultation_L,[],[],[],[]
Consultation_E,[],[],[],[]
R_CRAC_Direction,[],[],[],[]
lumgroup,[],[],[],[]
R_DGA-5_Envir_Education_E,[],[],[],[]
R_REGY_DTC_E,[],[],[],[]
R_DGA-5_Envir_Service_E,[],[],[],[]
R_BELVEZE_E,[],[],[],[]
R_DGA-4_DDE_SERVICE_E,[],[],[],[]
P_GEDELIB,[],[],[],[]
R_DGA-1_VPPR_Gestion-Financière,[],[],[],[]
DnsUpdateProxy,[],[],[],[]
DnsAdmins,[],[],[],[]
DHCP Administrators,[],[],[],[]
DHCP Users,[],[],[],[]
TelnetClients,[],[],[],[]
HelpServicesGroup,[],[],[],[]
RAS and IAS Servers,[],[],[],[]
Domain Computers,[],[],[],[]
Terminal Server License Servers,[],[],[],[]
Server Operators,[],[],[],[]
Replicator,[],[],[],[]
Remote Desktop Users,[],[],[],[]
Performance Monitor Users,[],[],[],[]
Performance Log Users,[],[],[],[]
Network Configuration Operators,[],[],[],[]
Print Operators,[],[],[],[]
Pre-Windows 2000 Compatible Access,[],[],[],[]
Incoming Forest Trust Builders,[],[],[],[]
Guests,[],[],[],[]
Domain Guests,[],[],[],[]
Backup Operators,[],[],[],[]
Account Operators,[],[],[],[]
novlxtier,[],[],[],[]
www,[],[],[],[]
Schema Admins,[],[],[],[]
Windows Authorization Access Group,[],[],[],[]
DNSDHCP-GROUP,[],[],[],[]
BRUXELLES,[],[],[],[]
A_Culture_ACCESS_CCL,[],[],[],[]
R_DGA-4_DDE_PRAE_Amenagement_L,[],[],[],[]
R_Cabinet_RI_Direction_E,[],[],[],[]
R_Donnees-CR_Dossiers_Suivis_E,[],[],[],[]
R_DGA-1_Drh_RSDCCT_L,[],[],[],[]
R_DGA5_TER_L,[],[],[],[]
R_DGA-3_DFPA_Form_Pro_Externe_E,[],[],[],[]
gpt_registeredUsers,[],[],[],[]
R_DGA-3_COMMUN_E,[],[],[],[]
SEC-DGS,[],[],[],[]
R_Donnees-CR_Carto_Interne,[],[],[],[]
P_Thot_Image,[],[],[],[]
R_DGA-3_Form-Pro-App_SESAME_DFPA-DSI_E,[],[],[],[]
R_Communication_Media_Planning_E,[],[],[],[]
R_DGA-1_DRH_SI-RH_E,[],[],[],[]
R_Communication_Stock-Objets-Promos_E,[],[],[],[]
R_DGA-1_Moyens-generaux_Commun_E,[],[],[],[]
R_DGA-1_Valorisation_Polit_Publiques_Regionale_E,[],[],[],[]
R_DGA-1_Valorisation_Polit_Publiques_Regionale-Direction_E,[],[],[],[]
nailsgroup,[],[],[],[]
R_DGA5_DTC_IFTPR_CHEF-DE-SERVICE_E,[],[],[],[]
R_DGA-1_SecGal_Service_E,[],[],[],[]
R_DGA-1_Moyens-generaux_Direction_E,[],[],[],[]
R_DGA-1_SecGal_DGS_E,[],[],[],[]
"['Dev_Direction', 'Dev_Service_Portuaire']",[],[],[],[]
T-Echange,[],[],[],[]
Dev_Subdivision,[],[],[],[]
novlxtier,[],[],[],[]
www,[],[],[],[]
R_DGA-1_DRH_SI-RH_L,[],[],[],[]
R_Donnees-CR_Logo_E,[],[],[],[]
R_Donnees-CR_Liaison_action-sociale_E,[],[],[],[]
R_Finances_Budget_Excel_Suiv-Inv_E,[],[],[],[]
R_DGA-4_DDE_PRAE_Prospection_E,[],[],[],[]
R_DGA-4_DDE_PRAE_Amenagement_E,[],[],[],[]
R_DGA-1_Drh_Discipline,[],[],[],[]
R_DGA-1_Drh_RSDCCT-AS-CAS-Commision_E,[],[],[],[]
R_DGA-3_DFPA_FSE_Externe_E,[],[],[],[]
VMPO1_DCPAT_INVENTAIRE_L,[],[],[],[]
R_DGA-4_Cult-Pat_MarchePublic_E,[],[],[],[]
R_DGA5_TER_Rapports_TER_E,[],[],[],[]
A_Courrier_GroupeVerts,[],[],[],[]
R_Vice-Presidents_Les_Verts,[],[],[],[]
A_Courrier_GroupePS,[],[],[],[]
R_Vice-Presidents_PS,[],[],[],[]
R_DGA-5_DAT_Revitalisation_L,[],[],[],[]
R_DGA-5_Reservation_Salles_E,[],[],[],[]
R_REUNION,[],[],[],[]
R_DGA-1_Courrier_Direction_E,[],[],[],[]
Service_Hotline,[],[],[],[]
R_DGA5_TER_Avenants_Conventions_E,[],[],[],[]
R_APPLIS_TER_E,[],[],[],[]
R_DGA5_DTC_IFTPR_CHEF-DE-SERVICE_L,[],[],[],[]
R_DGA-5_Trans-Fer_Direction_E,[],[],[],[]
R_Communication_Direction_E,[],[],[],[]
P_MGDIS_Admin,[],[],[],[]
R_DGA-4_CDG_SUIVI_SATELLITES_E,[],[],[],[]
R_DGA-2_DCG-DSI_E,[],[],[],[]
admingrp,[],[],[],[]
R_DGA-1_DRH_Carte-des-emplois_L,[],[],[],[]
A_Inser_E,[],[],[],[]
R_Donnees-CR_Frais-de-Deplacement_E,[],[],[],[]
R_DGA-5_DAT_Logement_Social_E,[],[],[],[]
R_Planning_Resa_salle_DGA_E,[],[],[],[]
R_DGA5_DTC_Direction_E,[],[],[],[]
R_Commun_Ody_DGA_E,[],[],[],[]
R_DGA-5_DAT_Revitalisation_E,[],[],[],[]
R_DGA-5_DAT_Direction_E,[],[],[],[]
R_DGA-5_DAT_Reservation_Salles_E,[],[],[],[]
R_DGA-5_DT_Service_E,[],[],[],[]
R_DGA-5_DAT_Gestion_Admin_Financiere_E,[],[],[],[]
R_Donnees-CR_Formation-S@FIR_E,[],[],[],[]
R_Donnees-CR_Processus-Intervention_GT_E,[],[],[],[]
R_DGA-2_Controle-Gestion_E,[],[],[],[]
R_DGA-1_DPIEC_E,[],[],[],[]
R_DGA-3_PRDF,[],[],[],[]
P_Cindoc,[],[],[],[]
R_DGA-4_Cult_Pat_Bonnabel_E,[],[],[],[]
R_DGA-5_Di_Service_E,[],[],[],[]
R_DGA-5_Di_Direction_E,[],[],[],[]
R_DGA-4_Culture_Patrimoine_Culturel_E,[],[],[],[]
A_Peche,[],[],[],[]
R_DGA-1_Drh_Civitas_Bilan_Fonctionnel,[],[],[],[]
R_Donnees-CR_Annuaire-par-Service_E,[],[],[],[]
intraprod-ichain,[],[],[],[]
R_DGA-2_Sante_SECDIR,[],[],[],[]
R_DGA-2_Sante_Direction,[],[],[],[]
R_DGA-4_Culture_Langues_Cultures_Regionales_E,[],[],[],[]
A_Culture_Access_Etiq,[],[],[],[]
R_DGA-5_DT_Direction_E,[],[],[],[]
R_DGA-4_DDE_Documentation_E,[],[],[],[]
R_DGA-4_Direction_CG_E,[],[],[],[]
R_DGA-4_TOURISME_Direction_E,[],[],[],[]
R_DGA-4_Direction_Culture_E,[],[],[],[]
R_DGA-4_DRAEL_PAV_E,[],[],[],[]
R_DGA-4_DRAEL_Direction_E,[],[],[],[]
R_DGA-4_DRAEL_FBHA_E,[],[],[],[]
R_DGA-4_DRAEL_TAR_E,[],[],[],[]
R_DGA-4_DRAEL_DRE_E,[],[],[],[]
A_DDRAFP_Access_EtiqAgri,[],[],[],[]
R_DGA-4_DRAEL_VV_E,[],[],[],[]
R_DGA-4_DRAEL_Promotion_E,[],[],[],[]
R_DGA-4_DRAEL_PCM_E,[],[],[],[]
R_Cepralmar_E,[],[],[],[]
R_DGA-4_CDG_E,[],[],[],[]
R_DGA-3_DESR_Direction_E,[],[],[],[]
R_DGA-4_Syscolag_E,[],[],[],[]
R_Donnees-CR_CG_Plannification,[],[],[],[]
R_DGA-4_Culture_Animation_ArtVif_Expositions_E,[],[],[],[]
A_Etartsp,[],[],[],[]
A_DFAG_EtiArtiste,[],[],[],[]
R_DGA-4_Culture_Animation_E,[],[],[],[]
R_DGA-4_Cult_Pat_Conges-Formation_E,[],[],[],[]
R_DGA-4_Commun_Primes_E,[],[],[],[]
R_DGA-4_Cult-Pat_Inventaire-Photos_L,[],[],[],[]
R_DGA-4_Culture_Patrimoine_Disque_E,[],[],[],[]
R_DGA-4_Cult_Pat_Bonnabel_L,[],[],[],[]
R_DGA-4_Cult-Pat_Direction_E,[],[],[],[]
R_DGA-4_Culture_Animation_Danse_Musiques_E,[],[],[],[]
R_DGA-4_Culture_Animation_ArtsPlastiques_AudioVisuels_E,[],[],[],[]
R_DGA-4_Cult_Pat_Conges-Formation_L,[],[],[],[]
R_DGA-2_Sport_Direction_E,[],[],[],[]
P_MagicBon,[],[],[],[]
P_Magic_Stock,[],[],[],[]
R_Donnees-CR_CG_Sports,[],[],[],[]
R_DGA-2_Sports_Service_E,[],[],[],[]
VMPO1_POLE-CARTO_L,[],[],[],[]
R_DGA-5_DAT_Amenagement_Territoire_E,[],[],[],[]
gpt_publishers,[],[],[],[]
VMPO1_POLE-CARTO_E,[],[],[],[]
R_DGA-5_DAT_Suivi_Paiements_L,[],[],[],[]
R_DGA-5_DAT_Commun_E,[],[],[],[]
R_DGA-5_DAT_Cooperation_Territoriale_E,[],[],[],[]
P_Cbw551,[],[],[],[]
R_Donnees-CR_Pactes_E,[],[],[],[]
R_DGA-3_DFPA_Apprentissage_Promotion_E,[],[],[],[]
R_Donnees-CR_Liste-Elus,[],[],[],[]
A_Defpa_Prq_2004_L,[],[],[],[]
R_Donnees-CR_Pacte-Regional-Illustration,[],[],[],[]
R_DGA-1_Moyens_generaux_PLANS_L,[],[],[],[]
R_Cabinet_Chauffeurs_Direction_E,[],[],[],[]
R_DGA-3_DFPA_Directeur_E,[],[],[],[]
R_Communication_evenementiel_E,[],[],[],[]
R_Cabinet_Chauffeurs_Service_E,[],[],[],[]
R_Manuel_Sco_E,[],[],[],[]
P_Dfag_Magic_Tra,[],[],[],[]
R_DGA-3_Education_Documents_Assistantes_Direction_E,[],[],[],[]
R_DGA-3_Education_RH_E,[],[],[],[]
R_DGA-3_Education_Discipline_E,[],[],[],[]
R_DGA-3_Education_Direction_E,[],[],[],[]
R_DGA-3_DFPA_Actifs-Prospec_E,[],[],[],[]
P_As400_L,[],[],[],[]
R_DGA-1_Drh_SPD,[],[],[],[]
R_DGA-1_Drh_APTES_E,[],[],[],[]
R_DGA-1_DRH_Commission_medico-sociale_E,[],[],[],[]
R_DGA-1_DRH_Banque-Images,[],[],[],[]
R_DGA-1_DRH_GM-Visas_E,[],[],[],[]
R_DGA-1_DRH_Direction_E,[],[],[],[]
R_DGA-1_Drh_SIEGE,[],[],[],[]
P_Xemelios_Test_Agents,[],[],[],[]
R_DGA-1_Drh_Dar-Cand_E,[],[],[],[]
R_DGA-1_Drh_Gestion_L,[],[],[],[]
R_Donnees-CR_CG_Secret_general_E,[],[],[],[]
R_DGA-4_CDG-DGA1-SGA_E,[],[],[],[]
R_DGA-3_DFPA_Apprentissage_aides-investissement_E,[],[],[],[]
R_Cabinet_Protocole_Manifestations_E,[],[],[],[]
R_Cabinet_Protocole_Stocks_caves_region_E,[],[],[],[]
R_DGA-4_DDE_Agro-Alim_E,[],[],[],[]
R_Donnees-CR_CG_Secret_general_L,[],[],[],[]
R_Donnees-CR_DCG_AccesBO_L,[],[],[],[]
R_APPLIS_TER_L,[],[],[],[]
R_DGA-1_Moyens_generaux_BDD_L,[],[],[],[]
R_DGA-1_Moyens-generaux_ARCHPLAN_E,[],[],[],[]
R_DGA-1_DBMT_Direction_6-7_E,[],[],[],[]
R_Cabinet_Protocole_Personnalites_E,[],[],[],[]
A_Courrier_Protocole,[],[],[],[]
R_Cabinet_Hotesses_E,[],[],[],[]
R_Cabinet_RI_Service_E,[],[],[],[]
R_Cabinet_du_President_E,[],[],[],[]
P_Texto_Bases_Doc_Visu,[],[],[],[]
P_Texto_Gage,[],[],[],[]
P_Texto_Theso,[],[],[],[]
R_DGA-2_DDA_Responsable_Archives_E,[],[],[],[]
R_Donnees-CR_DOC_CDPR_E,[],[],[],[]
R_Audit_L,[],[],[],[]
R_Doc_Archives_E,[],[],[],[]
P_Thot_Users,[],[],[],[]
P_Com_Texto_Bases_Photo_Visu,[],[],[],[]
P_Com_Texto_Bases_Photo,[],[],[],[]
R_DGA-2_DDA_Service_Archives_E,[],[],[],[]
R_DGA-2_DDA_Direction_E,[],[],[],[]
P_Texto_Bases_Doc,[],[],[],[]
A_Dfag_Patrimoi,[],[],[],[]
R_DGA-2_DCP_Direction_E,[],[],[],[]
R_DGA-2_DCP_Service_CAO_E,[],[],[],[]
R_DGA-2_DCP_Service_E,[],[],[],[]
R_DGA-2_DCP_Service_MIG_E,[],[],[],[]
R_Donnees-CR_DCG_AccesBO_E,[],[],[],[]
R_DGA-2_Controle-Gestion_Suivi_Permanent_E,[],[],[],[]
R_DGA-4_Commun_E,[],[],[],[]
R_Donnees-CR_CG_SANTE,[],[],[],[]
R_Donnees-CR_SAFIR_L,[],[],[],[]
R_DGA-2_Controle-Gestion_Direction,[],[],[],[]
R_DGA-5_DAT_Suivi_Contrats_E,[],[],[],[]
R_CREC_E,[],[],[],[]
R_Donnees_CRC_E,[],[],[],[]
R_Finance_Tresorerie_E,[],[],[],[]
R_DGA-3_BUDGET_PPI_L,[],[],[],[]
R_Donnees-CR_SAFIR_E,[],[],[],[]
R_DGA-2_Finances_Direction_E,[],[],[],[]
R_Finances_E,[],[],[],[]
R_Finances_Secrétariat_E,[],[],[],[]
R_Finances_Budget_E,[],[],[],[]
R_Finances_Commun_E,[],[],[],[]
R_COSCA_E,[],[],[],[]
R_COSLR-E,[],[],[],[]
R_DGA-1_DAJ_Direction_E,[],[],[],[]
R_DGA-1_SecGal_Direction_E,[],[],[],[]
A_Frais,[],[],[],[]
R_DGA-4_CDG-DGA1-SGA_L,[],[],[],[]
R_DGA-2_COMMUN_E,[],[],[],[]
DGS_PERSO,[],[],[],[]
F_DGA3_EDUC_PPI_E,[],[],[],[]
R_MBK_L,[],[],[],[]
P_Xemelios_Prod_Elus,[],[],[],[]
P_Xemelios_Test_Elus,[],[],[],[]
A_Enr_Cour,[],[],[],[]
R_DGA-1_DAJ_Consultations_E,[],[],[],[]
R_DGA-2_Controle-Gestion_Projet-conventions_E,[],[],[],[]
R_Donnees-CR_Package_E,[],[],[],[]
R_DGA-3_DFPA_Europe-Gestion_E,[],[],[],[]
P_CES_Textow-CDUser,[],[],[],[]
VMPO1_POLE-PRESSE,[],[],[],[]
R_Communication_Presse_E,[],[],[],[]
R_DGA-1_DBMT_Direction_1-2-10_E,[],[],[],[]
R_DGA-3_DFPA_Apprentissage_ICF_E,[],[],[],[]
P_Dfag_Magic_Mat,[],[],[],[]
R_DGA-3_DFPA_Apprentissage_Statistiques_E,[],[],[],[]
R_DGA-3_DFPA_Apprentissage_Financier_E,[],[],[],[]
R_DGA-3_DFPA_Apprentissage_ICF_L,[],[],[],[]
R_DGA-3_DFPA_Apprentissage_Taxe_E,[],[],[],[]
R_DGA-3_DFPA_Apprentis_E,[],[],[],[]
R_DGA-3_DFPA_Apprentissage_Dossiers_Generaux_E,[],[],[],[]
R_DGA-3_DFPA_Apprentissage_Fonctionnement_CFA_E,[],[],[],[]
R_DGA-3_DFPA_Apprentissage_Secretariat_E,[],[],[],[]
P_Dfag_Magic_Annuaire,[],[],[],[]
R_Donnees-CR_Annuaire-Rtf,[],[],[],[]
R_DGA-1_Moyens-Generaux_Service_E,[],[],[],[]
R_Cos-Ca_Citadines_E,[],[],[],[]
R_Finances_Photovoltaique_E,[],[],[],[]
R_DGA-5_Suivi_dossiers_signales_E,[],[],[],[]
R_DGA-5_Reservation_Salles_L,[],[],[],[]
R_DGA-5_Envir_Direction_E,[],[],[],[]
R_Donnees-CR_Rapport-activite_E,[],[],[],[]
R_Planning_Resa_Salle_DGA_L,[],[],[],[]
R_Pce_Actions-Innovatrices_E,[],[],[],[]
R_DGA-4_DDE_Coordination_Programmes_E,[],[],[],[]
R_DGA-4_DDE_Direction_E,[],[],[],[]
R_DGA-4_DDE_Creation_E,[],[],[],[]
R_Donnees-CR_CG_DDE,[],[],[],[]
R_DGA-4_DDE_Innovation_E,[],[],[],[]
P_Magic,[],[],[],[]
R_DGA-4_DDE_Competitivite_E,[],[],[],[]
R_DGA-1_Moyens_generaux_PLANS_E,[],[],[],[]
R_DGA-1_Moyens_generaux_BDD_E,[],[],[],[]
R_Donnees-CR_f-liaison_E,[],[],[],[]
R_DGA-2_SysInfo_Direction_E,[],[],[],[]
Safir_Region,[],[],[],[]
Safir_Path,[],[],[],[]
URANUS_MGT_GRP,[],[],[],[]
CR,[],[],[],[]
CR,[],[],[],[]
CR,[],[],[],[]
CR,[],[],[],[]
CR,[],[],[],[]
CR,[],[],[],[]
Domain Controllers,[],[],[],[]
Cert Publishers,[],[],[],[]
Group Policy Creator Owners,[],[],[],[]
Administrators,[],[],[],[]
Domain Admins,[],[],[],[]
Enterprise Admins,[],[],[],[]
R_DGA-3_Education_Propriete_Lycees_E,[],[],[],[]
P_Juridisq_E,[],[],[],[]
R_DGA-5_Reservation_Proj-Portable_E,[],[],[],[]
R_Journal_Septimanie_E,[],[],[],[]
R_Donnees-CR_CG_Demande_CUS,[],[],[],[]
A_Icf,[],[],[],[]
Infra_service,[],[],[],[]
Infra_etudes,[],[],[],[]
R_Cabinet_Charges_de_Mission_R,[],[],[],[]
VMPO1_SIG3D,[],[],[],[]
P_SISMARCHES_REPORT,[],[],[],[]
R_DGA-2_DCP_Service_Marchés_Publique_E,[],[],[],[]
R_DGA-2_Bilans_Pour-Elus_E,[],[],[],[]
R_Donnees-CR_Dossiers_Suivis_L,[],[],[],[]
R_Cabinet_Direction_E,[],[],[],[]
A_Courrier_Cabinet,[],[],[],[]
R_Cabinet_RalaivaoFoot-Masclac,[],[],[],[]
R_DGA-3_DFPA_Direction_E,[],[],[],[]
R_DGA-3_DFPA_Form_Pro-App_Direction_E,[],[],[],[]
P_Marco,[],[],[],[]
R_Donnees-CR_Processus-Intervention_GT_L,[],[],[],[]
R_DGA-1_DPIEC_Direction,[],[],[],[]
A_Defpa_Prq_2004_E,[],[],[],[]
A_Courrier_GroupePC,[],[],[],[]
R_Vice-Presidents_PC,[],[],[],[]
R_DGA5_TER_E,[],[],[],[]
R_DGA5_SPT_E,[],[],[],[]
R_DGA5_DTC_IFTPR_E,[],[],[],[]
P_Xemelios_Prod_Agents,[],[],[],[]
R_DGA-1_Drh_Secretariat_E,[],[],[],[]
R_DGA-1_Drh_Retraites,[],[],[],[]
R_DGA-1_Drh_Regime-Indemnitaire_E,[],[],[],[]
R_DGA-1_Drh_Paye-Carriere_E,[],[],[],[]
R_DGA-1_Drh_Notation_E,[],[],[],[]
R_DGA-1_Drh_RSDCCT_E,[],[],[],[]
R_DGA-1_Drh_Cap,[],[],[],[]
GRP-TMA,[],[],[],[]
Users,[],[],[],[]
R_Donnees-CR_CG_Education,[],[],[],[]
R_Donnees-CR_CG_DPEC,[],[],[],[]
R_DGA-4_Culture_Patrimoine_Disque_L,[],[],[],[]
P_Texto-Word,[],[],[],[]
P_Texto_Gestion,[],[],[],[]
P_Gpe_Maj,[],[],[],[]
P_EPLE_Atanante_E,[],[],[],[]
P_DRH,[],[],[],[]
A_Election,[],[],[],[]
A_Art-Vif,[],[],[],[]
A_ALR,[],[],[],[]
Gp_Sirius,[],[],[],[]
R_DGA-2_DDA_Services_E,[],[],[],[]
R_Ces_Transfert_E,[],[],[],[]
P_Drh_Civitas,[],[],[],[]
P_DRH_As400_Chjoce,[],[],[],[]
GROUPE_PILOTE,[],[],[],[]
R_DGA-3_DFPA_Form-DE_E,[],[],[],[]
R_DGA-3_DFPA_Form_Pro-App_Chef-de-service_E,[],[],[],[]
iPrinters_1,[],[],[],[]
Service_Hotline,[],[],[],[]
iPrinters,[],[],[],[]
TOS,[],[],[],[]
CR_MILLENAIRE,[],[],[],[]
CR_Hotel_de_Region,[],[],[],[]
CR-DISTANTS,[],[],[],[]
R_DGA-1_Imprimerie_E,[],[],[],[]
Echange_Imprimerie,[],[],[],[]
R_DGA-1_DBMT_Direction_1-2-10_L,[],[],[],[]
R_DGA-3_DFPA_Coordination-Inno_E,[],[],[],[]
R_Donnees-CR_Projet-P2I_E,[],[],[],[]
R_DGA-2_Partage_DSI-Bull,[],[],[],[]
P_Suipi_5,[],[],[],[]
P_MGDIS,[],[],[],[]
P_CDelib_Gravage,[],[],[],[]
P_CDelib,[],[],[],[]
VMPO1_GND,[],[],[],[]
R_DGA-4_Cult-Pat_Inventaire-Photos_E,[],[],[],[]
R_DGA-4_Cult-Pat_Inventaire_E,[],[],[],[]
R_DGA-2_SysInfo_Service_E,[],[],[],[]
R_DGA5_DTC_Sous-Direction-Ports_BENEDETTO_E,[],[],[],[]
R_DGA5_SPT_CNM,[],[],[],[]
R_Bull,[],[],[],[]
CR_Hotel_de_Region,[],[],[],[]
CR-DISTANTS,[],[],[],[]
TOS,[],[],[],[]
CR_MILLENAIRE,[],[],[],[]
CR_Hotel_de_Region,[],[],[],[]
CR_MILLENAIRE,[],[],[],[]
TOS,[],[],[],[]
CR-DISTANTS,[],[],[],[]
GRP-HOTLINE,[],[],[],[]
R_VMPO1_Partage_OSIATIS_DSI,[],[],[],[]
R_Cabinet_Protocole_E,[],[],[],[]
R_COMMUNICATION_PHOTOS_DISK,[],[],[],[]
R_COMMUNICATION_POLE-INFO,[],[],[],[]
R_COMMUNICATION_PHOTOS_DISK_L,[],[],[],[]
R_Communication_E,[],[],[],[]
R_Donnees-CR_Rapports_E,[],[],[],[]
Mobility,[],[],[],[]
GUP-Informatique,[],[],[],[]
ACCES_VPN_ASA,[],[],[],[]
ACCES_SUPERVISION,[],[],[],[]
ACCESS_ETEMPTATION,[],[],[],[]
ACCES_GLPI,[],[],[],[]
GRP-TME_ADMIN,[],[],[],[]
ACCES_MANTIS,[],[],[],[]
ACCES_SESAME,[],[],[],[]
ACCES_SIGQUALIF,[],[],[],[]
ACCES_EXTRANET,[],[],[],[]
GROUP_INFORMATIQUE_TEST,[],[],[],[]
gediweb,[],[],[],[]
ACCES_VPNSSL_FULL,[],[],[],[]
ACCES_NETSTORAGE,[],[],[],[]
gpt_administrators,[],[],[],[]
ACCES_SIGCRLR,[],[],[],[]
ACCES_DOTPROJECT,[],[],[],[]
ACCES_CARTO,[],[],[],[]
ACCES_INTRANET,[],[],[],[]
zedoc,[],[],[],[]
S_Volume_TMA_L,[],[],[],[]
S_Disque_O,[],[],[],[]
Gp_Admin,[],[],[],[]
GP_info,[],[],[],[]
R_Contrat-de-Parc_E,[],[],[],[]
P_Agile_EPLE_E,[],[],[],[]
P_Safir,[],[],[],[]
VMPO1_SIG,[],[],[],[]
R_Donnees-CR_Carto_Echangees,[],[],[],[]
R_DGA5_DTC_Sous-Direction-Ports_E,[],[],[],[]
R_DGA5_DTC_Sous-Direction-Ports_Echange_E,[],[],[],[]
admingroup,[],[],[],[]
[root],[],[],[],[]
[root],[],[],[],[]
[root],[],[],[],[]
[root],[],[],[],[]
[root],[],[],[],[]
[root],[],[],[],[]
[root],[],[],[],[]
[root],[],[],[],[]
[root],[],[],[],[]
[root],[],[],[],[]
[root],[],[],[],[]
[root],[],[],[],[]
[root],[],[],[],[]
[root],[],[],[],[]
[root],[],[],[],[]
[root],[],[],[],[]
[root],[],[],[],[]
[root],[],[],[],[]
[root],[],[],[],[]
[root],[],[],[],[]
[root],[],[],[],[]
[root],[],[],[],[]
[root],[],[],[],[]
[root],[],[],[],[]
[root],[],[],[],[]
[root],[],[],[],[]
[root],[],[],[],[]
admingroup,[],[],[],[]
manager,[],[],[],[]
admin,[],[],[],[]
sshadmn-Administrators,[],[],[],[]
apchadmn-Administrators,[],[],[],[]
DNSDHCP-GROUP,[],[],[],[]
R_DGA-4_DRAEL_Filieres_E,[],[],[],[]
Domain Users,[],[],[],[]
Everyone,[],[],[],[]
"['P_Gedelib_Users', 'groupe des utilisateurs de Gedéliberation']",[],[],[],[]
"['Dev_Direction', 'Dev_Service_Portuaire']",[],[],[],[]
