GroupeeDir,nombre de membres
PartageCadreNuit,4
Partage_720-722,2
PartageProjet_DPA_GAM,10
PartageFGSU,4
PartageARUA,9
PartageCS700_S0082_S0094,5
PartageCoordinationTravaux,4
Partage0770-0430,17
PartageCadresMissionTranversale,9
PartageCadresMPPME,4
Partage_Dossier_Obstetrique,4
Partage_NRCF,22
PartagePlanBlancConfidentiel,5
Partage_DRH_NouvelEspaceStatutaire,6
PartageProjetRSSI,5
Partage_AES,21
PartageDRH - CGDS,11
Partage_CIFS_ADCHPG,0
PartageComiteEthiqueHospitaliere,7
PartageCadresBlocs,8
PartagePASSI,12
Partage_MAN,33
PartageFacturation - Unité de Bilan,5
PartageCadresPsy,3
PartagePoleMedicoTechnique,11
PartagePharmaDocs,184
PartagePoleGeriatrie,23
PartageMaintenanceBlocsOperatoires,16
PartageServicesInterieursGeneraux,3
PartageStandardConcierge,3
PartageCertificationV2014EDP_Generique,73
PartageCertificationV2014EDP,6
PartageCGDS,25
PartageTempsTravailGTTGroupeProjet,14
PartageImagerie,55
PartageDRM_secondaire,14
PartageDRM_Direction,7
PartageTempsTravailGTT,11
PartageCRIIIRééducateurs,14
PartageCadreImagerie,7
PartageCarnetsSanitaires,15
PartageCRIII-ADM-ANIM,22
PartageTamaris,22
Partage_Patient_traceur_Chemin_Clinique,12
Partage_Securite_Chefs_Equipe,9
PartagePsy_BIP_ECT_RTMS_Lecture,2
PartagePsy_BIP_ECT_RTMS,29
PartageAnimationCRIII,14
PartageGouvernantsCR3Diets,11
PartageCRIIIDocsPartagesS3000,13
PartageDISCO,9
PartageNCHPG,30
PartageCRIII,52
PartageProjet ETP,45
