,Volume,_id,name,path,rights
0,VOLDATAG,5a0c05c36be3647bbe196af0,.CN=LDRU.OU=COMPTABILITE.OU=BOLLORE.OU=PTX.O=GB1.T=CERAMIC_TREE.,/PUBLIC,rwcefm
1,VOLDATAG,5a0c05c36be3647bbe196af2,.CN=SDGN.OU=COMPTABILITE.OU=BOLLORE.OU=PTX.O=GB1.T=CERAMIC_TREE.,/PUBLIC,rwcefm
2,VOLDATAG,5a0c05c36be3647bbe196af4,.CN=BGDN.OU=COMPTABILITE.OU=BOLLORE.OU=PTX.O=GB1.T=CERAMIC_TREE.,/PUBLIC,rwcefm
3,VOLDATAG,5a0c05c36be3647bbe196af6,.CN=OMCL.OU=DSI.OU=BOLLORE.OU=PTX.O=GB1.T=CERAMIC_TREE.,/PUBLIC,rwcefm
4,VOLDATAG,5a0c05c36be3647bbe196af8,.CN=JGAT.OU=COMPTABILITE.OU=BOLLORE.OU=PTX.O=GB1.T=CERAMIC_TREE.,/PUBLIC,rwcefm
5,VOLDATAG,5a0c05c36be3647bbe196afa,.CN=CTRL_FISCAL.OU=GROUPES.OU=BOLLORE.OU=PTX.O=GB1.T=CERAMIC_TREE.,/APPLIS/CTRL_FISCAL,rwcefm
6,VOLDATAG,5a0c05c36be3647bbe196afe,.CN=GRETAR_APP.OU=GROUPES.OU=BOLLORE.OU=PTX.O=GB1.T=CERAMIC_TREE.,/APPLIS/GRETAR_DB,rwcefm
7,VOLDATAG,5a0c05c36be3647bbe196b00,.CN=APPLIS-STUDIO-QUAL.OU=GROUPES.OU=BOLLORE.OU=PTX.O=GB1.T=CERAMIC_TREE.,/APPLIS/OLD/CIRSO,rwcefm
8,VOLDATAG,5a0c05c36be3647bbe196b02,.CN=APPLIS-STUDIO.OU=GROUPES.OU=BOLLORE.OU=PTX.O=GB1.T=CERAMIC_TREE.,/APPLIS/OLD/CIRSO,rwcefm
9,VOLDATAG,5a0c05c36be3647bbe196b04,.CN=ACHATS.OU=GROUPES.OU=BOLLORE.OU=PTX.O=GB1.T=CERAMIC_TREE.,/ECHANGES/Achats,rwcefm
10,VOLDATAG,5a0c05c36be3647bbe196b06,.CN=FLDN.OU=TRESORERIE.OU=BOLLORE.OU=PTX.O=GB1.T=CERAMIC_TREE.,/ECHANGES/Achats,rf
11,VOLDATAG,5a0c05c36be3647bbe196b0a,.CN=ACHATS2.OU=GROUPES.OU=BOLLORE.OU=PTX.O=GB1.T=CERAMIC_TREE.,/ECHANGES/Achats2,rwcefm
12,VOLDATAG,5a0c05c36be3647bbe196b0c,.CN=ANNUAIRE.OU=GROUPES.OU=BOLLORE.OU=PTX.O=GB1.T=CERAMIC_TREE.,/ECHANGES/ANNUAIRE,rwcefm
13,VOLDATAG,5a0c05c36be3647bbe196b0e,.CN=ASSURANCES.OU=GROUPES.OU=BOLLORE.OU=PTX.O=GB1.T=CERAMIC_TREE.,/ECHANGES/ASSURANCES,rwcefm
14,VOLDATAG,5a0c05c36be3647bbe196b10,.CN=AUTOLIB.OU=GROUPES.OU=BOLLORE.OU=PTX.O=GB1.T=CERAMIC_TREE.,/ECHANGES/AUTOLIB,rwcefm
15,VOLDATAG,5a0c05c36be3647bbe196b12,.CN=BFR.OU=GROUPES.OU=BOLLORE.OU=PTX.O=GB1.T=CERAMIC_TREE.,/ECHANGES/BFR,rwcefm
16,VOLDATAG,5a0c05c36be3647bbe196b14,.CN=BOLFOND.OU=GROUPES.OU=BOLLORE.OU=PTX.O=GB1.T=CERAMIC_TREE.,/ECHANGES/BOLFOND,rwcefm
17,VOLDATAG,5a0c05c36be3647bbe196b1a,.CN=BOLLOREMEDIADIGITAL.OU=GROUPES.OU=BOLLORE.OU=PTX.O=GB1.T=CERAMIC_TREE.,/ECHANGES/BOLLOREMEDIADIGITAL,rwcefm
18,VOLDATAG,5a0c05c36be3647bbe196b1c,.CN=BOLLOREMEDIAREGIE.OU=GROUPES.OU=BOLLORE.OU=PTX.O=GB1.T=CERAMIC_TREE.,/ECHANGES/BOLLOREMEDIAREGIE,rwceafm
19,VOLDATAG,5a0c05c36be3647bbe196b20,.CN=CAPA_USERS.OU=GROUPES.OU=BOLLORE.OU=PTX.O=GB1.T=CERAMIC_TREE.,/ECHANGES/CAPA,rwcefm
20,VOLDATAG,5a0c05c36be3647bbe196b24,.CN=CGES.OU=GROUPES.OU=BOLLORE.OU=PTX.O=GB1.T=CERAMIC_TREE.,/ECHANGES/CGES,rwcefm
21,VOLDATAG,5a0c05c36be3647bbe196b26,.CN=CONSO_USER.OU=CONSOLIDATION.OU=BOLLORE.OU=PTX.O=GB1.T=CERAMIC_TREE.,/ECHANGES/CGES,rf
22,VOLDATAG,5a0c05c36be3647bbe196b28,.CN=s_cdm.OU=CONSOLIDATION.OU=BOLLORE.OU=PTX.O=GB1.T=CERAMIC_TREE.,/ECHANGES/CGES,rafm
23,VOLDATAG,5a0c05c36be3647bbe196b2c,.CN=CLUB.OU=GROUPES.OU=BOLLORE.OU=PTX.O=GB1.T=CERAMIC_TREE.,/ECHANGES/CLUB,rwcefm
24,VOLDATAG,5a0c05c36be3647bbe196b2e,.CN=COMM_BT.OU=GROUPES.OU=BOLLORE.OU=PTX.O=GB1.T=CERAMIC_TREE.,/ECHANGES/COMMBT,rwcefm
25,VOLDATAG,5a0c05c36be3647bbe196b32,.CN=COMPTA_USERS.OU=GROUPES.OU=BOLLORE.OU=PTX.O=GB1.T=CERAMIC_TREE.,/ECHANGES/COMPTA,rwcefm
26,VOLDATAG,5a0c05c36be3647bbe196b34,.CN=COMPTA_USERS_ADMIN.OU=GROUPES.OU=BOLLORE.OU=PTX.O=GB1.T=CERAMIC_TREE.,/ECHANGES/COMPTA,rwcefm
27,VOLDATAG,5a0c05c36be3647bbe196b38,.CN=CONSO.OU=GROUPES.OU=BOLLORE.OU=PTX.O=GB1.T=CERAMIC_TREE.,/ECHANGES/CONSO,rwcefm
28,VOLDATAG,5a0c05c36be3647bbe196b3a,.CN=CONSO_USER.OU=CONSOLIDATION.OU=BOLLORE.OU=PTX.O=GB1.T=CERAMIC_TREE.,/ECHANGES/CONSO,rf
29,VOLDATAG,5a0c05c36be3647bbe196b3c,.CN=s_cdm.OU=CONSOLIDATION.OU=BOLLORE.OU=PTX.O=GB1.T=CERAMIC_TREE.,/ECHANGES/CONSO,rafm
30,VOLDATAG,5a0c05c36be3647bbe196b40,.CN=DIRECTMATIN.OU=GROUPES.OU=BOLLORE.OU=PTX.O=GB1.T=CERAMIC_TREE.,/ECHANGES/DIRECTMATIN,rwcefm
31,VOLDATAG,5a0c05c36be3647bbe196b42,.CN=DirectMalin.OU=GROUPES.OU=BOLLORE.OU=PTX.O=GB1.T=CERAMIC_TREE.,/ECHANGES/DIRECTMATIN,rf
32,VOLDATAG,5a0c05c36be3647bbe196b44,.CN=DIRGENE_USERS.OU=GROUPES.OU=BOLLORE.OU=PTX.O=GB1.T=CERAMIC_TREE.,/ECHANGES/DIRGENE,rwcefm
33,VOLDATAG,5a0c05c36be3647bbe196b46,.CN=DISTRIB-PRESSE.OU=GROUPES.OU=BOLLORE.OU=PTX.O=GB1.T=CERAMIC_TREE.,/ECHANGES/DISTRIB-PRESSE,rwcefm
34,VOLDATAG,5a0c05c36be3647bbe196b48,.CN=DISTRIB-PRESS-USERS.OU=GROUPES.OU=BOLLORE.OU=PTX.O=GB1.T=CERAMIC_TREE.,/ECHANGES/DISTRIB-PRESSE,rf
35,VOLDATAG,5a0c05c36be3647bbe196b4e,.CN=DRH_HOLDING.OU=GROUPES.OU=BOLLORE.OU=PTX.O=GB1.T=CERAMIC_TREE.,/ECHANGES/DRH Holding,rwcefm
36,VOLDATAG,5a0c05c36be3647bbe196b52,.CN=DSI.OU=GROUPES.OU=BOLLORE.OU=PTX.O=GB1.T=CERAMIC_TREE.,/ECHANGES/DSI,rwcefm
37,VOLDATAG,5a0c05c36be3647bbe196b54,.CN=FORMATIONS.OU=GROUPES.OU=BOLLORE.OU=PTX.O=GB1.T=CERAMIC_TREE.,/ECHANGES/FORMATIO,rwcefm
38,VOLDATAG,5a0c05c36be3647bbe196b58,.CN=FOUCART.OU=GROUPES.OU=BOLLORE.OU=PTX.O=GB1.T=CERAMIC_TREE.,/ECHANGES/Foucart,rwcefm
39,VOLDATAG,5a0c05c36be3647bbe196b5c,.CN=IADBT.OU=GROUPES.OU=BOLLORE.OU=PTX.O=GB1.T=CERAMIC_TREE.,/ECHANGES/IADBT,rwcefm
40,VOLDATAG,5a0c05c36be3647bbe196b5e,.CN=IMMOBILIER.OU=GROUPES.OU=BOLLORE.OU=PTX.O=GB1.T=CERAMIC_TREE.,/ECHANGES/IMMOBILIER,rwcefm
41,VOLDATAG,5a0c05c36be3647bbe196b60,.CN=INTERNET.OU=GROUPES.OU=BOLLORE.OU=PTX.O=GB1.T=CERAMIC_TREE.,/ECHANGES/INTERNET,rwcefm
42,VOLDATAG,5a0c05c36be3647bbe196b62,.CN=JUR_FIS_IND.OU=GROUPES.OU=BOLLORE.OU=PTX.O=GB1.T=CERAMIC_TREE.,/ECHANGES/JUR_FIS_IND,rwcefm
43,VOLDATAG,5a0c05c36be3647bbe196b66,.CN=MAC_MAHON_USERS.OU=GROUPES.OU=BOLLORE.OU=PTX.O=GB1.T=CERAMIC_TREE.,/ECHANGES/MAC MAHON,rwcefm
44,VOLDATAG,5a0c05c36be3647bbe196b68,.CN=L_BOL_PTX_FILR_MAC MAHON.OU=GROUPES.OU=BOLLORE.OU=PTX.O=GB1.T=CERAMIC_TREE.,/ECHANGES/MAC MAHON,rwcefm
45,VOLDATAG,5a0c05c36be3647bbe196b6c,.CN=NETTING.OU=GROUPES.OU=BOLLORE.OU=PTX.O=GB1.T=CERAMIC_TREE.,/ECHANGES/NETTING,rwcefm
46,VOLDATAG,5a0c05c36be3647bbe196b6e,.CN=PARTICIPATION.OU=GROUPES.OU=BOLLORE.OU=PTX.O=GB1.T=CERAMIC_TREE.,/ECHANGES/Participations,rwcefm
47,VOLDATAG,5a0c05c36be3647bbe196b70,.CN=REUTER_USERS.OU=GROUPES.OU=BOLLORE.OU=PTX.O=GB1.T=CERAMIC_TREE.,/ECHANGES/REUTER,rwcefm
48,VOLDATAG,5a0c05c36be3647bbe196b72,.CN=SANTE.OU=GROUPES.OU=BOLLORE.OU=PTX.O=GB1.T=CERAMIC_TREE.,/ECHANGES/SANTE,rwcefm
49,VOLDATAG,5a0c05c36be3647bbe196b74,.CN=SDV-ACHATS.OU=GROUPES.OU=BOLLORE.OU=PTX.O=GB1.T=CERAMIC_TREE.,/ECHANGES/SDVACHAT,rwcefm
50,VOLDATAG,5a0c05c36be3647bbe196b78,.CN=TestSMB.OU=MNGT.OU=PTX.O=GB1.T=CERAMIC_TREE.,/ECHANGES/TestSMB,rwcefm
51,VOLDATAG,5a0c05c36be3647bbe196b7a,.CN=TITRES_USERS.OU=GROUPES.OU=BOLLORE.OU=PTX.O=GB1.T=CERAMIC_TREE.,/ECHANGES/Titres,rwcefm
52,VOLDATAG,5a0c05c36be3647bbe196b7e,.CN=TRESORERIE.OU=GROUPES.OU=BOLLORE.OU=PTX.O=GB1.T=CERAMIC_TREE.,/ECHANGES/TRESORERIE,rwcefm
53,VOLDATAG,5a0c05c36be3647bbe196b82,.CN=UNICAF.OU=GROUPES.OU=BOLLORE.OU=PTX.O=GB1.T=CERAMIC_TREE.,/ECHANGES/UNICAF,rwcefm
54,VOLDATAG,5a0c05c36be3647bbe196b86,.CN=DIR_PART_ADSG.OU=GROUPES.OU=BOLLORE.OU=PTX.O=GB1.T=CERAMIC_TREE.,/ECHANGES/ADSG,rwcefm
55,VOLDATAG,5a0c05c36be3647bbe196b8a,.CN=EARTHTALENT.OU=GROUPES.OU=BOLLORE.OU=PTX.O=GB1.T=CERAMIC_TREE.,/ECHANGES/EARTHTALENT,rwcefm
56,VOLDATAG,5a0c05c36be3647bbe196b8c,.CN=IPO.OU=GROUPES.OU=BOLLORE.OU=PTX.O=GB1.T=CERAMIC_TREE.,/ECHANGES/IPO_OLD,
57,VOLDATAG,5a0c05c36be3647bbe196b8e,.CN=FMS.OU=GROUPES.OU=BOLLORE.OU=PTX.O=GB1.T=CERAMIC_TREE.,/ECHANGES/FMS,rwceafm
58,VOLDATAG,5a0c05c36be3647bbe196b90,.CN=Films.OU=GROUPES.OU=BOLLORE.OU=PTX.O=GB1.T=CERAMIC_TREE.,/ECHANGES/FMS,rf
59,VOLDATAG,5a0c05c36be3647bbe196b92,.CN=DIRGENE1_USERS.OU=GROUPES.OU=BOLLORE.OU=PTX.O=GB1.T=CERAMIC_TREE.,/ECHANGES/DIRGENE_1,rwcefm
60,VOLDATAG,5a0c05c36be3647bbe196b94,.CN=VE.OU=GROUPES.OU=BOLLORE.OU=PTX.O=GB1.T=CERAMIC_TREE.,/ECHANGES/VE,rwceafm
61,VOLDATAG,5a0c05c36be3647bbe196b96,.CN=RESERVATION_4EME.OU=GROUPES.OU=BOLLORE.OU=PTX.O=GB1.T=CERAMIC_TREE.,/ECHANGES/Salle de réunion 4e,rwcefm
62,VOLDATAG,5a0c05c36be3647bbe196b98,.CN=BERNIER.OU=GROUPES.OU=BOLLORE.OU=PTX.O=GB1.T=CERAMIC_TREE.,/ECHANGES/Bernier,rwcefm
63,VOLDATAG,5a0c05c36be3647bbe196b9a,.CN=SECGENERAL.OU=GROUPES.OU=BOLLORE.OU=PTX.O=GB1.T=CERAMIC_TREE.,/ECHANGES/SecGeneral,rwcefm
64,VOLDATAG,5a0c05c36be3647bbe196b9c,.CN=GALX.OU=DIR-GENERALE.OU=BOLLORE.OU=PTX.O=GB1.T=CERAMIC_TREE.,/ECHANGES/CHAVANES,rwcefm
65,VOLDATAG,5a0c05c36be3647bbe196b9e,.CN=ICUN.OU=DIR-GENERALE.OU=BOLLORE.OU=PTX.O=GB1.T=CERAMIC_TREE.,/ECHANGES/CHAVANES,rwcefm
66,VOLDATAG,5a0c05c36be3647bbe196ba0,.CN=ELITES.OU=GROUPES.OU=BOLLORE.OU=PTX.O=GB1.T=CERAMIC_TREE.,/ECHANGES/Elites,rwcefm
67,VOLDATAG,5a0c05c36be3647bbe196ba2,.CN=IRIS.OU=GROUPES.OU=BOLLORE.OU=PTX.O=GB1.T=CERAMIC_TREE.,/ECHANGES/IRIS_OLD,
68,VOLDATAG,5a0c05c36be3647bbe196ba4,.CN=IRIS_ADM_ALL.OU=GROUPES.OU=BOLLORE.OU=PTX.O=GB1.T=CERAMIC_TREE.,/ECHANGES/IRIS_OLD,
69,VOLDATAG,5a0c05c36be3647bbe196ba6,.CN=DEMENAGEMENT.OU=GROUPES.OU=BOLLORE.OU=PTX.O=GB1.T=CERAMIC_TREE.,/ECHANGES/Déménagements TB été 2015,rwcefm
70,VOLDATAG,5a0c05c36be3647bbe196baa,.CN=RelationsInvestisseurs.OU=GROUPES.OU=BOLLORE.OU=PTX.O=GB1.T=CERAMIC_TREE.,/ECHANGES/RelationsInvestisseurs,rwcefm
71,VOLDATAG,5a0c05c36be3647bbe196bac,.CN=DirectionFinanciere.OU=GROUPES.OU=BOLLORE.OU=PTX.O=GB1.T=CERAMIC_TREE.,/ECHANGES/DirectionFinanciere,rwcefm
72,VOLDATAG,5a0c05c36be3647bbe196bae,.CN=TARIFSMATERIEL.OU=GROUPES.OU=BOLLORE.OU=PTX.O=GB1.T=CERAMIC_TREE.,/ECHANGES/Tarifs_Materiel,rwf
73,VOLDATAG,5a0c05c36be3647bbe196bb0,.CN=TARIFSMATERIELALL.OU=GROUPES.OU=BOLLORE.OU=PTX.O=GB1.T=CERAMIC_TREE.,/ECHANGES/Tarifs_Materiel,rwcefm
74,VOLDATAG,5a0c05c36be3647bbe196bb2,.CN=IPO.OU=GROUPES.OU=BOLLORE.OU=PTX.O=GB1.T=CERAMIC_TREE.,/ECHANGES/IPO,rwcefm
75,VOLDATAG,5a0c05c36be3647bbe196bb4,.CN=BLUE-SOLUTION-DAF.OU=GROUPES.OU=BOLLORE.OU=PTX.O=GB1.T=CERAMIC_TREE.,/ECHANGES/BLUE SOLUTIONS DAF,rwcefm
76,VOLDATAG,5a0c05c36be3647bbe196bb6,.CN=FBTU.OU=BOLLOREMEDIA.OU=MEDIA.OU=PTX.O=GB1.T=CERAMIC_TREE.,/ECHANGES/BLUE SOLUTIONS DAF,rwcefm
77,VOLDATAG,5a0c05c36be3647bbe196bb8,.CN=GAND.OU=BOLLOREMEDIA.OU=MEDIA.OU=PTX.O=GB1.T=CERAMIC_TREE.,/ECHANGES/BLUE SOLUTIONS DAF,rwcefm
78,VOLDATAG,5a0c05c36be3647bbe196bba,.CN=FHLE.OU=CONSOLIDATION.OU=BOLLORE.OU=PTX.O=GB1.T=CERAMIC_TREE.,/ECHANGES/BLUE SOLUTIONS DAF,rwcefm
79,VOLDATAG,5a0c05c36be3647bbe196bbc,.CN=L_BOL_PTX_FILR_BluesolutionDaf.OU=GROUPES.OU=BOLLORE.OU=PTX.O=GB1.T=CERAMIC_TREE.,/ECHANGES/BLUE SOLUTIONS DAF,rwcefm
80,VOLDATAG,5a0c05c36be3647bbe196bbe,.CN=MIDDLE_OFFICE_INDUSTRY.OU=GROUPES.OU=BOLLORE.OU=PTX.O=GB1.T=CERAMIC_TREE.,/ECHANGES/MIDDLE OFFICE INDUSTRY,rwceafm
81,VOLDATAG,5a0c05c36be3647bbe196bc0,.CN=SERVEUR_AEG_DELOITTE_CONSO.OU=GROUPES.OU=BOLLORE.OU=PTX.O=GB1.T=CERAMIC_TREE.,/ECHANGES/SERVEUR AEG DELOITTE CONSO,rwcefm
82,VOLDATAG,5a0c05c36be3647bbe196bc2,.CN=L_BOL_PTX_FILR_IFRS15.OU=GROUPES.OU=BOLLORE.OU=PTX.O=GB1.T=CERAMIC_TREE.,/ECHANGES/Contrats Clients IFRS15,rwcefm
83,VOLDATAG,5a0c05c36be3647bbe196bc4,.CN=L_BOL_PTX_FILR_Collectes IFC et NRE.OU=GROUPES.OU=BOLLORE.OU=PTX.O=GB1.T=CERAMIC_TREE.,/ECHANGES/Collectes IFC et NRE,rwcefm
84,VOLDATAG,5a0c05c36be3647bbe196bc6,.CN=G_Echange_Communication Groupe.OU=GROUPES.OU=BOLLORE.OU=PTX.O=GB1.T=CERAMIC_TREE.,/ECHANGES/Communication Groupe,rwcefm
85,VOLDATAG,5a0c05c36be3647bbe196bc8,.CN=IRIS_ADM_ALL.OU=GROUPES.OU=BOLLORE.OU=PTX.O=GB1.T=CERAMIC_TREE.,/ECHANGES/IRIS,rwcefm
86,VOLDATAG,5a0c05c36be3647bbe196bca,.CN=IRIS.OU=GROUPES.OU=BOLLORE.OU=PTX.O=GB1.T=CERAMIC_TREE.,/ECHANGES/IRIS,rwcefm
87,VOLDATAG,5a0c05c36be3647bbe196bcc,.CN=G_UPSLIDE.OU=GROUPES.OU=BOLLORE.OU=PTX.O=GB1.T=CERAMIC_TREE.,/ECHANGES/Upslide,rwcefm
88,VOLDATAG,5a0c05c36be3647bbe196bce,.CN=G_ZCM_NOTES ANALYSTES.OU=GROUPES.OU=BOLLORE.OU=PTX.O=GB1.T=CERAMIC_TREE.,/ECHANGES/Notes analystes,rwcefm
89,VOLDATAG,5a0c05c36be3647bbe196bd0,.CN=HCMN.OU=DIR-ACHATS.OU=BOLLORE.OU=PTX.O=GB1.T=CERAMIC_TREE.,/ECHANGES/Achats/LUCILE,rwcefm
90,VOLDATAG,5a0c05c36be3647bbe196bd2,.CN=PLNY.OU=FONDATION.OU=BOLLORE.OU=PTX.O=GB1.T=CERAMIC_TREE.,/ECHANGES/BOLFOND/Secretariat,rwcefm
91,VOLDATAG,5a0c05c36be3647bbe196bd4,.CN=YBDN.OU=FONDATION.OU=BOLLORE.OU=PTX.O=GB1.T=CERAMIC_TREE.,/ECHANGES/BOLFOND/Secretariat,rwcefm
92,VOLDATAG,5a0c05c36be3647bbe196bd6,.CN=MSJN.OU=FONDATION.OU=BOLLORE.OU=PTX.O=GB1.T=CERAMIC_TREE.,/ECHANGES/BOLFOND/Secretariat,rwcefm
93,VOLDATAG,5a0c05c36be3647bbe196bda,.CN=LLIE.OU=BOLLOREMEDIAREGIE.OU=MEDIA.OU=PTX.O=GB1.T=CERAMIC_TREE.,/ECHANGES/BOLLOREMEDIAREGIE/LE PRINCE,rwcefm
94,VOLDATAG,5a0c05c36be3647bbe196bde,.CN=1-BM-COMMUNICATION.OU=GROUPES.OU=BOLLORE.OU=PTX.O=GB1.T=CERAMIC_TREE.,/ECHANGES/BOLLOREMEDIA/COMMUNICATION-MEDIAS,rwcefm
95,VOLDATAG,5a0c05c36be3647bbe196be2,.CN=1-BM-DRH.OU=GROUPES.OU=BOLLORE.OU=PTX.O=GB1.T=CERAMIC_TREE.,/ECHANGES/BOLLOREMEDIA/DRH-MEDIAS,rwcefm
96,VOLDATAG,5a0c05c36be3647bbe196be6,.CN=1-BM-DSI.OU=GROUPES.OU=BOLLORE.OU=PTX.O=GB1.T=CERAMIC_TREE.,/ECHANGES/BOLLOREMEDIA/DSI-MEDIAS,rwcefm
97,VOLDATAG,5a0c05c36be3647bbe196bea,.CN=1-BM-CANAL-PLUS.OU=GROUPES.OU=BOLLORE.OU=PTX.O=GB1.T=CERAMIC_TREE.,/ECHANGES/BOLLOREMEDIA/CANAL-PLUS-MEDIAS,rwcefm
98,VOLDATAG,5a0c05c36be3647bbe196bee,.CN=1-BM-DIRECTION.OU=GROUPES.OU=BOLLORE.OU=PTX.O=GB1.T=CERAMIC_TREE.,/ECHANGES/BOLLOREMEDIA/DIRECTION-MEDIAS,rwcefm
99,VOLDATAG,5a0c05c36be3647bbe196bf2,.CN=BI-PLANNINGPRESSEREGIEPUB.OU=GROUPES.OU=BOLLORE.OU=PTX.O=GB1.T=CERAMIC_TREE.,/ECHANGES/BOLLOREMEDIAREGIE/PLANNING PRESSE,rf
100,VOLDATAG,5a0c05c36be3647bbe196bf4,.CN=BI-PLANNINGPRESSE.OU=GROUPES.OU=BOLLORE.OU=PTX.O=GB1.T=CERAMIC_TREE.,/ECHANGES/BOLLOREMEDIAREGIE/PLANNING PRESSE,rwcefm
101,VOLDATAG,5a0c05c36be3647bbe196bf8,.CN=BMR-MARKETUDES.OU=GROUPES.OU=BOLLORE.OU=PTX.O=GB1.T=CERAMIC_TREE.,/ECHANGES/BOLLOREMEDIAREGIE/MARKETING ET ETUDES_OLD,
102,VOLDATAG,5a0c05c36be3647bbe196bfa,.CN=BMR-MARKETUDESLECT.OU=GROUPES.OU=BOLLORE.OU=PTX.O=GB1.T=CERAMIC_TREE.,/ECHANGES/BOLLOREMEDIAREGIE/MARKETING ET ETUDES_OLD,
103,VOLDATAG,5a0c05c36be3647bbe196bfe,.CN=CGES_DIVISIONS_FMS.OU=GROUPES.OU=BOLLORE.OU=PTX.O=GB1.T=CERAMIC_TREE.,/ECHANGES/CGES/04_Analyses et études diverses/042_Analyses par Divisions & entités/56_FMS,rwceafm
104,VOLDATAG,5a0c05c36be3647bbe196c00,.CN=CGES_DIVISIONS_NAOC.OU=GROUPES.OU=BOLLORE.OU=PTX.O=GB1.T=CERAMIC_TREE.,/ECHANGES/CGES/04_Analyses et études diverses/042_Analyses par Divisions & entités/58_NAOC,rwcefm
105,VOLDATAG,5a0c05c36be3647bbe196c02,.CN=COMPTA_USERS.OU=GROUPES.OU=BOLLORE.OU=PTX.O=GB1.T=CERAMIC_TREE.,/ECHANGES/COMPTA/CRISTAL Projet Comptable_OLD,
106,VOLDATAG,5a0c05c36be3647bbe196c04,.CN=CRISTAL_PROJET_COMPTABLE.OU=GROUPES.OU=BOLLORE.OU=PTX.O=GB1.T=CERAMIC_TREE.,/ECHANGES/COMPTA/CRISTAL Projet Comptable_OLD,
107,VOLDATAG,5a0c05c36be3647bbe196c06,.CN=COMPTA-PARADM.OU=GROUPES.OU=BOLLORE.OU=PTX.O=GB1.T=CERAMIC_TREE.,/ECHANGES/COMPTA/CRISTAL Projet Comptable_OLD/PARAMETRES_IRIS_FINANCE/Paramètres pour administrateurs (dossier sécurisé),rwcefm
108,VOLDATAG,5a0c05c36be3647bbe196c0c,.CN=DM-AAACTU_TV_DIRECTSOIR.OU=GROUPES.OU=BOLLORE.OU=PTX.O=GB1.T=CERAMIC_TREE.,/ECHANGES/DIRECTMATIN/AAACTU_TV_DIRECTSOIR,rwcefm
109,VOLDATAG,5a0c05c36be3647bbe196c10,.CN=EDNS.OU=DIR-GENERALE.OU=BOLLORE.OU=PTX.O=GB1.T=CERAMIC_TREE.,/ECHANGES/DIRGENE/Filemaker,rwcefm
110,VOLDATAG,5a0c05c36be3647bbe196c12,.CN=FFDN.OU=DIR-GENERALE.OU=BOLLORE.OU=PTX.O=GB1.T=CERAMIC_TREE.,/ECHANGES/DIRGENE/Filemaker,rwcefm
111,VOLDATAG,5a0c05c36be3647bbe196c16,.CN=DP-MEDIAPILOT.OU=GROUPES.OU=BOLLORE.OU=PTX.O=GB1.T=CERAMIC_TREE.,/ECHANGES/DISTRIB-PRESSE/MEDIAPILOT,rwcefm
112,VOLDATAG,5a0c05c36be3647bbe196c1a,.CN=DP-RESEAU-DEPOT.OU=GROUPES.OU=BOLLORE.OU=PTX.O=GB1.T=CERAMIC_TREE.,/ECHANGES/DISTRIB-PRESSE/Archives jusqu'à 2014/RESEAU-DEPOT,rwceafm
113,VOLDATAG,5a0c05c36be3647bbe196c1e,.CN=DRHGRPADMIN.OU=GROUPES.OU=BOLLORE.OU=PTX.O=GB1.T=CERAMIC_TREE.,/ECHANGES/DRH Groupe/Administration RH,rwcefm
114,VOLDATAG,5a0c05c36be3647bbe196c22,.CN=CKAL.OU=DRH-GROUPE.OU=BOLLORE.OU=PTX.O=GB1.T=CERAMIC_TREE.,/ECHANGES/DRH Groupe/Service CK,rwcefm
115,VOLDATAG,5a0c05c36be3647bbe196c24,.CN=CBCI.OU=DIR-IMMOBILIER.OU=BOLLORE.OU=PTX.O=GB1.T=CERAMIC_TREE.,/ECHANGES/DRH Groupe/Service CK,rwcefm
116,VOLDATAG,5a0c05c36be3647bbe196c26,.CN=CKAL.OU=DRH-GROUPE.OU=BOLLORE.OU=PTX.O=GB1.T=CERAMIC_TREE.,/ECHANGES/DRH Groupe/Dossier Confidentiel,rwcefm
117,VOLDATAG,5a0c05c36be3647bbe196c28,.CN=PYBD.OU=DRH-GROUPE.OU=BOLLORE.OU=PTX.O=GB1.T=CERAMIC_TREE.,/ECHANGES/DRH Groupe/Dossier Confidentiel,rwcefm
118,VOLDATAG,5a0c05c36be3647bbe196c2a,.CN=DRHGRP-ACTUARIAT.OU=GROUPES.OU=BOLLORE.OU=PTX.O=GB1.T=CERAMIC_TREE.,/ECHANGES/DRH Groupe/Service CK/03_SIRH/HR Access/Documentation Hraccess/Procédures Collecte_IFC_NRE/Actuariat,rwcefm
119,VOLDATAG,5a0c05c36be3647bbe196c2c,.CN=DRHGRP-EPARGNESALA.OU=GROUPES.OU=BOLLORE.OU=PTX.O=GB1.T=CERAMIC_TREE.,/ECHANGES/DRH Groupe/Service CK/01_Gestion Dev RH/Epargne Salariale,rwcefm
120,VOLDATAG,5a0c05c36be3647bbe196c2e,.CN=DRHGRP-PROCEDURE.OU=GROUPES.OU=BOLLORE.OU=PTX.O=GB1.T=CERAMIC_TREE.,/ECHANGES/DRH Groupe/Service CK/01_Gestion Dev RH/Procédures RH,rwcefm
121,VOLDATAG,5a0c05c36be3647bbe196c30,.CN=DRHGRP-PRTECTSOC.OU=GROUPES.OU=BOLLORE.OU=PTX.O=GB1.T=CERAMIC_TREE.,/ECHANGES/DRH Groupe/Service CK/02_Protection Sociale,rwcefm
122,VOLDATAG,5a0c05c36be3647bbe196c32,.CN=DRHGRP-REPORTSOCIAL.OU=GROUPES.OU=BOLLORE.OU=PTX.O=GB1.T=CERAMIC_TREE.,/ECHANGES/DRH Groupe/Service CK/01_Gestion Dev RH/Reporting social,rwcefm
123,VOLDATAG,5a0c05c36be3647bbe196c34,.CN=DRHGRP-ASSUAXASFDM.OU=GROUPES.OU=BOLLORE.OU=PTX.O=GB1.T=CERAMIC_TREE.,/ECHANGES/DRH Groupe/Service CK/01_Gestion Dev RH/Prestations retraites - Contrat IFC,rwcefm
124,VOLDATAG,5a0c05c36be3647bbe196c36,.CN=DRHGRP-REMUNERATIONS.OU=GROUPES.OU=BOLLORE.OU=PTX.O=GB1.T=CERAMIC_TREE.,/ECHANGES/DRH Groupe/Service CK/01_Gestion Dev RH/Rémunérations,rwcefm
125,VOLDATAG,5a0c05c36be3647bbe196c38,.CN=DRHGRP-SECRETCK.OU=GROUPES.OU=BOLLORE.OU=PTX.O=GB1.T=CERAMIC_TREE.,/ECHANGES/DRH Groupe/Service CK/Secrétariat CK,rwcefm
126,VOLDATAG,5a0c05c36be3647bbe196c3a,.CN=DRHGRP-SIRH.OU=GROUPES.OU=BOLLORE.OU=PTX.O=GB1.T=CERAMIC_TREE.,/ECHANGES/DRH Groupe/Service CK/03_SIRH,rwcefm
127,VOLDATAG,5a0c05c36be3647bbe196c3c,.CN=DRHGRP-EPARGNESALA.OU=GROUPES.OU=BOLLORE.OU=PTX.O=GB1.T=CERAMIC_TREE.,/ECHANGES/DRH Groupe/Service CK/01_Gestion Dev RH/Développement RH,rwcefm
128,VOLDATAG,5a0c05c36be3647bbe196c3e,.CN=DRHGRP-CK-PHILOMANIA.OU=GROUPES.OU=BOLLORE.OU=PTX.O=GB1.T=CERAMIC_TREE.,/ECHANGES/DRH Groupe/Service CK/01_Gestion Dev RH/Développement RH/06_CONFERENCE,rwceafm
129,VOLDATAG,5a0c05c36be3647bbe196c40,.CN=DRHGRP-REV-SALARIALES.OU=GROUPES.OU=BOLLORE.OU=PTX.O=GB1.T=CERAMIC_TREE.,/ECHANGES/DRH Groupe/Service CK/01_Gestion Dev RH/Rémunérations/11-Révisions Salariales BOLLORE,rwcefm
130,VOLDATAG,5a0c05c36be3647bbe196c44,.CN=SIRHGroupe.OU=DRH-GROUPE.OU=BOLLORE.OU=PTX.O=GB1.T=CERAMIC_TREE.,/ECHANGES/DRH Groupe/Service CK/03_SIRH/Archives_GW_SIRH,rwcefm
131,VOLDATAG,5a0c05c36be3647bbe196c46,.CN=DRHGRP-SIRH-HRASUITE7.OU=GROUPES.OU=BOLLORE.OU=PTX.O=GB1.T=CERAMIC_TREE.,/ECHANGES/DRH Groupe/Service CK/03_SIRH/HRa Suite 7,rwcefm
132,VOLDATAG,5a0c05c36be3647bbe196c48,.CN=DRHGRP-JURPROTECSOC.OU=GROUPES.OU=BOLLORE.OU=PTX.O=GB1.T=CERAMIC_TREE.,/ECHANGES/DRH Groupe/Service JC/Juridique et Protection Sociale,rwcefm
133,VOLDATAG,5a0c05c36be3647bbe196c4a,.CN=DRHGRP-SECRETDRHGRP.OU=GROUPES.OU=BOLLORE.OU=PTX.O=GB1.T=CERAMIC_TREE.,/ECHANGES/DRH Groupe/Service PYB/DRH Groupe,rwcefm
134,VOLDATAG,5a0c05c36be3647bbe196c4c,.CN=DRHGRP-SECRETPYB.OU=GROUPES.OU=BOLLORE.OU=PTX.O=GB1.T=CERAMIC_TREE.,/ECHANGES/DRH Groupe/Service PYB/Secrétariat PYB,rwcefm
135,VOLDATAG,5a0c05c36be3647bbe196c4e,.CN=MHRO.OU=DRH-GROUPE.OU=BOLLORE.OU=PTX.O=GB1.T=CERAMIC_TREE.,/ECHANGES/DRH Groupe/Service PYB/DRH Groupe/13. Initiés,rwcefm
136,VOLDATAG,5a0c05c36be3647bbe196c50,.CN=ATOS.OU=GROUPES.OU=BOLLORE.OU=PTX.O=GB1.T=CERAMIC_TREE.,/ECHANGES/DSI/Applis_Bollore,rwcefm
137,VOLDATAG,5a0c05c36be3647bbe196c52,.CN=ATOS.OU=GROUPES.OU=BOLLORE.OU=PTX.O=GB1.T=CERAMIC_TREE.,/ECHANGES/DSI/Applis_Medias,rwcefm
138,VOLDATAG,5a0c05c36be3647bbe196c54,.CN=ATOS.OU=GROUPES.OU=BOLLORE.OU=PTX.O=GB1.T=CERAMIC_TREE.,/ECHANGES/DSI/BASES_CONNAISSANCES,rwcefm
139,VOLDATAG,5a0c05c36be3647bbe196c56,.CN=ATOS.OU=GROUPES.OU=BOLLORE.OU=PTX.O=GB1.T=CERAMIC_TREE.,/ECHANGES/DSI/DOCUMENTATION,rwcefm
140,VOLDATAG,5a0c05c36be3647bbe196c58,.CN=ATOS.OU=GROUPES.OU=BOLLORE.OU=PTX.O=GB1.T=CERAMIC_TREE.,/ECHANGES/DSI/EXPLOITATION,rwcefm
141,VOLDATAG,5a0c05c36be3647bbe196c5a,.CN=ATOS.OU=GROUPES.OU=BOLLORE.OU=PTX.O=GB1.T=CERAMIC_TREE.,/ECHANGES/DSI/GESTION DOCS PRODUCTION,rwcefm
142,VOLDATAG,5a0c05c36be3647bbe196c5c,.CN=INFOGERANT.OU=GROUPES.OU=BOLLORE.OU=PTX.O=GB1.T=CERAMIC_TREE.,/ECHANGES/DSI/MDP,rf
143,VOLDATAG,5a0c05c36be3647bbe196c5e,.CN=ATOS.OU=GROUPES.OU=BOLLORE.OU=PTX.O=GB1.T=CERAMIC_TREE.,/ECHANGES/DSI/MDP,rf
144,VOLDATAG,5a0c05c36be3647bbe196c60,.CN=ATOS_DROIT_SUP.OU=GROUPES.OU=BOLLORE.OU=PTX.O=GB1.T=CERAMIC_TREE.,/ECHANGES/DSI/MDP,rwcefm
145,VOLDATAG,5a0c05c36be3647bbe196c62,.CN=ATOS.OU=GROUPES.OU=BOLLORE.OU=PTX.O=GB1.T=CERAMIC_TREE.,/ECHANGES/DSI/OUTILS,rwcefm
146,VOLDATAG,5a0c05c36be3647bbe196c64,.CN=PHRVBI.OU=GROUPES.OU=BOLLORE.OU=PTX.O=GB1.T=CERAMIC_TREE.,/ECHANGES/DSI/ASSISTANAT/PHRVBI,rwcefm
147,VOLDATAG,5a0c05c36be3647bbe196c68,.CN=ATOS.OU=GROUPES.OU=BOLLORE.OU=PTX.O=GB1.T=CERAMIC_TREE.,/ECHANGES/DSI/ATOS,rwcefm
148,VOLDATAG,5a0c05c36be3647bbe196c6c,.CN=DSI-ENABLONDD.OU=GROUPES.OU=BOLLORE.OU=PTX.O=GB1.T=CERAMIC_TREE.,/ECHANGES/DSI/Applis_Bollore/ENABLON_DD,rwcefm
149,VOLDATAG,5a0c05c36be3647bbe196c6e,.CN=ZSTA.OU=JURIDIQUE.OU=BOLLORE.OU=PTX.O=GB1.T=CERAMIC_TREE.,/ECHANGES/DSI/Applis_Bollore/Insighter,rwcefm
150,VOLDATAG,5a0c05c36be3647bbe196c70,.CN=STDIRGE2.OU=DIR-GENERALE.OU=BOLLORE.OU=PTX.O=GB1.T=CERAMIC_TREE.,/ECHANGES/DSI/Applis_Bollore/ENABLON_DD/Analyses et Rapports,rwcefm
151,VOLDATAG,5a0c05c36be3647bbe196c72,.CN=RKNY.OU=INFOGERANCE.OU=PTX.O=GB1.T=CERAMIC_TREE.,/ECHANGES/DSI/GESTION DOCS PRODUCTION/documents actifs/RESEAU-SECURITE,rf
152,VOLDATAG,5a0c05c36be3647bbe196c74,.CN=COVOITURAGE.OU=GROUPES.OU=BOLLORE.OU=PTX.O=GB1.T=CERAMIC_TREE.,/ECHANGES/DSI/PROJETS/Covoiturage_OLD,
153,VOLDATAG,5a0c05c36be3647bbe196c76,.CN=CMBL.OU=BOLLOREMEDIA.OU=MEDIA.OU=PTX.O=GB1.T=CERAMIC_TREE.,/ECHANGES/DSI/PROJETS/ENABLON_DD,rwcefm
154,VOLDATAG,5a0c05c36be3647bbe196c78,.CN=JMCR.OU=RSE.OU=BOLLORE.OU=PTX.O=GB1.T=CERAMIC_TREE.,/ECHANGES/DSI/PROJETS/ENABLON_DD,rwcefm
155,VOLDATAG,5a0c05c36be3647bbe196c7a,.CN=STDIRGE2.OU=DIR-GENERALE.OU=BOLLORE.OU=PTX.O=GB1.T=CERAMIC_TREE.,/ECHANGES/DSI/PROJETS/ENABLON_DD,rwcefm
156,VOLDATAG,5a0c05c36be3647bbe196c7c,.CN=LCTY.OU=JURIDIQUE.OU=BOLLORE.OU=PTX.O=GB1.T=CERAMIC_TREE.,/ECHANGES/DSI/PROJETS/ENABLON_DD,rwcefm
157,VOLDATAG,5a0c05c36be3647bbe196c7e,.CN=CLCD.OU=RSE.OU=BOLLORE.OU=PTX.O=GB1.T=CERAMIC_TREE.,/ECHANGES/DSI/PROJETS/ENABLON_DD,rwcefm
158,VOLDATAG,5a0c05c36be3647bbe196c80,.CN=LLBU.OU=RSE.OU=BOLLORE.OU=PTX.O=GB1.T=CERAMIC_TREE.,/ECHANGES/DSI/PROJETS/ENABLON_DD,rwcefm
159,VOLDATAG,5a0c05c36be3647bbe196c82,.CN=DSI-IMMO.OU=GROUPES.OU=BOLLORE.OU=PTX.O=GB1.T=CERAMIC_TREE.,/ECHANGES/DSI/PROJETS/IMMO_12052015,
160,VOLDATAG,5a0c05c36be3647bbe196c84,.CN=DSI-MEDICAL.OU=GROUPES.OU=BOLLORE.OU=PTX.O=GB1.T=CERAMIC_TREE.,/ECHANGES/DSI/PROJETS/Medical,rwcefm
161,VOLDATAG,5a0c05c36be3647bbe196c88,.CN=FBDI.OU=ASSURANCES.OU=BOLLORE.OU=PTX.O=GB1.T=CERAMIC_TREE.,/ECHANGES/DSI/PROJETS/Stars,rwcefm
162,VOLDATAG,5a0c05c36be3647bbe196c8a,.CN=MPTR.OU=BOLLOREMEDIAREGIE.OU=MEDIA.OU=PTX.O=GB1.T=CERAMIC_TREE.,/ECHANGES/DSI/Applis_Medias/Régie/EDI/EDI FACT,rwcefm
163,VOLDATAG,5a0c05c36be3647bbe196c8c,.CN=VRAD.OU=BOLLOREMEDIAREGIE.OU=MEDIA.OU=PTX.O=GB1.T=CERAMIC_TREE.,/ECHANGES/DSI/Applis_Medias/Régie/EDI/EDI FACT,rwcefm
164,VOLDATAG,5a0c05c36be3647bbe196c8e,.CN=EQUITRAC-MFP-RICOH.OU=GROUPES.OU=BOLLORE.OU=PTX.O=GB1.T=CERAMIC_TREE.,/ECHANGES/DSI/PROJETS/EQUITRAC-MFP-RICOH,rwceafm
165,VOLDATAG,5a0c05c36be3647bbe196c90,.CN=BM-PROJETS-MEDIAS.OU=GROUPES.OU=BOLLORE.OU=PTX.O=GB1.T=CERAMIC_TREE.,/ECHANGES/DSI/PROJETS/PROJETS MEDIAS,rwcefm
166,VOLDATAG,5a0c05c36be3647bbe196c92,.CN=MPTR.OU=BOLLOREMEDIAREGIE.OU=MEDIA.OU=PTX.O=GB1.T=CERAMIC_TREE.,/ECHANGES/DSI/PROJETS/PROJETS MEDIAS,rwceafm
167,VOLDATAG,5a0c05c36be3647bbe196c94,.CN=GALT.OU=DSI.OU=BOLLORE.OU=PTX.O=GB1.T=CERAMIC_TREE.,/ECHANGES/DSI/PROJETS/ServeursFTP,rwcefm
168,VOLDATAG,5a0c05c36be3647bbe196c96,.CN=GVCT.OU=DSI.OU=BOLLORE.OU=PTX.O=GB1.T=CERAMIC_TREE.,/ECHANGES/DSI/PROJETS/ServeursFTP,rwcefm
169,VOLDATAG,5a0c05c36be3647bbe196c98,.CN=OPTIM'IS DATAFINANCE.OU=GROUPES.OU=BOLLORE.OU=PTX.O=GB1.T=CERAMIC_TREE.,/ECHANGES/DSI/PROJETS/OPTIM'IS DATAFINANCE,rwceafm
170,VOLDATAG,5a0c05c36be3647bbe196c9a,.CN=MGRY.OU=DIR-GENERALE.OU=BOLLORE.OU=PTX.O=GB1.T=CERAMIC_TREE.,/ECHANGES/FILMS/Business Objects Documents,rwcefm
171,VOLDATAG,5a0c05c36be3647bbe196c9e,.CN=FILM-MCV.OU=GROUPES.OU=BOLLORE.OU=PTX.O=GB1.T=CERAMIC_TREE.,/ECHANGES/FILMS/BLUEBUS,rwcefm
172,VOLDATAG,5a0c05c36be3647bbe196ca2,.CN=FILM-PLASTIQUE.OU=GROUPES.OU=BOLLORE.OU=PTX.O=GB1.T=CERAMIC_TREE.,/ECHANGES/FILMS/COMMUN FILMS PLASTIQUES,rwcefm
173,VOLDATAG,5a0c05c36be3647bbe196ca6,.CN=SCNT.OU=DIVISION-FILMS.OU=BOLLORE.OU=PTX.O=GB1.T=CERAMIC_TREE.,/ECHANGES/FILMS/SCNT,rwceafm
174,VOLDATAG,5a0c05c36be3647bbe196ca8,.CN=IMMOBILIER-TITRES.OU=GROUPES.OU=BOLLORE.OU=PTX.O=GB1.T=CERAMIC_TREE.,/ECHANGES/IMMOBILIER/IMMOBILIER-TITRES,rwcefm
175,VOLDATAG,5a0c05c36be3647bbe196cac,.CN=JUR_FIS_IND-BIBLIO.OU=GROUPES.OU=BOLLORE.OU=PTX.O=GB1.T=CERAMIC_TREE.,/ECHANGES/JUR_FIS_IND/BIBLIO.JUR,rwcefm
176,VOLDATAG,5a0c05c36be3647bbe196cb0,.CN=JUR_FIS_IND-CAI.OU=GROUPES.OU=BOLLORE.OU=PTX.O=GB1.T=CERAMIC_TREE.,/ECHANGES/JUR_FIS_IND/CAI,rwcefm
177,VOLDATAG,5a0c05c36be3647bbe196cb2,.CN=JURI01.OU=JURIDIQUE.OU=BOLLORE.OU=PTX.O=GB1.T=CERAMIC_TREE.,/ECHANGES/JUR_FIS_IND/CAI,rf
178,VOLDATAG,5a0c05c36be3647bbe196cb6,.CN=FISCAL.OU=GROUPES.OU=BOLLORE.OU=PTX.O=GB1.T=CERAMIC_TREE.,/ECHANGES/JUR_FIS_IND/FISCAL,rwcefm
179,VOLDATAG,5a0c05c36be3647bbe196cba,.CN=JUR_FIS_IND-JLECOCQ.OU=GROUPES.OU=BOLLORE.OU=PTX.O=GB1.T=CERAMIC_TREE.,/ECHANGES/JUR_FIS_IND/OOST,rwcefm
180,VOLDATAG,5a0c05c36be3647bbe196cbe,.CN=ZSTA.OU=JURIDIQUE.OU=BOLLORE.OU=PTX.O=GB1.T=CERAMIC_TREE.,/ECHANGES/JUR_FIS_IND/THB,rwcefm
181,VOLDATAG,5a0c05c36be3647bbe196cc2,.CN=MEDIA-CSA.OU=GROUPES.OU=BOLLORE.OU=PTX.O=GB1.T=CERAMIC_TREE.,/ECHANGES/JUR_FIS_IND/BIBLIO.JUR/SOCIETES/Division Medias,rwcefm
182,VOLDATAG,5a0c05c36be3647bbe196cc4,.CN=MEDIA-CSA.OU=GROUPES.OU=BOLLORE.OU=PTX.O=GB1.T=CERAMIC_TREE.,/ECHANGES/JUR_FIS_IND/BIBLIO.JUR/SOCIETES/Groupe CSA,rwcefm
183,VOLDATAG,5a0c05c36be3647bbe196cc6,.CN=MHMU.OU=JURIDIQUE.OU=BOLLORE.OU=PTX.O=GB1.T=CERAMIC_TREE.,/ECHANGES/JUR_FIS_IND/DOC_OLD/DOSSIERS HAMMOU,
184,VOLDATAG,5a0c05c36be3647bbe196ccc,.CN=NLRE.OU=JURIDIQUE.OU=BOLLORE.OU=PTX.O=GB1.T=CERAMIC_TREE.,/ECHANGES/JUR_FIS_IND/BIBLIO.JUR/SOCIETES/Blue Applications/Blue France/Bluecarsharing(exIER SYSTEMS),rwcefm
185,VOLDATAG,5a0c05c36be3647bbe196cce,.CN=JUR_FIS_TRANSFERT.OU=GROUPES.OU=BOLLORE.OU=PTX.O=GB1.T=CERAMIC_TREE.,/ECHANGES/JUR_FIS_IND/FISCAL/a - TP/PRIX DE TRANSFERT avat 2013,rwcefm
186,VOLDATAG,5a0c05c36be3647bbe196cd2,.CN=JUR_FIS_IND_PAJOT.OU=GROUPES.OU=BOLLORE.OU=PTX.O=GB1.T=CERAMIC_TREE.,/ECHANGES/JUR_FIS_IND/FISCAL/SECRETARIAT/PAJOT,rwcefm
187,VOLDATAG,5a0c05c36be3647bbe196cd4,.CN=FISCAL.OU=GROUPES.OU=BOLLORE.OU=PTX.O=GB1.T=CERAMIC_TREE.,/ECHANGES/JUR_FIS_IND/FISCAL/SECRETARIAT/PAJOT,
188,VOLDATAG,5a0c05c36be3647bbe196cd6,.CN=JUR_FIS_IND.OU=GROUPES.OU=BOLLORE.OU=PTX.O=GB1.T=CERAMIC_TREE.,/ECHANGES/JUR_FIS_IND/FISCAL/SECRETARIAT/PAJOT,
189,VOLDATAG,5a0c05c36be3647bbe196cda,.CN=PC_MGRD_USERS.OU=GROUPES.OU=BOLLORE.OU=PTX.O=GB1.T=CERAMIC_TREE.,/ECHANGES/JUR_FIS_IND/Propriété Industrielle/PC_MGRD,rwcefm
190,VOLDATAG,5a0c05c36be3647bbe196cdc,.CN=FLDN.OU=TRESORERIE.OU=BOLLORE.OU=PTX.O=GB1.T=CERAMIC_TREE.,/ECHANGES/NETTING/Treso Devises,rwcefm
191,VOLDATAG,5a0c05c36be3647bbe196cde,.CN=CHANTIER1.OU=GROUPES.OU=BOLLORE.OU=PTX.O=GB1.T=CERAMIC_TREE.,/ECHANGES/BOLLOREMEDIA/CANAL-PLUS-MEDIAS/EnCours/ARCHIVE_PATRIMONIALE_D8-DS,rwcefm
192,VOLDATAG,5a0c05c36be3647bbe196ce0,.CN=CHANTIER8.OU=GROUPES.OU=BOLLORE.OU=PTX.O=GB1.T=CERAMIC_TREE.,/ECHANGES/BOLLOREMEDIA/CANAL-PLUS-MEDIAS/EnCours/INFRASTRUCTURE_DSI,rwcefm
193,VOLDATAG,5a0c05c36be3647bbe196ce2,.CN=CHANTIER16.OU=GROUPES.OU=BOLLORE.OU=PTX.O=GB1.T=CERAMIC_TREE.,/ECHANGES/BOLLOREMEDIA/CANAL-PLUS-MEDIAS/EnCours/SI_EDITION_ANTENNE,rwcefm
194,VOLDATAG,5a0c05c36be3647bbe196ce4,.CN=CHANTIER8.OU=GROUPES.OU=BOLLORE.OU=PTX.O=GB1.T=CERAMIC_TREE.,/ECHANGES/BOLLOREMEDIA/CANAL-PLUS-MEDIAS/Envoi/INFRASTRUCTURE_DSI,rwcefm
195,VOLDATAG,5a0c05c36be3647bbe196ce6,.CN=CHANTIER16.OU=GROUPES.OU=BOLLORE.OU=PTX.O=GB1.T=CERAMIC_TREE.,/ECHANGES/BOLLOREMEDIA/CANAL-PLUS-MEDIAS/Envoi/SI_EDITION_ANTENNE,rwcefm
196,VOLDATAG,5a0c05c36be3647bbe196ce8,.CN=CHANTIER8.OU=GROUPES.OU=BOLLORE.OU=PTX.O=GB1.T=CERAMIC_TREE.,/ECHANGES/BOLLOREMEDIA/CANAL-PLUS-MEDIAS/Reception/INFRASTRUCTURE_DSI,rwcefm
197,VOLDATAG,5a0c05c36be3647bbe196cea,.CN=CHANTIER16.OU=GROUPES.OU=BOLLORE.OU=PTX.O=GB1.T=CERAMIC_TREE.,/ECHANGES/BOLLOREMEDIA/CANAL-PLUS-MEDIAS/Reception/SI_EDITION_ANTENNE,rwcefm
198,VOLDATAG,5a0c05c36be3647bbe196cec,.CN=UNICAF-MS.OU=GROUPES.OU=BOLLORE.OU=PTX.O=GB1.T=CERAMIC_TREE.,/ECHANGES/UNICAF/MS,rwcefm
199,VOLDATAG,5a0c05c36be3647bbe196cf0,.CN=OMCL.OU=DSI.OU=BOLLORE.OU=PTX.O=GB1.T=CERAMIC_TREE.,/PUBLIC/WORD,rwcefm
200,VOLDATAG,5a0c05c36be3647bbe196cf2,.CN=DSI-DEMENAGEMENT.OU=GROUPES.OU=BOLLORE.OU=PTX.O=GB1.T=CERAMIC_TREE.,/ECHANGES/BOLLOREMEDIA/DSI-MEDIAS/MED-PROJETS/00-Demenagement,rwcefm
201,VOLDATAG,5a0c05c36be3647bbe196cf4,.CN=MED-ATOS.OU=GROUPES.OU=BOLLORE.OU=PTX.O=GB1.T=CERAMIC_TREE.,/ECHANGES/BOLLOREMEDIA/DSI-MEDIAS/MED-ATOS,rwceafm
202,VOLDATAG,5a0c05c36be3647bbe196cf8,.CN=1-BM-DRH.OU=GROUPES.OU=BOLLORE.OU=PTX.O=GB1.T=CERAMIC_TREE.,/ECHANGES/BOLLOREMEDIA/DRH-MEDIAS/$A1 DRH/ECHANGES/DIRECT8,rwcefm
203,VOLDATAG,5a0c05c36be3647bbe196cfc,.CN=1-BM-DRH.OU=GROUPES.OU=BOLLORE.OU=PTX.O=GB1.T=CERAMIC_TREE.,/ECHANGES/BOLLOREMEDIA/DRH-MEDIAS/$A1 DRH/ECHANGES/DIRECT8/$A1 DRH,rwcefm
204,VOLDATAG,5a0c05c36be3647bbe196d00,.CN=ELRL.OU=BOLLOREMEDIA.OU=MEDIA.OU=PTX.O=GB1.T=CERAMIC_TREE.,/ECHANGES/BOLLOREMEDIA/COMMUNICATION-MEDIAS/A-CLASSER/ELODIE,rwceafm
205,VOLDATAG,5a0c05c36be3647bbe196d02,.CN=HOL-Save-Abel .OU=GROUPES.OU=BOLLORE.OU=PTX.O=GB1.T=CERAMIC_TREE.,/ECHANGES/COMPTA/Sauvegarde_Hol_Abel,rwf
206,VOLDATAG,5a0c05c36be3647bbe196d06,.CN=COMPTA_136.OU=GROUPES.OU=BOLLORE.OU=PTX.O=GB1.T=CERAMIC_TREE.,/ECHANGES/COMPTA/136 BLUECAR (ex VEPB),rwcefm
207,VOLDATAG,5a0c05c36be3647bbe196d0a,.CN=COMPTA_000-PARTAGE.OU=GROUPES.OU=BOLLORE.OU=PTX.O=GB1.T=CERAMIC_TREE.,/ECHANGES/COMPTA/000 Partage,rwcefm
208,VOLDATAG,5a0c05c36be3647bbe196d0e,.CN=ATOS-PTX.OU=GROUPES.OU=BOLLORE.OU=PTX.O=GB1.T=CERAMIC_TREE.,/ECHANGES/DSI/ATOS/Administratif,rwceafm
209,VOLDATAG,5a0c05c36be3647bbe196d10,.CN=BM-DAF-COMPTA-CRYSTAL.OU=GROUPES.OU=BOLLORE.OU=PTX.O=GB1.T=CERAMIC_TREE.,/ECHANGES/BOLLOREMEDIA/COMPTABILITE-MEDIAS/999 APPLICATIONS FINANCE,rwcefm
210,VOLDATAG,5a0c05c36be3647bbe196d12,.CN=GACL.OU=INFOGERANCE.OU=PTX.O=GB1.T=CERAMIC_TREE.,/ECHANGES/DSI/PROJETS/CHGT_Iseries570_MMA9117_POWER8/TECHNIQUE,rwcefm
211,VOLDATAG,5a0c05c36be3647bbe196d14,.CN=FLRU.OU=DSI.OU=BOLLORE.OU=PTX.O=GB1.T=CERAMIC_TREE.,/ECHANGES/DSI/GESTION DOCS PRODUCTION/documents actifs/RESEAU-SECURITE/SECURITE/FORMULAIRE_FLUX,rwcefm
212,VOLDATAG,5a0c05c36be3647bbe196d16,.CN=FBTU.OU=BOLLOREMEDIA.OU=MEDIA.OU=PTX.O=GB1.T=CERAMIC_TREE.,/ECHANGES/BLUE SOLUTIONS DAF_OLD,
213,VOLDATAG,5a0c05c36be3647bbe196d18,.CN=GAND.OU=BOLLOREMEDIA.OU=MEDIA.OU=PTX.O=GB1.T=CERAMIC_TREE.,/ECHANGES/BLUE SOLUTIONS DAF_OLD,
214,VOLDATAG,5a0c05c36be3647bbe196d1a,.CN=BLUE-SOLUTION-DAF.OU=GROUPES.OU=BOLLORE.OU=PTX.O=GB1.T=CERAMIC_TREE.,/ECHANGES/BLUE SOLUTIONS DAF_OLD,
215,VOLDATAG,5a0c05c36be3647bbe196d1c,.CN=DirectMalin.OU=GROUPES.OU=BOLLORE.OU=PTX.O=GB1.T=CERAMIC_TREE.,/ECHANGES/DIRECTMATIN/DIRECT MALIN,rwcefm
216,VOLDATAG,5a0c05c36be3647bbe196d1e,.CN=EDDE.OU=MATINPLUS.OU=MEDIA.OU=PTX.O=GB1.T=CERAMIC_TREE.,/ECHANGES/BOLLOREMEDIAREGIE/COMMERCIAL/CULTURE-LOISIRS_et_OPS,rwcefm
217,VOLDATAG,5a0c05c36be3647bbe196d26,.CN=MGAT.OU=AUDIT.OU=BOLLORE.OU=PTX.O=GB1.T=CERAMIC_TREE.,/ECHANGES/COMPTA/136 BLUECAR (ex VEPB)/Dossier Permanent/MAG,rwcefm
218,VOLDATAG,5a0c05c36be3647bbe196d2a,.CN=COMPTA-SMOG.OU=GROUPES.OU=BOLLORE.OU=PTX.O=GB1.T=CERAMIC_TREE.,/ECHANGES/COMPTA/136 BLUECAR (ex VEPB)/Dossier Permanent/SMOG,rwceafm
219,VOLDATAG,5a0c05c36be3647bbe196d30,.CN=BGDN.OU=COMPTABILITE.OU=BOLLORE.OU=PTX.O=GB1.T=CERAMIC_TREE.,/ECHANGES/BOLLOREMEDIA/CANAL-PLUS-MEDIAS/Suivi Activité,rwcefm
220,VOLDATAG,5a0c05c36be3647bbe196d32,.CN=FBTU.OU=BOLLOREMEDIA.OU=MEDIA.OU=PTX.O=GB1.T=CERAMIC_TREE.,/ECHANGES/BOLLOREMEDIA/CANAL-PLUS-MEDIAS/Suivi Activité,rwcefm
221,VOLDATAG,5a0c05c36be3647bbe196d34,.CN=JGAT.OU=COMPTABILITE.OU=BOLLORE.OU=PTX.O=GB1.T=CERAMIC_TREE.,/ECHANGES/BOLLOREMEDIA/CANAL-PLUS-MEDIAS/Suivi Activité,rwcefm
222,VOLDATAG,5a0c05c36be3647bbe196d36,.CN=STAG2BM.OU=BOLLOREMEDIA.OU=MEDIA.OU=PTX.O=GB1.T=CERAMIC_TREE.,/ECHANGES/BOLLOREMEDIA/CANAL-PLUS-MEDIAS/Suivi Activité,rwcefm
223,VOLDATAG,5a0c05c36be3647bbe196d38,.CN=CHANTIER16.OU=GROUPES.OU=BOLLORE.OU=PTX.O=GB1.T=CERAMIC_TREE.,/ECHANGES/BOLLOREMEDIA/CANAL-PLUS-MEDIAS/Suivi Activité,rwcefm
224,VOLDATAG,5a0c05c36be3647bbe196d3a,.CN=CHANTIER8.OU=GROUPES.OU=BOLLORE.OU=PTX.O=GB1.T=CERAMIC_TREE.,/ECHANGES/BOLLOREMEDIA/CANAL-PLUS-MEDIAS/Suivi Activité,rwcefm
225,VOLDATAG,5a0c05c36be3647bbe196d3c,.CN=BGDN.OU=COMPTABILITE.OU=BOLLORE.OU=PTX.O=GB1.T=CERAMIC_TREE.,/ECHANGES/BOLLOREMEDIA/CANAL-PLUS-MEDIAS/Suivi Interne,rwcefm
226,VOLDATAG,5a0c05c36be3647bbe196d3e,.CN=CHANTIER16.OU=GROUPES.OU=BOLLORE.OU=PTX.O=GB1.T=CERAMIC_TREE.,/ECHANGES/BOLLOREMEDIA/CANAL-PLUS-MEDIAS/Suivi Interne,rwcefm
227,VOLDATAG,5a0c05c36be3647bbe196d40,.CN=CHANTIER8.OU=GROUPES.OU=BOLLORE.OU=PTX.O=GB1.T=CERAMIC_TREE.,/ECHANGES/BOLLOREMEDIA/CANAL-PLUS-MEDIAS/Suivi Interne,rwcefm
228,VOLDATAG,5a0c05c36be3647bbe196d42,.CN=FBTU.OU=BOLLOREMEDIA.OU=MEDIA.OU=PTX.O=GB1.T=CERAMIC_TREE.,/ECHANGES/BOLLOREMEDIA/CANAL-PLUS-MEDIAS/Suivi Interne,rwcefm
229,VOLDATAG,5a0c05c36be3647bbe196d44,.CN=JGAT.OU=COMPTABILITE.OU=BOLLORE.OU=PTX.O=GB1.T=CERAMIC_TREE.,/ECHANGES/BOLLOREMEDIA/CANAL-PLUS-MEDIAS/Suivi Interne,rwcefm
230,VOLDATAG,5a0c05c36be3647bbe196d48,.CN=BFR.OU=GROUPES.OU=BOLLORE.OU=PTX.O=GB1.T=CERAMIC_TREE.,/ECHANGES/BFR/Hist-2013/BROCHURES 09-2013/ECHANGES/BFR,rwcefm
231,VOLDATAG,5a0c05c36be3647bbe196d4a,.CN=BFR.OU=GROUPES.OU=BOLLORE.OU=PTX.O=GB1.T=CERAMIC_TREE.,/ECHANGES/BFR/Hist-2013/ECHANGES/BFR,rwcefm
232,VOLDATAG,5a0c05c36be3647bbe196d4c,.CN=DSI-PROJET-TW-MA2S.OU=GROUPES.OU=BOLLORE.OU=PTX.O=GB1.T=CERAMIC_TREE.,/ECHANGES/DSI/PROJETS/TW/Ma2s,rwceafm
233,VOLDATAG,5a0c05c36be3647bbe196d50,.CN=JUR_FIS_IND.OU=GROUPES.OU=BOLLORE.OU=PTX.O=GB1.T=CERAMIC_TREE.,/ECHANGES/JUR_FIS_IND/BIBLIO.JUR/SOCIETES/Groupe CSA/CSTO/Corporate/2014/Sans Objet HorsApprobComptes/ECHANGES/JUR_FIS_IND,rwcefm
234,VOLDATAG,5a0c05c36be3647bbe196d54,.CN=JUR_FIS_IND-BIBLIO.OU=GROUPES.OU=BOLLORE.OU=PTX.O=GB1.T=CERAMIC_TREE.,/ECHANGES/JUR_FIS_IND/BIBLIO.JUR/SOCIETES/Groupe CSA/CSTO/Corporate/2014/Sans Objet HorsApprobComptes/ECHANGES/JUR_FIS_IND/BIBLIO.JUR,rwcefm
235,VOLDATAG,5a0c05c36be3647bbe196d58,.CN=DSI-Tresorerie_PRA-FILR.OU=GROUPES.OU=BOLLORE.OU=PTX.O=GB1.T=CERAMIC_TREE.,/ECHANGES/DSI/PROJETS/TRESORERIE_PRA/FILR,rwceafm
236,VOLDATAG,5a0c05c36be3647bbe196d5a,.CN=COVOITURAGE.OU=GROUPES.OU=BOLLORE.OU=PTX.O=GB1.T=CERAMIC_TREE.,/ECHANGES/DSI/PROJETS/Covoiturage,rwcefm
237,VOLDATAG,5a0c05c36be3647bbe196d5c,.CN=DSI-MIGISERIES.OU=GROUPES.OU=BOLLORE.OU=PTX.O=GB1.T=CERAMIC_TREE.,/ECHANGES/DSI/PROJETS/MIGISERIES,rwcefm
238,VOLDATAG,5a0c05c36be3647bbe196d5e,.CN=MIGISERIES.OU=GROUPES.OU=BOLLORE.OU=PTX.O=GB1.T=CERAMIC_TREE.,/ECHANGES/DSI/PROJETS/MIGISERIES,rwcefm
239,VOLDATAG,5a0c05c36be3647bbe196d62,.CN=SAEE.OU=TITRES.OU=BOLLORE.OU=PTX.O=GB1.T=CERAMIC_TREE.,/ECHANGES/DSI/PROJETS/IMMO,rwcefm
240,VOLDATAG,5a0c05c36be3647bbe196d64,.CN=CDTE.OU=TITRES.OU=BOLLORE.OU=PTX.O=GB1.T=CERAMIC_TREE.,/ECHANGES/DSI/PROJETS/IMMO,rwcefm
241,VOLDATAG,5a0c05c36be3647bbe196d66,.CN=LHJH.OU=TITRES.OU=BOLLORE.OU=PTX.O=GB1.T=CERAMIC_TREE.,/ECHANGES/DSI/PROJETS/IMMO,rwcefm
242,VOLDATAG,5a0c05c36be3647bbe196d68,.CN=COMPTA-CRISTA.OU=GROUPES.OU=BOLLORE.OU=PTX.O=GB1.T=CERAMIC_TREE.,/ECHANGES/COMPTA/CRISTAL Projet Comptable,rwcefm
243,VOLDATAG,5a0c05c36be3647bbe196d6c,.CN=JUR_FIS_IND.OU=GROUPES.OU=BOLLORE.OU=PTX.O=GB1.T=CERAMIC_TREE.,/ECHANGES/JUR_FIS_IND/FISCAL/SOPHIE ELOY/CET/CET 2013/RESTAURATION_07-08-2014/ECHANGES/JUR_FIS_IND,rwcefm
244,VOLDATAG,5a0c05c36be3647bbe196d70,.CN=FISCAL.OU=GROUPES.OU=BOLLORE.OU=PTX.O=GB1.T=CERAMIC_TREE.,/ECHANGES/JUR_FIS_IND/FISCAL/SOPHIE ELOY/CET/CET 2013/RESTAURATION_07-08-2014/ECHANGES/JUR_FIS_IND/FISCAL,rwcefm
245,VOLDATAG,5a0c05c36be3647bbe196d74,.CN=JUR_FIS_IND.OU=GROUPES.OU=BOLLORE.OU=PTX.O=GB1.T=CERAMIC_TREE.,/ECHANGES/JUR_FIS_IND/FISCAL/SOPHIE ELOY/CET/CET 2013/RESTAURATION-12-08-2014/ECHANGES/JUR_FIS_IND,rwcefm
246,VOLDATAG,5a0c05c36be3647bbe196d78,.CN=FISCAL.OU=GROUPES.OU=BOLLORE.OU=PTX.O=GB1.T=CERAMIC_TREE.,/ECHANGES/JUR_FIS_IND/FISCAL/SOPHIE ELOY/CET/CET 2013/RESTAURATION-12-08-2014/ECHANGES/JUR_FIS_IND/FISCAL,rwcefm
247,VOLDATAG,5a0c05c36be3647bbe196d7c,.CN=VE-SURETE.OU=GROUPES.OU=BOLLORE.OU=PTX.O=GB1.T=CERAMIC_TREE.,/ECHANGES/VE/Direction Surete,rwceafm
248,VOLDATAG,5a0c05c36be3647bbe196d80,.CN=VE-DirSur-NIGER.OU=GROUPES.OU=BOLLORE.OU=PTX.O=GB1.T=CERAMIC_TREE.,/ECHANGES/VE/Direction Surete/NIGER - TOGO - BENIN,rwcefm
249,VOLDATAG,5a0c05c36be3647bbe196d82,.CN=EXTDBTE.OU=FILR.OU=PTX.O=GB1.T=CERAMIC_TREE.,/ECHANGES/VE/Direction Surete/NIGER - TOGO - BENIN/4 - Photos,rwcefm
250,VOLDATAG,5a0c05c36be3647bbe196d84,.CN=CHAVANES.OU=GROUPES.OU=BOLLORE.OU=PTX.O=GB1.T=CERAMIC_TREE.,/ECHANGES/Bernier/CHAVANES,rwcefm
251,VOLDATAG,5a0c05c36be3647bbe196d88,.CN=TRANSFERT-NFA.OU=GROUPES.OU=BOLLORE.OU=PTX.O=GB1.T=CERAMIC_TREE.,/ECHANGES/Bernier/transfertNFA,rwcefm
252,VOLDATAG,5a0c05c36be3647bbe196d8c,.CN=GRANDSCADRES.OU=GROUPES.OU=BOLLORE.OU=PTX.O=GB1.T=CERAMIC_TREE.,/ECHANGES/SecGeneral/Grands_Cadres,rwcefm
253,VOLDATAG,5a0c05c36be3647bbe196d90,.CN=SecGenRSE.OU=GROUPES.OU=BOLLORE.OU=PTX.O=GB1.T=CERAMIC_TREE.,/ECHANGES/SecGeneral/RSE_OLD,
254,VOLDATAG,5a0c05c36be3647bbe196d94,.CN=SecGenRSE.OU=GROUPES.OU=BOLLORE.OU=PTX.O=GB1.T=CERAMIC_TREE.,/ECHANGES/SecGeneral/RSE,rwcefm
255,VOLDATAG,5a0c05c36be3647bbe196d96,.CN=PLANTATIONS.OU=GROUPES.OU=BOLLORE.OU=PTX.O=GB1.T=CERAMIC_TREE.,/ECHANGES/SecGeneral/PLANTATIONS,rwcefm
256,VOLDATAG,5a0c05c36be3647bbe196d9a,.CN=SecGenVeillejuridique.OU=GROUPES.OU=BOLLORE.OU=PTX.O=GB1.T=CERAMIC_TREE.,/ECHANGES/SecGeneral/Veille juridique RSE,rwcefm
257,VOLDATAG,5a0c05c36be3647bbe196da2,.CN=BFR.OU=GROUPES.OU=BOLLORE.OU=PTX.O=GB1.T=CERAMIC_TREE.,/ECHANGES/BFR/Hist-2014/Restau Hist-2014/ECHANGES/BFR,rwcefm
258,VOLDATAG,5a0c05c36be3647bbe196da4,.CN=1-BM-JURIDIQUE.OU=GROUPES.OU=BOLLORE.OU=PTX.O=GB1.T=CERAMIC_TREE.,/ECHANGES/BOLLOREMEDIA/JURIDIQUE-MEDIAS,rwcefm
259,VOLDATAG,5a0c05c36be3647bbe196da8,.CN=1-BM-COMPTABILTE.OU=GROUPES.OU=BOLLORE.OU=PTX.O=GB1.T=CERAMIC_TREE.,/ECHANGES/BOLLOREMEDIA/COMPTABILITE-MEDIAS,rwcefm
260,VOLDATAG,5a0c05c36be3647bbe196daa,.CN=GALT.OU=DSI.OU=BOLLORE.OU=PTX.O=GB1.T=CERAMIC_TREE.,/ECHANGES/BOLLOREMEDIA/COMPTABILITE-MEDIAS,rwceafm
261,VOLDATAG,5a0c05c36be3647bbe196dac,.CN=1-BM-ETUDES.OU=GROUPES.OU=BOLLORE.OU=PTX.O=GB1.T=CERAMIC_TREE.,/ECHANGES/BOLLOREMEDIA/ETUDES-MEDIAS,rwcefm
262,VOLDATAG,5a0c05c36be3647bbe196dae,.CN=L_BOL_PTX_FILR_ETUDES-MEDIAS.OU=GROUPES.OU=BOLLORE.OU=PTX.O=GB1.T=CERAMIC_TREE.,/ECHANGES/BOLLOREMEDIA/ETUDES-MEDIAS,rwcefm
263,VOLDATAG,5a0c05c36be3647bbe196db2,.CN=1-BM-CONTROLE-DE-GESTION.OU=GROUPES.OU=BOLLORE.OU=PTX.O=GB1.T=CERAMIC_TREE.,/ECHANGES/BOLLOREMEDIA/CONTROLE-DE-GESTION-MEDIAS,rwcefm
264,VOLDATAG,5a0c05c36be3647bbe196db4,.CN=L_BOL_PTX_FILR_BOLLOREMEDIA_CDGM.OU=GROUPES.OU=BOLLORE.OU=PTX.O=GB1.T=CERAMIC_TREE.,/ECHANGES/BOLLOREMEDIA/CONTROLE-DE-GESTION-MEDIAS,rwcefm
265,VOLDATAG,5a0c05c36be3647bbe196db8,.CN=GALT.OU=DSI.OU=BOLLORE.OU=PTX.O=GB1.T=CERAMIC_TREE.,/ECHANGES/BOLLOREMEDIA/RESTO_DAF-COMPTA,rwceafms
266,VOLDATAG,5a0c05c36be3647bbe196dba,.CN=JPGY.OU=DSI.OU=BOLLORE.OU=PTX.O=GB1.T=CERAMIC_TREE.,/ECHANGES/BOLLOREMEDIA/RESTO_DAF-COMPTA,rwceafm
267,VOLDATAG,5a0c05c36be3647bbe196dbe,.CN=1-BM-SHARED_DAF_BMR.OU=GROUPES.OU=BOLLORE.OU=PTX.O=GB1.T=CERAMIC_TREE.,/ECHANGES/BOLLOREMEDIA/SHARED_DAF_BMR-MEDIAS,rwcefm
268,VOLDATAG,5a0c05c36be3647bbe196dc0,.CN=1-BM-DSI.OU=GROUPES.OU=BOLLORE.OU=PTX.O=GB1.T=CERAMIC_TREE.,/ECHANGES/BOLLOREMEDIA/SHARED_DAF_BMR-MEDIAS,rwcefm
269,VOLDATAG,5a0c05c36be3647bbe196dc2,.CN=CRJO.OU=BOLLOREMEDIAREGIE.OU=MEDIA.OU=PTX.O=GB1.T=CERAMIC_TREE.,/ECHANGES/BOLLOREMEDIA/SHARED_DAF_BMR-MEDIAS,rwcefm
270,VOLDATAG,5a0c05c36be3647bbe196dc4,.CN=TRESORERIE.OU=GROUPES.OU=BOLLORE.OU=PTX.O=GB1.T=CERAMIC_TREE.,/ECHANGES/TRESORERIE/flurel14/Restore/ECHANGES/TRESORERIE,rwcefm
271,VOLDATAG,5a0c05c36be3647bbe196dc8,.CN=BM-LEBLEU.OU=GROUPES.OU=BOLLORE.OU=PTX.O=GB1.T=CERAMIC_TREE.,/ECHANGES/BOLLOREMEDIA/CONTROLE-DE-GESTION-MEDIAS/P.LEBLEU,rwcefm
272,VOLDATAG,5a0c05c36be3647bbe196dd0,.CN=NETTING.OU=GROUPES.OU=BOLLORE.OU=PTX.O=GB1.T=CERAMIC_TREE.,/ECHANGES/NETTING/ECHANGES/NETTING,rwcefm
273,VOLDATAG,5a0c05c36be3647bbe196dd2,.CN=SNDR.OU=MATINPLUS.OU=MEDIA.OU=PTX.O=GB1.T=CERAMIC_TREE.,/ECHANGES/DIRECTMATIN/A_DIR,rwcefm
274,VOLDATAG,5a0c05c36be3647bbe196dd6,.CN=SFSD2.OU=COMMUNICATION.OU=BOLLORE.OU=PTX.O=GB1.T=CERAMIC_TREE.,/ECHANGES/Elites/M.R/MICHEL_ROUSSIN,rwceafm
275,VOLDATAG,5a0c05c36be3647bbe196dd8,.CN=ELITES_ANGE_MANCINI.OU=GROUPES.OU=BOLLORE.OU=PTX.O=GB1.T=CERAMIC_TREE.,/ECHANGES/Elites/ANGE_MANCINI,rwcefm
276,VOLDATAG,5a0c05c36be3647bbe196ddc,.CN=IBLD.OU=JURIDIQUE.OU=BOLLORE.OU=PTX.O=GB1.T=CERAMIC_TREE.,/ECHANGES/JUR_FIS_IND/COURRIER/DOC/baillard,rfm
277,VOLDATAG,5a0c05c36be3647bbe196dde,.CN=JURI01.OU=JURIDIQUE.OU=BOLLORE.OU=PTX.O=GB1.T=CERAMIC_TREE.,/ECHANGES/JUR_FIS_IND/COURRIER/DOC/baillard,rfm
278,VOLDATAG,5a0c05c36be3647bbe196de0,.CN=JURI02.OU=JURIDIQUE.OU=BOLLORE.OU=PTX.O=GB1.T=CERAMIC_TREE.,/ECHANGES/JUR_FIS_IND/COURRIER/DOC/baillard,rfm
279,VOLDATAG,5a0c05c36be3647bbe196de2,.CN=MHMU.OU=JURIDIQUE.OU=BOLLORE.OU=PTX.O=GB1.T=CERAMIC_TREE.,/ECHANGES/JUR_FIS_IND/COURRIER/DOC/baillard,rfm
280,VOLDATAG,5a0c05c36be3647bbe196de4,.CN=SPDG.OU=JURIDIQUE.OU=BOLLORE.OU=PTX.O=GB1.T=CERAMIC_TREE.,/ECHANGES/JUR_FIS_IND/COURRIER/DOC/baillard,rfm
281,VOLDATAG,5a0c05c36be3647bbe196de6,.CN=JURI01.OU=JURIDIQUE.OU=BOLLORE.OU=PTX.O=GB1.T=CERAMIC_TREE.,/ECHANGES/JUR_FIS_IND/COURRIER/DOC/DOSSIERS HAMMOU,rwcefm
282,VOLDATAG,5a0c05c36be3647bbe196de8,.CN=MHMU.OU=JURIDIQUE.OU=BOLLORE.OU=PTX.O=GB1.T=CERAMIC_TREE.,/ECHANGES/JUR_FIS_IND/COURRIER/DOC/DOSSIERS HAMMOU,rwcefm
283,VOLDATAG,5a0c05c36be3647bbe196dea,.CN=IBLD.OU=JURIDIQUE.OU=BOLLORE.OU=PTX.O=GB1.T=CERAMIC_TREE.,/ECHANGES/JUR_FIS_IND/COURRIER/DOC/DOSSIERS HAMMOU,rwcefm
284,VOLDATAG,5a0c05c36be3647bbe196dee,.CN=JUR_FIS_IND-DOC-PARET.OU=GROUPES.OU=BOLLORE.OU=PTX.O=GB1.T=CERAMIC_TREE.,/ECHANGES/JUR_FIS_IND/COURRIER/DOC/Paret,rwcefm
285,VOLDATAG,5a0c05c36be3647bbe196df2,.CN=ADSG.OU=DIR-PARTICIPATIONS.OU=BOLLORE.OU=PTX.O=GB1.T=CERAMIC_TREE.,/ECHANGES/JUR_FIS_IND/COURRIER/DOC/TISSIER,rwcefm
286,VOLDATAG,5a0c05c36be3647bbe196df4,.CN=IRIS-CLUB-FACTURATION.OU=GROUPES.OU=BOLLORE.OU=PTX.O=GB1.T=CERAMIC_TREE.,/ECHANGES/IRIS_OLD/CLUB,
287,VOLDATAG,5a0c05c36be3647bbe196df6,.CN=IRIS-CLUB-FACTURATION.OU=GROUPES.OU=BOLLORE.OU=PTX.O=GB1.T=CERAMIC_TREE.,/ECHANGES/IRIS_OLD/CLUB/FACTURATION,rwcefm
288,VOLDATAG,5a0c05c36be3647bbe196df8,.CN=JBET.OU=DIR-ACHATS.OU=BOLLORE.OU=PTX.O=GB1.T=CERAMIC_TREE.,/ECHANGES/DSI/ATOS/Mohamed/restore/HOME/JBET,rwcefm
289,VOLDATAG,5a0c05c36be3647bbe196dfa,.CN=MLON.OU=INFOGERANCE.OU=PTX.O=GB1.T=CERAMIC_TREE.,/ECHANGES/DSI/ATOS/Exploitation et Administration/test,rwcefm
290,VOLDATAG,5a0c05c36be3647bbe196dfc,.CN=TARIFSMATERIEL.OU=GROUPES.OU=BOLLORE.OU=PTX.O=GB1.T=CERAMIC_TREE.,/ECHANGES/Tarifs_Materiel_OLD,
291,VOLDATAG,5a0c05c36be3647bbe196dfe,.CN=TARIFSMATERIELALL.OU=GROUPES.OU=BOLLORE.OU=PTX.O=GB1.T=CERAMIC_TREE.,/ECHANGES/Tarifs_Materiel_OLD,
292,VOLDATAG,5a0c05c36be3647bbe196e00,.OU=BOLLOREMEDIAREGIE.OU=MEDIA.OU=PTX.O=GB1.T=CERAMIC_TREE.,/ECHANGES/BOLLOREMEDIAREGIE/COMMERCIAL/PRESSE/Fichiers équipe co/HAVAS- CHRISTINE/HAVAS 2016/Société SVP,
293,VOLDATAG,5a0c05c36be3647bbe196e02,.CN=SPVS.OU=BOLLOREMEDIAREGIE.OU=MEDIA.OU=PTX.O=GB1.T=CERAMIC_TREE.,/ECHANGES/BOLLOREMEDIAREGIE/COMMERCIAL/PRESSE/Fichiers équipe co/HAVAS- CHRISTINE/HAVAS 2016/Société SVP,rwcefm
294,VOLDATAG,5a0c05c36be3647bbe196e04,.CN=VFUE.OU=BOLLOREMEDIAREGIE.OU=MEDIA.OU=PTX.O=GB1.T=CERAMIC_TREE.,/ECHANGES/BOLLOREMEDIAREGIE/COMMERCIAL/PRESSE/Fichiers équipe co/HAVAS- CHRISTINE/HAVAS 2016/Société SVP,rwcefm
295,VOLDATAG,5a0c05c36be3647bbe196e06,.CN=BOLLOREMEDIAREGIE-SERVICE-RP.OU=GROUPES.OU=BOLLORE.OU=PTX.O=GB1.T=CERAMIC_TREE.,/ECHANGES/BOLLOREMEDIAREGIE/SERVICE RP,rwcefm
296,VOLDATAG,5a0c05c36be3647bbe196e0a,.CN=BOLLOREMEDIAREGIE.OU=GROUPES.OU=BOLLORE.OU=PTX.O=GB1.T=CERAMIC_TREE.,/ECHANGES/BOLLOREMEDIAREGIE/PARTENARIATS,
297,VOLDATAG,5a0c05c36be3647bbe196e0c,.CN=BOLLOREMEDIAREGIE_PARTENARIATS.OU=GROUPES.OU=BOLLORE.OU=PTX.O=GB1.T=CERAMIC_TREE.,/ECHANGES/BOLLOREMEDIAREGIE/PARTENARIATS,rwcefm
298,VOLDATAG,5a0c05c36be3647bbe196e0e,.CN=ECHANGE-MEDIA.OU=GROUPES.OU=BOLLORE.OU=PTX.O=GB1.T=CERAMIC_TREE.,/ECHANGES/BOLLOREMEDIAREGIE/ECHANGES MEDIA,rwcefm
299,VOLDATAG,5a0c05c36be3647bbe196e10,.CN=BMR-MARKETUDES.OU=GROUPES.OU=BOLLORE.OU=PTX.O=GB1.T=CERAMIC_TREE.,/ECHANGES/BOLLOREMEDIAREGIE/MARKETING ET ETUDES,rwcefm
300,VOLDATAG,5a0c05c36be3647bbe196e12,.CN=BMR-MARKETUDESLECT.OU=GROUPES.OU=BOLLORE.OU=PTX.O=GB1.T=CERAMIC_TREE.,/ECHANGES/BOLLOREMEDIAREGIE/MARKETING ET ETUDES,rf
301,VOLDATAG,5a0c05c36be3647bbe196e14,.CN=BIBLIOCONTRATS.OU=GROUPES.OU=BOLLORE.OU=PTX.O=GB1.T=CERAMIC_TREE.,/ECHANGES/BOLLOREMEDIAREGIE/GESTION/BIBLIOTHEQUE CONTRATS,rwcefm
302,VOLDATAG,5a0c05c36be3647bbe196e16,.CN=COMPTA_000-PARTAGE.OU=GROUPES.OU=BOLLORE.OU=PTX.O=GB1.T=CERAMIC_TREE.,/ECHANGES/COMPTA_NEW/000 Partage,
303,VOLDATAG,5a0c05c36be3647bbe196e1a,.CN=COMPTA_CE_077.OU=GROUPES.OU=BOLLORE.OU=PTX.O=GB1.T=CERAMIC_TREE.,/ECHANGES/COMPTA_NEW/077 CE BOLLORE,
304,VOLDATAG,5a0c05c36be3647bbe196e1e,.CN=COMPTA_136.OU=GROUPES.OU=BOLLORE.OU=PTX.O=GB1.T=CERAMIC_TREE.,/ECHANGES/COMPTA_NEW/136 BLUECAR (ex VEPB),rwcefm
305,VOLDATAG,5a0c05c36be3647bbe196e22,.CN=COMPTA_155.OU=GROUPES.OU=BOLLORE.OU=PTX.O=GB1.T=CERAMIC_TREE.,/ECHANGES/COMPTA_NEW/155 SOMABOL,
306,VOLDATAG,5a0c05c36be3647bbe196e24,.CN=COMPTA_USERS.OU=GROUPES.OU=BOLLORE.OU=PTX.O=GB1.T=CERAMIC_TREE.,/ECHANGES/COMPTA_NEW/155 SOMABOL,
307,VOLDATAG,5a0c05c36be3647bbe196e26,.CN=COMPTA_USERS_ADMIN.OU=GROUPES.OU=BOLLORE.OU=PTX.O=GB1.T=CERAMIC_TREE.,/ECHANGES/COMPTA_NEW/155 SOMABOL,
308,VOLDATAG,5a0c05c36be3647bbe196e2a,.CN=COMPTA_156.OU=GROUPES.OU=BOLLORE.OU=PTX.O=GB1.T=CERAMIC_TREE.,/ECHANGES/COMPTA_NEW/156 FLEET MANAGEMENT SERVICES,
309,VOLDATAG,5a0c05c36be3647bbe196e2c,.CN=COMPTA_USERS.OU=GROUPES.OU=BOLLORE.OU=PTX.O=GB1.T=CERAMIC_TREE.,/ECHANGES/COMPTA_NEW/156 FLEET MANAGEMENT SERVICES,
310,VOLDATAG,5a0c05c36be3647bbe196e2e,.CN=COMPTA_USERS_ADMIN.OU=GROUPES.OU=BOLLORE.OU=PTX.O=GB1.T=CERAMIC_TREE.,/ECHANGES/COMPTA_NEW/156 FLEET MANAGEMENT SERVICES,
311,VOLDATAG,5a0c05c36be3647bbe196e32,.CN=COMPTA_USERS.OU=GROUPES.OU=BOLLORE.OU=PTX.O=GB1.T=CERAMIC_TREE.,/ECHANGES/COMPTA_NEW/ARCHIVES HOLDINGS (ancien repertoire ne pas utiliser),
312,VOLDATAG,5a0c05c36be3647bbe196e34,.CN=COMPTA_USERS.OU=GROUPES.OU=BOLLORE.OU=PTX.O=GB1.T=CERAMIC_TREE.,/ECHANGES/COMPTA_NEW/BOLLORE,rf
313,VOLDATAG,5a0c05c36be3647bbe196e36,.CN=COMPTA_USERS.OU=GROUPES.OU=BOLLORE.OU=PTX.O=GB1.T=CERAMIC_TREE.,/ECHANGES/COMPTA_NEW/CRISTAL Projet Comptable,
314,VOLDATAG,5a0c05c36be3647bbe196e38,.CN=CRISTAL_PROJET_COMPTABLE.OU=GROUPES.OU=BOLLORE.OU=PTX.O=GB1.T=CERAMIC_TREE.,/ECHANGES/COMPTA_NEW/CRISTAL Projet Comptable,
315,VOLDATAG,5a0c05c36be3647bbe196e3a,.CN=HOL-Save-Abel .OU=GROUPES.OU=BOLLORE.OU=PTX.O=GB1.T=CERAMIC_TREE.,/ECHANGES/COMPTA_NEW/Sauvegarde_Hol_Abel,rwf
316,VOLDATAG,5a0c05c36be3647bbe196e3e,.CN=COMPTA-CONSTANTIN.OU=GROUPES.OU=BOLLORE.OU=PTX.O=GB1.T=CERAMIC_TREE.,/ECHANGES/COMPTA_NEW/000 Docs multi-sociétés/autres/CAC/SERVEUR CONSTANTIN,rwceafm
317,VOLDATAG,5a0c05c36be3647bbe196e40,.CN=MGAT.OU=AUDIT.OU=BOLLORE.OU=PTX.O=GB1.T=CERAMIC_TREE.,/ECHANGES/COMPTA_NEW/136 BLUECAR (ex VEPB)/Dossier Permanent/MAG,rwcefm
318,VOLDATAG,5a0c05c36be3647bbe196e44,.CN=COMPTA-SMOG.OU=GROUPES.OU=BOLLORE.OU=PTX.O=GB1.T=CERAMIC_TREE.,/ECHANGES/COMPTA_NEW/136 BLUECAR (ex VEPB)/Dossier Permanent/SMOG,rwceafm
319,VOLDATAG,5a0c05c36be3647bbe196e48,.CN=CMTN.OU=COMPTABILITE.OU=BOLLORE.OU=PTX.O=GB1.T=CERAMIC_TREE.,/ECHANGES/COMPTA_NEW/CRISTAL Projet Comptable/PROJETS DSICOMPTA,rwcefm
320,VOLDATAG,5a0c05c36be3647bbe196e4a,.CN=COMPTA-PARADM.OU=GROUPES.OU=BOLLORE.OU=PTX.O=GB1.T=CERAMIC_TREE.,/ECHANGES/COMPTA_NEW/CRISTAL Projet Comptable/PARAMETRES_IRIS_FINANCE/Paramètres pour administrateurs (dossier sécurisé),rwcefm
321,VOLDATAG,5a0c05c36be3647bbe196e4e,.CN=COMPTA-AEG.OU=GROUPES.OU=BOLLORE.OU=PTX.O=GB1.T=CERAMIC_TREE.,/ECHANGES/COMPTA/000 Docs multi-sociétés/Autres/CAC/SERVEUR AEG,rwcefm
322,VOLDATAG,5a0c05c36be3647bbe196e50,.CN=COMPTA-CONSTANTIN.OU=GROUPES.OU=BOLLORE.OU=PTX.O=GB1.T=CERAMIC_TREE.,/ECHANGES/COMPTA/000 Docs multi-sociétés/Autres/CAC/SERVEUR CONSTANTIN,rwcfm
323,VOLDATAG,5a0c05c36be3647bbe196e52,.CN=L_BOL_PTX_FILR_INTERFACE KYRIBAS_IRIS.OU=GROUPES.OU=BOLLORE.OU=PTX.O=GB1.T=CERAMIC_TREE.,/ECHANGES/COMPTA/CRISTAL Projet Comptable/PROJETS DSICOMPTA/Interface Kyriba_IRIS,rwcefm
324,VOLDATAG,5a0c05c36be3647bbe196e56,.CN=BOLLOREMEDIAREGIE.OU=GROUPES.OU=BOLLORE.OU=PTX.O=GB1.T=CERAMIC_TREE.,/ECHANGES/BOLLOREMEDIAREGIE/JiPe/ECHANGES/BOLLOREMEDIAREGIE,rwcefm
325,VOLDATAG,5a0c05c36be3647bbe196e5a,.CN=CHAVANES.OU=GROUPES.OU=BOLLORE.OU=PTX.O=GB1.T=CERAMIC_TREE.,/ECHANGES/DSI/ATOS/Alex/Autre/#30614/CHAVANES,rwcefm
326,VOLDATAG,5a0c05c36be3647bbe196e5e,.CN=TRANSFERT-NFA.OU=GROUPES.OU=BOLLORE.OU=PTX.O=GB1.T=CERAMIC_TREE.,/ECHANGES/DSI/ATOS/Alex/Autre/#30614/transfertNFA,rwcefm
327,VOLDATAG,5a0c05c36be3647bbe196e62,.CN=ALBN.OU=DRH-GROUPE.OU=BOLLORE.OU=PTX.O=GB1.T=CERAMIC_TREE.,/ECHANGES/DRH Groupe/Service JC/A. LE BIHEN,rwcefm
328,VOLDATAG,5a0c05c36be3647bbe196e64,.CN=SFLT.OU=INFOGERANCE.OU=PTX.O=GB1.T=CERAMIC_TREE.,/ECHANGES/DRH Holding/HLD/00 PROCEDURES/Accueil,rwceafm
329,VOLDATAG,5a0c05c36be3647bbe196e66,.CN=EXTDIAO.OU=FILR.OU=PTX.O=GB1.T=CERAMIC_TREE.,/ECHANGES/Contrats Clients IFRS15/EXTDIAO,rwcefm
330,VOLDATAG,5a0c05c36be3647bbe196e68,.CN=EXTDARMOIS.OU=FILR.OU=PTX.O=GB1.T=CERAMIC_TREE.,/ECHANGES/Contrats Clients IFRS15/EXTDARMOIS,rwcefm
331,VOLDATAG,5a0c05c36be3647bbe196e6a,.CN=EXTLEBRUN.OU=FILR.OU=PTX.O=GB1.T=CERAMIC_TREE.,/ECHANGES/Contrats Clients IFRS15/EXTLEBRUN,rwcefm
332,VOLDATAG,5a0c05c36be3647bbe196e6c,.CN=EXTCOSTE.OU=FILR.OU=PTX.O=GB1.T=CERAMIC_TREE.,/ECHANGES/Contrats Clients IFRS15/EXTCOSTE,rwcefm
333,VOLDATAG,5a0c05c36be3647bbe196e6e,.CN=EXTVIGNEUX.OU=FILR.OU=PTX.O=GB1.T=CERAMIC_TREE.,/ECHANGES/Contrats Clients IFRS15/EXTVIGNEUX,rwcefm
334,VOLDATAG,5a0c05c36be3647bbe196e70,.CN=EXTLOVE.OU=FILR.OU=PTX.O=GB1.T=CERAMIC_TREE.,/ECHANGES/Contrats Clients IFRS15/EXTLOVE,rwcefm
335,VOLDATAG,5a0c05c36be3647bbe196e72,.CN=EXTKAKOU.OU=FILR.OU=PTX.O=GB1.T=CERAMIC_TREE.,/ECHANGES/Contrats Clients IFRS15/EXTKAKOU,rwcefm
336,VOLDATAG,5a0c05c36be3647bbe196e74,.CN=EXTDEROUGE.OU=FILR.OU=PTX.O=GB1.T=CERAMIC_TREE.,/ECHANGES/Contrats Clients IFRS15/EXTDEROUGE,rwcefm
337,VOLDATAG,5a0c05c36be3647bbe196e76,.CN=EXTHAENDLER.OU=FILR.OU=PTX.O=GB1.T=CERAMIC_TREE.,/ECHANGES/Contrats Clients IFRS15/EXTHAENDLER,rwcefm
338,VOLDATAG,5a0c05c36be3647bbe196e78,.CN=EXTKONAN.OU=FILR.OU=PTX.O=GB1.T=CERAMIC_TREE.,/ECHANGES/Contrats Clients IFRS15/EXTKONAN,rwcefm
339,VOLDATAG,5a0c05c36be3647bbe196e7a,.CN=EXTMALIN.OU=FILR.OU=PTX.O=GB1.T=CERAMIC_TREE.,/ECHANGES/Contrats Clients IFRS15/EXTMALIN,rwcefm
340,VOLDATAG,5a0c05c36be3647bbe196e7c,.CN=EXTDERIVOIRE.OU=FILR.OU=PTX.O=GB1.T=CERAMIC_TREE.,/ECHANGES/Contrats Clients IFRS15/EXTDERIVOIRE,rwcefm
341,VOLDATAG,5a0c05c36be3647bbe196e7e,.CN=EXTFUTOL.OU=FILR.OU=PTX.O=GB1.T=CERAMIC_TREE.,/ECHANGES/Contrats Clients IFRS15/EXTFUTOL,rwcefm
342,VOLDATAG,5a0c05c36be3647bbe196e80,.CN=EXTSAILLE.OU=FILR.OU=PTX.O=GB1.T=CERAMIC_TREE.,/ECHANGES/Contrats Clients IFRS15/EXTSAILLE,rwcefm
343,VOLDATAG,5a0c05c36be3647bbe196e82,.CN=EXTDOSANTOS.OU=FILR.OU=PTX.O=GB1.T=CERAMIC_TREE.,/ECHANGES/Contrats Clients IFRS15/EXTDOSANTOS,rwcefm
344,VOLDATAG,5a0c05c36be3647bbe196e86,.CN=IRIS-CLUB-FACTURATION.OU=GROUPES.OU=BOLLORE.OU=PTX.O=GB1.T=CERAMIC_TREE.,/ECHANGES/IRIS/CLUB,rwcefm
345,VOLDATAG,5a0c05c36be3647bbe196e88,.CN=IRIS-CLUB-FACTURATION.OU=GROUPES.OU=BOLLORE.OU=PTX.O=GB1.T=CERAMIC_TREE.,/ECHANGES/IRIS/CLUB_OLD/FACTURATION,rwcefm
346,VOLDATAG,5a0c05c36be3647bbe196e8a,.CN=FISCAL.OU=GROUPES.OU=BOLLORE.OU=PTX.O=GB1.T=CERAMIC_TREE.,/ECHANGES/JUR_FIS_IND/FISCAL/LAETITIA/CONTROLES FISCAUX,
347,VOLDATAG,5a0c05c36be3647bbe196e8c,.CN=JUR_FIS_IND.OU=GROUPES.OU=BOLLORE.OU=PTX.O=GB1.T=CERAMIC_TREE.,/ECHANGES/JUR_FIS_IND/FISCAL/LAETITIA/CONTROLES FISCAUX,
348,VOLDATAG,5a0c05c36be3647bbe196e8e,.CN=JUR_FIS_IND_FIS_LAE_CTRL-FISC.OU=GROUPES.OU=BOLLORE.OU=PTX.O=GB1.T=CERAMIC_TREE.,/ECHANGES/JUR_FIS_IND/FISCAL/LAETITIA/CONTROLES FISCAUX,rwcefm
349,VOLDATAG,5a0c05c36be3647bbe196e90,.CN=FISCAL.OU=GROUPES.OU=BOLLORE.OU=PTX.O=GB1.T=CERAMIC_TREE.,/ECHANGES/JUR_FIS_IND/FISCAL/LAETITIA/DOSSIERS CONF,
350,VOLDATAG,5a0c05c36be3647bbe196e92,.CN=JUR_FIS_IND.OU=GROUPES.OU=BOLLORE.OU=PTX.O=GB1.T=CERAMIC_TREE.,/ECHANGES/JUR_FIS_IND/FISCAL/LAETITIA/DOSSIERS CONF,
351,VOLDATAG,5a0c05c36be3647bbe196e94,.CN=JUR_FIS_IND_FIS_LAE_DOS-CONF.OU=GROUPES.OU=BOLLORE.OU=PTX.O=GB1.T=CERAMIC_TREE.,/ECHANGES/JUR_FIS_IND/FISCAL/LAETITIA/DOSSIERS CONF,rwcefm
352,VOLDATAG,5a0c05c36be3647bbe196e96,.CN=IBLD.OU=JURIDIQUE.OU=BOLLORE.OU=PTX.O=GB1.T=CERAMIC_TREE.,/ECHANGES/JUR_FIS_IND/DOC/baillard,rfm
353,VOLDATAG,5a0c05c36be3647bbe196e98,.CN=JURI01.OU=JURIDIQUE.OU=BOLLORE.OU=PTX.O=GB1.T=CERAMIC_TREE.,/ECHANGES/JUR_FIS_IND/DOC/baillard,rfm
354,VOLDATAG,5a0c05c36be3647bbe196e9a,.CN=JURI02.OU=JURIDIQUE.OU=BOLLORE.OU=PTX.O=GB1.T=CERAMIC_TREE.,/ECHANGES/JUR_FIS_IND/DOC/baillard,rfm
355,VOLDATAG,5a0c05c36be3647bbe196e9c,.CN=MHMU.OU=JURIDIQUE.OU=BOLLORE.OU=PTX.O=GB1.T=CERAMIC_TREE.,/ECHANGES/JUR_FIS_IND/DOC/baillard,rfm
356,VOLDATAG,5a0c05c36be3647bbe196e9e,.CN=SPDG.OU=JURIDIQUE.OU=BOLLORE.OU=PTX.O=GB1.T=CERAMIC_TREE.,/ECHANGES/JUR_FIS_IND/DOC/baillard,rfm
357,VOLDATAG,5a0c05c36be3647bbe196ea0,.CN=JURI01.OU=JURIDIQUE.OU=BOLLORE.OU=PTX.O=GB1.T=CERAMIC_TREE.,/ECHANGES/JUR_FIS_IND/DOC/DOSSIERS HAMMOU,rwcefm
358,VOLDATAG,5a0c05c36be3647bbe196ea2,.CN=MHMU.OU=JURIDIQUE.OU=BOLLORE.OU=PTX.O=GB1.T=CERAMIC_TREE.,/ECHANGES/JUR_FIS_IND/DOC/DOSSIERS HAMMOU,rwcefm
359,VOLDATAG,5a0c05c36be3647bbe196ea4,.CN=IBLD.OU=JURIDIQUE.OU=BOLLORE.OU=PTX.O=GB1.T=CERAMIC_TREE.,/ECHANGES/JUR_FIS_IND/DOC/DOSSIERS HAMMOU,rwcefm
360,VOLDATAG,5a0c05c36be3647bbe196ea8,.CN=JUR_FIS_IND-DOC-PARET.OU=GROUPES.OU=BOLLORE.OU=PTX.O=GB1.T=CERAMIC_TREE.,/ECHANGES/JUR_FIS_IND/DOC/Paret,rwcefm
361,VOLDATAG,5a0c05c36be3647bbe196eac,.CN=ADSG.OU=DIR-PARTICIPATIONS.OU=BOLLORE.OU=PTX.O=GB1.T=CERAMIC_TREE.,/ECHANGES/JUR_FIS_IND/DOC/TISSIER,rwcefm
362,VOLDATAG,5a0c05c36be3647bbe196eae,.CN=Films.OU=GROUPES.OU=BOLLORE.OU=PTX.O=GB1.T=CERAMIC_TREE.,/ECHANGES/FMS/OPS,
363,VOLDATAG,5a0c05c36be3647bbe196eb0,.CN=FMS.OU=GROUPES.OU=BOLLORE.OU=PTX.O=GB1.T=CERAMIC_TREE.,/ECHANGES/FMS/OPS,
364,VOLDATAG,5a0c05c36be3647bbe196eb2,.CN=FMS_OPS.OU=GROUPES.OU=BOLLORE.OU=PTX.O=GB1.T=CERAMIC_TREE.,/ECHANGES/FMS/OPS,rwcefm
365,VOLDATAG,5a0c05c36be3647bbe196eb4,.CN=DSI.OU=GROUPES.OU=BOLLORE.OU=PTX.O=GB1.T=CERAMIC_TREE.,/ECHANGES/DSI/Applis/IE11Entreprise,
366,VOLDATAG,5a0c05c36be3647bbe196eb6,.CN=INSTALL.OU=MNGT.OU=PTX.O=GB1.T=CERAMIC_TREE.,/ECHANGES/DSI/Applis/IE11Entreprise,rwcefm
367,VOLDATAG,5a0c05c36be3647bbe196eb8,.CN=JPVS.OU=DSI.OU=BOLLORE.OU=PTX.O=GB1.T=CERAMIC_TREE.,/ECHANGES/DSI/Applis/IE11Entreprise,rwcefm
368,VOLDATAG,5a0c05c36be3647bbe196eba,.CN=OMCL.OU=DSI.OU=BOLLORE.OU=PTX.O=GB1.T=CERAMIC_TREE.,/ECHANGES/DSI/Applis/IE11Entreprise,rwcefm
369,VOLDATAG,5a0c05c36be3647bbe196ebc,.CN=YRBN.OU=DSI.OU=BOLLORE.OU=PTX.O=GB1.T=CERAMIC_TREE.,/ECHANGES/DSI/Applis/IE11Entreprise,rwcefm
