,Filter,Path,Volume,_id
0,,/,VOLDATAG,5a0c05c36be3647bbe196ae8
1,s,/~DFSINFO.8-P,VOLDATAG,5a0c05c36be3647bbe196aea
2,s,/._NETWARE,VOLDATAG,5a0c05c36be3647bbe196aec
3,s,/ECHANGES,VOLDATAG,5a0c05c36be3647bbe196aee
4,s,/APPLIS/CTRL_FISCAL,VOLDATAG,5a0c05c36be3647bbe196afc
5,s,/ECHANGES/Achats,VOLDATAG,5a0c05c36be3647bbe196b08
6,s,/ECHANGES/BOLFOND,VOLDATAG,5a0c05c36be3647bbe196b16
7,s,/ECHANGES/BOLLOREMEDIA,VOLDATAG,5a0c05c36be3647bbe196b18
8,s,/ECHANGES/BOLLOREMEDIAREGIE,VOLDATAG,5a0c05c36be3647bbe196b1e
9,s,/ECHANGES/CAPA,VOLDATAG,5a0c05c36be3647bbe196b22
10,s,/ECHANGES/CGES,VOLDATAG,5a0c05c36be3647bbe196b2a
11,s,/ECHANGES/COMMBT,VOLDATAG,5a0c05c36be3647bbe196b30
12,s,/ECHANGES/COMPTA,VOLDATAG,5a0c05c36be3647bbe196b36
13,rfs,/ECHANGES/CONSO,VOLDATAG,5a0c05c36be3647bbe196b3e
14,s,/ECHANGES/DISTRIB-PRESSE,VOLDATAG,5a0c05c36be3647bbe196b4a
15,s,/ECHANGES/DRH Groupe,VOLDATAG,5a0c05c36be3647bbe196b4c
16,s,/ECHANGES/DRH Holding,VOLDATAG,5a0c05c36be3647bbe196b50
17,s,/ECHANGES/FORMATIO,VOLDATAG,5a0c05c36be3647bbe196b56
18,s,/ECHANGES/Foucart,VOLDATAG,5a0c05c36be3647bbe196b5a
19,s,/ECHANGES/JUR_FIS_IND,VOLDATAG,5a0c05c36be3647bbe196b64
20,s,/ECHANGES/MAC MAHON,VOLDATAG,5a0c05c36be3647bbe196b6a
21,s,/ECHANGES/SDVACHAT,VOLDATAG,5a0c05c36be3647bbe196b76
22,s,/ECHANGES/Titres,VOLDATAG,5a0c05c36be3647bbe196b7c
23,s,/ECHANGES/TRESORERIE,VOLDATAG,5a0c05c36be3647bbe196b80
24,s,/ECHANGES/UNICAF,VOLDATAG,5a0c05c36be3647bbe196b84
25,s,/ECHANGES/ADSG,VOLDATAG,5a0c05c36be3647bbe196b88
26,s,/ECHANGES/Déménagements TB été 2015,VOLDATAG,5a0c05c36be3647bbe196ba8
27,s,/ECHANGES/BOLFOND/Secretariat,VOLDATAG,5a0c05c36be3647bbe196bd8
28,s,/ECHANGES/BOLLOREMEDIAREGIE/LE PRINCE,VOLDATAG,5a0c05c36be3647bbe196bdc
29,s,/ECHANGES/BOLLOREMEDIA/COMMUNICATION-MEDIAS,VOLDATAG,5a0c05c36be3647bbe196be0
30,s,/ECHANGES/BOLLOREMEDIA/DRH-MEDIAS,VOLDATAG,5a0c05c36be3647bbe196be4
31,s,/ECHANGES/BOLLOREMEDIA/DSI-MEDIAS,VOLDATAG,5a0c05c36be3647bbe196be8
32,s,/ECHANGES/BOLLOREMEDIA/CANAL-PLUS-MEDIAS,VOLDATAG,5a0c05c36be3647bbe196bec
33,s,/ECHANGES/BOLLOREMEDIA/DIRECTION-MEDIAS,VOLDATAG,5a0c05c36be3647bbe196bf0
34,s,/ECHANGES/BOLLOREMEDIAREGIE/PLANNING PRESSE,VOLDATAG,5a0c05c36be3647bbe196bf6
35,s,/ECHANGES/BOLLOREMEDIAREGIE/MARKETING ET ETUDES_OLD,VOLDATAG,5a0c05c36be3647bbe196bfc
36,s,/ECHANGES/COMPTA/CRISTAL Projet Comptable_OLD/PARAMETRES_IRIS_FINANCE/Paramètres pour administrateurs (dossier sécurisé),VOLDATAG,5a0c05c36be3647bbe196c08
37,s,/ECHANGES/BOLLOREMEDIA/COMPTABILITE-MEDIAS/ZZZ OLD dossiers save/ZZZ OLD G Compta MEDIA (save 2013-03)/COMPTA,VOLDATAG,5a0c05c36be3647bbe196c0a
38,s,/ECHANGES/DIRECTMATIN/AAACTU_TV_DIRECTSOIR,VOLDATAG,5a0c05c36be3647bbe196c0e
39,s,/ECHANGES/DIRGENE/Filemaker,VOLDATAG,5a0c05c36be3647bbe196c14
40,s,/ECHANGES/DISTRIB-PRESSE/MEDIAPILOT,VOLDATAG,5a0c05c36be3647bbe196c18
41,s,/ECHANGES/DISTRIB-PRESSE/Archives jusqu'à 2014/RESEAU-DEPOT,VOLDATAG,5a0c05c36be3647bbe196c1c
42,s,/ECHANGES/DRH Groupe/Administration RH,VOLDATAG,5a0c05c36be3647bbe196c20
43,s,/ECHANGES/DRH Groupe/Service CK/01_Gestion Dev RH/Rémunérations/11-Révisions Salariales BOLLORE,VOLDATAG,5a0c05c36be3647bbe196c42
44,s,/ECHANGES/DSI/ASSISTANAT/PHRVBI,VOLDATAG,5a0c05c36be3647bbe196c66
45,rs,/ECHANGES/DSI/ATOS,VOLDATAG,5a0c05c36be3647bbe196c6a
46,s,/ECHANGES/DSI/PROJETS/Medical,VOLDATAG,5a0c05c36be3647bbe196c86
47,s,/ECHANGES/FILMS/Business Objects Documents,VOLDATAG,5a0c05c36be3647bbe196c9c
48,s,/ECHANGES/FILMS/BLUEBUS,VOLDATAG,5a0c05c36be3647bbe196ca0
49,s,/ECHANGES/FILMS/COMMUN FILMS PLASTIQUES,VOLDATAG,5a0c05c36be3647bbe196ca4
50,s,/ECHANGES/IMMOBILIER/IMMOBILIER-TITRES,VOLDATAG,5a0c05c36be3647bbe196caa
51,s,/ECHANGES/JUR_FIS_IND/BIBLIO.JUR,VOLDATAG,5a0c05c36be3647bbe196cae
52,s,/ECHANGES/JUR_FIS_IND/CAI,VOLDATAG,5a0c05c36be3647bbe196cb4
53,s,/ECHANGES/JUR_FIS_IND/FISCAL,VOLDATAG,5a0c05c36be3647bbe196cb8
54,s,/ECHANGES/JUR_FIS_IND/OOST,VOLDATAG,5a0c05c36be3647bbe196cbc
55,s,/ECHANGES/JUR_FIS_IND/THB,VOLDATAG,5a0c05c36be3647bbe196cc0
56,s,/ECHANGES/JUR_FIS_IND/DOC_OLD/DOSSIERS HAMMOU,VOLDATAG,5a0c05c36be3647bbe196cc8
57,s,/ECHANGES/JUR_FIS_IND/DOC_OLD/Paret,VOLDATAG,5a0c05c36be3647bbe196cca
58,s,/ECHANGES/JUR_FIS_IND/FISCAL/a - TP/PRIX DE TRANSFERT avat 2013,VOLDATAG,5a0c05c36be3647bbe196cd0
59,s,/ECHANGES/JUR_FIS_IND/FISCAL/SECRETARIAT/PAJOT,VOLDATAG,5a0c05c36be3647bbe196cd8
60,s,/ECHANGES/UNICAF/MS,VOLDATAG,5a0c05c36be3647bbe196cee
61,s,/ECHANGES/BOLLOREMEDIA/DSI-MEDIAS/MED-ATOS,VOLDATAG,5a0c05c36be3647bbe196cf6
62,s,/ECHANGES/BOLLOREMEDIA/DRH-MEDIAS/$A1 DRH/ECHANGES/DIRECT8,VOLDATAG,5a0c05c36be3647bbe196cfa
63,s,/ECHANGES/BOLLOREMEDIA/DRH-MEDIAS/$A1 DRH/ECHANGES/DIRECT8/$A1 DRH,VOLDATAG,5a0c05c36be3647bbe196cfe
64,s,/ECHANGES/COMPTA/Sauvegarde_Hol_Abel,VOLDATAG,5a0c05c36be3647bbe196d04
65,s,/ECHANGES/COMPTA/136 BLUECAR (ex VEPB),VOLDATAG,5a0c05c36be3647bbe196d08
66,s,/ECHANGES/COMPTA/000 Partage,VOLDATAG,5a0c05c36be3647bbe196d0c
67,s,/ECHANGES/DSI/ATOS/From Atos/ECHANGES,VOLDATAG,5a0c05c36be3647bbe196d20
68,s,/ECHANGES/DSI/ATOS/From Atos/MANAGERS,VOLDATAG,5a0c05c36be3647bbe196d22
69,s,/ECHANGES/DSI/ATOS/From Atos/VISITW32,VOLDATAG,5a0c05c36be3647bbe196d24
70,s,/ECHANGES/COMPTA/136 BLUECAR (ex VEPB)/Dossier Permanent/MAG,VOLDATAG,5a0c05c36be3647bbe196d28
71,s,/ECHANGES/COMPTA/136 BLUECAR (ex VEPB)/Dossier Permanent/SMOG,VOLDATAG,5a0c05c36be3647bbe196d2c
72,s,/ECHANGES/BFR/Hist-2013/BROCHURES 09-2013/ECHANGES,VOLDATAG,5a0c05c36be3647bbe196d2e
73,s,/ECHANGES/BFR/Hist-2013/ECHANGES,VOLDATAG,5a0c05c36be3647bbe196d46
74,s,/ECHANGES/JUR_FIS_IND/BIBLIO.JUR/SOCIETES/Groupe CSA/CSTO/Corporate/2014/Sans Objet HorsApprobComptes/ECHANGES,VOLDATAG,5a0c05c36be3647bbe196d4e
75,s,/ECHANGES/JUR_FIS_IND/BIBLIO.JUR/SOCIETES/Groupe CSA/CSTO/Corporate/2014/Sans Objet HorsApprobComptes/ECHANGES/JUR_FIS_IND,VOLDATAG,5a0c05c36be3647bbe196d52
76,s,/ECHANGES/JUR_FIS_IND/BIBLIO.JUR/SOCIETES/Groupe CSA/CSTO/Corporate/2014/Sans Objet HorsApprobComptes/ECHANGES/JUR_FIS_IND/BIBLIO.JUR,VOLDATAG,5a0c05c36be3647bbe196d56
77,s,/ECHANGES/DSI/PROJETS/MIGISERIES,VOLDATAG,5a0c05c36be3647bbe196d60
78,s,/ECHANGES/JUR_FIS_IND/FISCAL/SOPHIE ELOY/CET/CET 2013/RESTAURATION_07-08-2014/ECHANGES,VOLDATAG,5a0c05c36be3647bbe196d6a
79,s,/ECHANGES/JUR_FIS_IND/FISCAL/SOPHIE ELOY/CET/CET 2013/RESTAURATION_07-08-2014/ECHANGES/JUR_FIS_IND,VOLDATAG,5a0c05c36be3647bbe196d6e
80,s,/ECHANGES/JUR_FIS_IND/FISCAL/SOPHIE ELOY/CET/CET 2013/RESTAURATION_07-08-2014/ECHANGES/JUR_FIS_IND/FISCAL,VOLDATAG,5a0c05c36be3647bbe196d72
81,s,/ECHANGES/JUR_FIS_IND/FISCAL/SOPHIE ELOY/CET/CET 2013/RESTAURATION-12-08-2014/ECHANGES/JUR_FIS_IND,VOLDATAG,5a0c05c36be3647bbe196d76
82,s,/ECHANGES/JUR_FIS_IND/FISCAL/SOPHIE ELOY/CET/CET 2013/RESTAURATION-12-08-2014/ECHANGES/JUR_FIS_IND/FISCAL,VOLDATAG,5a0c05c36be3647bbe196d7a
83,s,/ECHANGES/VE/Direction Surete,VOLDATAG,5a0c05c36be3647bbe196d7e
84,s,/ECHANGES/Bernier/CHAVANES,VOLDATAG,5a0c05c36be3647bbe196d86
85,s,/ECHANGES/Bernier/transfertNFA,VOLDATAG,5a0c05c36be3647bbe196d8a
86,s,/ECHANGES/SecGeneral/Grands_Cadres,VOLDATAG,5a0c05c36be3647bbe196d8e
87,s,/ECHANGES/SecGeneral/RSE_OLD,VOLDATAG,5a0c05c36be3647bbe196d92
88,s,/ECHANGES/SecGeneral/PLANTATIONS,VOLDATAG,5a0c05c36be3647bbe196d98
89,s,/ECHANGES/DSI/ATOS/From Atos/IRIS/MANAGERS,VOLDATAG,5a0c05c36be3647bbe196d9c
90,s,/ECHANGES/DSI/ATOS/From Atos/IRIS/VISITW32,VOLDATAG,5a0c05c36be3647bbe196d9e
91,s,/ECHANGES/BFR/Hist-2014/Restau Hist-2014/ECHANGES,VOLDATAG,5a0c05c36be3647bbe196da0
92,s,/ECHANGES/BOLLOREMEDIA/JURIDIQUE-MEDIAS,VOLDATAG,5a0c05c36be3647bbe196da6
93,s,/ECHANGES/BOLLOREMEDIA/ETUDES-MEDIAS,VOLDATAG,5a0c05c36be3647bbe196db0
94,s,/ECHANGES/BOLLOREMEDIA/CONTROLE-DE-GESTION-MEDIAS,VOLDATAG,5a0c05c36be3647bbe196db6
95,s,/ECHANGES/BOLLOREMEDIA/RESTO_DAF-COMPTA,VOLDATAG,5a0c05c36be3647bbe196dbc
96,s,/ECHANGES/TRESORERIE/flurel14/Restore/ECHANGES/TRESORERIE,VOLDATAG,5a0c05c36be3647bbe196dc6
97,s,/ECHANGES/BOLLOREMEDIA/CONTROLE-DE-GESTION-MEDIAS/P.LEBLEU,VOLDATAG,5a0c05c36be3647bbe196dca
98,s,/ECHANGES/BOLLOREMEDIA/RESTO_DAF-COMPTA/DAF/COMPTABILITE,VOLDATAG,5a0c05c36be3647bbe196dcc
99,s,/ECHANGES/BOLLOREMEDIA/RESTO_DAF-COMPTA/DAF/COMPTABILITE/ZZZ OLD G Compta MEDIA (save 2013-03)/COMPTA,VOLDATAG,5a0c05c36be3647bbe196dce
100,s,/ECHANGES/DIRECTMATIN/A_DIR,VOLDATAG,5a0c05c36be3647bbe196dd4
101,s,/ECHANGES/JUR_FIS_IND/DOC_failed/DOSSIERS HAMMOU,VOLDATAG,5a0c05c36be3647bbe196dda
102,s,/ECHANGES/JUR_FIS_IND/COURRIER/DOC/DOSSIERS HAMMOU,VOLDATAG,5a0c05c36be3647bbe196dec
103,s,/ECHANGES/JUR_FIS_IND/COURRIER/DOC/Paret,VOLDATAG,5a0c05c36be3647bbe196df0
104,s,/ECHANGES/BOLLOREMEDIAREGIE/SERVICE RP,VOLDATAG,5a0c05c36be3647bbe196e08
105,s,/ECHANGES/COMPTA_NEW/000 Partage,VOLDATAG,5a0c05c36be3647bbe196e18
106,s,/ECHANGES/COMPTA_NEW/077 CE BOLLORE,VOLDATAG,5a0c05c36be3647bbe196e1c
107,s,/ECHANGES/COMPTA_NEW/136 BLUECAR (ex VEPB),VOLDATAG,5a0c05c36be3647bbe196e20
108,rwcefms,/ECHANGES/COMPTA_NEW/155 SOMABOL,VOLDATAG,5a0c05c36be3647bbe196e28
109,rwcefms,/ECHANGES/COMPTA_NEW/156 FLEET MANAGEMENT SERVICES,VOLDATAG,5a0c05c36be3647bbe196e30
110,s,/ECHANGES/COMPTA_NEW/Sauvegarde_Hol_Abel,VOLDATAG,5a0c05c36be3647bbe196e3c
111,s,/ECHANGES/COMPTA_NEW/136 BLUECAR (ex VEPB)/Dossier Permanent/MAG,VOLDATAG,5a0c05c36be3647bbe196e42
112,s,/ECHANGES/COMPTA_NEW/136 BLUECAR (ex VEPB)/Dossier Permanent/SMOG,VOLDATAG,5a0c05c36be3647bbe196e46
113,s,/ECHANGES/COMPTA_NEW/CRISTAL Projet Comptable/PARAMETRES_IRIS_FINANCE/Paramètres pour administrateurs (dossier sécurisé),VOLDATAG,5a0c05c36be3647bbe196e4c
114,s,/ECHANGES/BOLLOREMEDIAREGIE/JiPe/ECHANGES,VOLDATAG,5a0c05c36be3647bbe196e54
115,s,/ECHANGES/BOLLOREMEDIAREGIE/JiPe/ECHANGES/BOLLOREMEDIAREGIE,VOLDATAG,5a0c05c36be3647bbe196e58
116,s,/ECHANGES/DSI/ATOS/Alex/Autre/#30614/CHAVANES,VOLDATAG,5a0c05c36be3647bbe196e5c
117,s,/ECHANGES/DSI/ATOS/Alex/Autre/#30614/transfertNFA,VOLDATAG,5a0c05c36be3647bbe196e60
118,s,/._NETWARE/.trustee_database.xml,VOLDATAG,5a0c05c36be3647bbe196e84
119,s,/ECHANGES/JUR_FIS_IND/DOC/DOSSIERS HAMMOU,VOLDATAG,5a0c05c36be3647bbe196ea6
120,s,/ECHANGES/JUR_FIS_IND/DOC/Paret,VOLDATAG,5a0c05c36be3647bbe196eaa
