,Path,Rights,SAMAccountName,Scope,Type,Volume,_id
0,/PUBLIC,"Read,ReadAndExecute,Synchronize,Write,Delete,CreateFiles,CreateDirectories,Modify,ListDirectory",LDRU,ThisFolderSubFoldersAndFiles,UsualConvertedRight,VOLDATAG,5a12d01690ba7c7217cf546b
1,/PUBLIC,"Read,ReadAndExecute,Synchronize,Write,Delete,CreateFiles,CreateDirectories,Modify,ListDirectory",SDGN,ThisFolderSubFoldersAndFiles,UsualConvertedRight,VOLDATAG,5a12d01690ba7c7217cf546d
2,/PUBLIC,"Read,ReadAndExecute,Synchronize,Write,Delete,CreateFiles,CreateDirectories,Modify,ListDirectory",BGDN,ThisFolderSubFoldersAndFiles,UsualConvertedRight,VOLDATAG,5a12d01690ba7c7217cf546f
3,/PUBLIC,"Read,ReadAndExecute,Synchronize,Write,Delete,CreateFiles,CreateDirectories,Modify,ListDirectory",OMCL,ThisFolderSubFoldersAndFiles,UsualConvertedRight,VOLDATAG,5a12d01690ba7c7217cf5471
4,/PUBLIC,"Read,ReadAndExecute,Synchronize,Write,Delete,CreateFiles,CreateDirectories,Modify,ListDirectory",JGAT,ThisFolderSubFoldersAndFiles,UsualConvertedRight,VOLDATAG,5a12d01690ba7c7217cf5473
5,/APPLIS/CTRL_FISCAL,"Read,ReadAndExecute,Synchronize,Write,Delete,CreateFiles,CreateDirectories,Modify,ListDirectory",CTRL_FISCAL,ThisFolderSubFoldersAndFiles,UsualConvertedRight,VOLDATAG,5a12d01690ba7c7217cf5475
6,/APPLIS/GRETAR_DB,"Read,ReadAndExecute,Synchronize,Write,Delete,CreateFiles,CreateDirectories,Modify,ListDirectory",GRETAR_APP,ThisFolderSubFoldersAndFiles,UsualConvertedRight,VOLDATAG,5a12d01690ba7c7217cf5477
7,/APPLIS/OLD/CIRSO,"Read,ReadAndExecute,Synchronize,Write,Delete,CreateFiles,CreateDirectories,Modify,ListDirectory",APPLIS-STUDIO-QUAL,ThisFolderSubFoldersAndFiles,UsualConvertedRight,VOLDATAG,5a12d01690ba7c7217cf5479
8,/APPLIS/OLD/CIRSO,"Read,ReadAndExecute,Synchronize,Write,Delete,CreateFiles,CreateDirectories,Modify,ListDirectory",APPLIS-STUDIO,ThisFolderSubFoldersAndFiles,UsualConvertedRight,VOLDATAG,5a12d01690ba7c7217cf547b
9,/ECHANGES/Achats,"Read,ReadAndExecute,Synchronize,Write,Delete,CreateFiles,CreateDirectories,Modify,ListDirectory",ACHATS,ThisFolderSubFoldersAndFiles,UsualConvertedRight,VOLDATAG,5a12d01690ba7c7217cf547d
10,/ECHANGES/Achats,"Read,ReadAndExecute,Synchronize,ListDirectory",FLDN,ThisFolderSubFoldersAndFiles,UsualConvertedRight,VOLDATAG,5a12d01690ba7c7217cf547f
11,/ECHANGES/Achats2,"Read,ReadAndExecute,Synchronize,Write,Delete,CreateFiles,CreateDirectories,Modify,ListDirectory",ACHATS2,ThisFolderSubFoldersAndFiles,UsualConvertedRight,VOLDATAG,5a12d01690ba7c7217cf5481
12,/ECHANGES/ANNUAIRE,"Read,ReadAndExecute,Synchronize,Write,Delete,CreateFiles,CreateDirectories,Modify,ListDirectory",ANNUAIRE,ThisFolderSubFoldersAndFiles,UsualConvertedRight,VOLDATAG,5a12d01690ba7c7217cf5483
13,/ECHANGES/ASSURANCES,"Read,ReadAndExecute,Synchronize,Write,Delete,CreateFiles,CreateDirectories,Modify,ListDirectory",ASSURANCES,ThisFolderSubFoldersAndFiles,UsualConvertedRight,VOLDATAG,5a12d01690ba7c7217cf5485
14,/ECHANGES/AUTOLIB,"Read,ReadAndExecute,Synchronize,Write,Delete,CreateFiles,CreateDirectories,Modify,ListDirectory",AUTOLIB,ThisFolderSubFoldersAndFiles,UsualConvertedRight,VOLDATAG,5a12d01690ba7c7217cf5487
15,/ECHANGES/BFR,"Read,ReadAndExecute,Synchronize,Write,Delete,CreateFiles,CreateDirectories,Modify,ListDirectory",BFR,ThisFolderSubFoldersAndFiles,UsualConvertedRight,VOLDATAG,5a12d01690ba7c7217cf5489
16,/ECHANGES/BOLFOND,"Read,ReadAndExecute,Synchronize,Write,Delete,CreateFiles,CreateDirectories,Modify,ListDirectory",BOLFOND,ThisFolderSubFoldersAndFiles,UsualConvertedRight,VOLDATAG,5a12d01690ba7c7217cf548b
17,/ECHANGES/BOLLOREMEDIADIGITAL,"Read,ReadAndExecute,Synchronize,Write,Delete,CreateFiles,CreateDirectories,Modify,ListDirectory",BOLLOREMEDIADIGITAL,ThisFolderSubFoldersAndFiles,UsualConvertedRight,VOLDATAG,5a12d01690ba7c7217cf548d
18,/ECHANGES/BOLLOREMEDIAREGIE,"Read,ReadAndExecute,Synchronize,Write,Delete,CreateFiles,CreateDirectories,Modify,ListDirectory,ReadPermissions,ChangePermissions",BOLLOREMEDIAREGIE,ThisFolderSubFoldersAndFiles,UsualConvertedRight,VOLDATAG,5a12d01690ba7c7217cf548f
19,/ECHANGES/CAPA,"Read,ReadAndExecute,Synchronize,Write,Delete,CreateFiles,CreateDirectories,Modify,ListDirectory",CAPA_USERS,ThisFolderSubFoldersAndFiles,UsualConvertedRight,VOLDATAG,5a12d01690ba7c7217cf5491
20,/ECHANGES/CGES,"Read,ReadAndExecute,Synchronize,Write,Delete,CreateFiles,CreateDirectories,Modify,ListDirectory",CGES,ThisFolderSubFoldersAndFiles,UsualConvertedRight,VOLDATAG,5a12d01690ba7c7217cf5493
21,/ECHANGES/CGES,"Read,ReadAndExecute,Synchronize,ListDirectory",CONSO_USER,ThisFolderSubFoldersAndFiles,UsualConvertedRight,VOLDATAG,5a12d01690ba7c7217cf5495
22,/ECHANGES/CGES,"Read,ReadAndExecute,Synchronize,Modify,ListDirectory,ReadPermissions,ChangePermissions",s_cdm,ThisFolderSubFoldersAndFiles,UsualConvertedRight,VOLDATAG,5a12d01690ba7c7217cf5497
23,/ECHANGES/CLUB,"Read,ReadAndExecute,Synchronize,Write,Delete,CreateFiles,CreateDirectories,Modify,ListDirectory",CLUB,ThisFolderSubFoldersAndFiles,UsualConvertedRight,VOLDATAG,5a12d01690ba7c7217cf5499
24,/ECHANGES/COMMBT,"Read,ReadAndExecute,Synchronize,Write,Delete,CreateFiles,CreateDirectories,Modify,ListDirectory",COMM_BT,ThisFolderSubFoldersAndFiles,UsualConvertedRight,VOLDATAG,5a12d01690ba7c7217cf549b
25,/ECHANGES/COMPTA,"Read,ReadAndExecute,Synchronize,Write,Delete,CreateFiles,CreateDirectories,Modify,ListDirectory",COMPTA_USERS,ThisFolderSubFoldersAndFiles,UsualConvertedRight,VOLDATAG,5a12d01690ba7c7217cf549d
26,/ECHANGES/COMPTA,"Read,ReadAndExecute,Synchronize,Write,Delete,CreateFiles,CreateDirectories,Modify,ListDirectory",COMPTA_USERS_ADMIN,ThisFolderSubFoldersAndFiles,UsualConvertedRight,VOLDATAG,5a12d01690ba7c7217cf549f
27,/ECHANGES/CONSO,"Read,ReadAndExecute,Synchronize,Write,Delete,CreateFiles,CreateDirectories,Modify,ListDirectory",CONSO,ThisFolderSubFoldersAndFiles,UsualConvertedRight,VOLDATAG,5a12d01690ba7c7217cf54a1
28,/ECHANGES/CONSO,"Read,ReadAndExecute,Synchronize,ListDirectory",CONSO_USER,ThisFolderSubFoldersAndFiles,UsualConvertedRight,VOLDATAG,5a12d01690ba7c7217cf54a3
29,/ECHANGES/CONSO,"Read,ReadAndExecute,Synchronize,Modify,ListDirectory,ReadPermissions,ChangePermissions",s_cdm,ThisFolderSubFoldersAndFiles,UsualConvertedRight,VOLDATAG,5a12d01690ba7c7217cf54a5
30,/ECHANGES/DIRECTMATIN,"Read,ReadAndExecute,Synchronize,Write,Delete,CreateFiles,CreateDirectories,Modify,ListDirectory",DIRECTMATIN,ThisFolderSubFoldersAndFiles,UsualConvertedRight,VOLDATAG,5a12d01690ba7c7217cf54a7
31,/ECHANGES/DIRECTMATIN,"Read,ReadAndExecute,Synchronize,ListDirectory",DirectMalin,ThisFolderSubFoldersAndFiles,UsualConvertedRight,VOLDATAG,5a12d01690ba7c7217cf54a9
32,/ECHANGES/DIRGENE,"Read,ReadAndExecute,Synchronize,Write,Delete,CreateFiles,CreateDirectories,Modify,ListDirectory",DIRGENE_USERS,ThisFolderSubFoldersAndFiles,UsualConvertedRight,VOLDATAG,5a12d01690ba7c7217cf54ab
33,/ECHANGES/DISTRIB-PRESSE,"Read,ReadAndExecute,Synchronize,Write,Delete,CreateFiles,CreateDirectories,Modify,ListDirectory",DISTRIB-PRESSE,ThisFolderSubFoldersAndFiles,UsualConvertedRight,VOLDATAG,5a12d01690ba7c7217cf54ad
34,/ECHANGES/DISTRIB-PRESSE,"Read,ReadAndExecute,Synchronize,ListDirectory",DISTRIB-PRESS-USERS,ThisFolderSubFoldersAndFiles,UsualConvertedRight,VOLDATAG,5a12d01690ba7c7217cf54af
35,/ECHANGES/DRH Holding,"Read,ReadAndExecute,Synchronize,Write,Delete,CreateFiles,CreateDirectories,Modify,ListDirectory",DRH_HOLDING,ThisFolderSubFoldersAndFiles,UsualConvertedRight,VOLDATAG,5a12d01690ba7c7217cf54b1
36,/ECHANGES/DSI,"Read,ReadAndExecute,Synchronize,Write,Delete,CreateFiles,CreateDirectories,Modify,ListDirectory",DSI,ThisFolderSubFoldersAndFiles,UsualConvertedRight,VOLDATAG,5a12d01690ba7c7217cf54b3
37,/ECHANGES/FORMATIO,"Read,ReadAndExecute,Synchronize,Write,Delete,CreateFiles,CreateDirectories,Modify,ListDirectory",FORMATIONS,ThisFolderSubFoldersAndFiles,UsualConvertedRight,VOLDATAG,5a12d01690ba7c7217cf54b5
38,/ECHANGES/Foucart,"Read,ReadAndExecute,Synchronize,Write,Delete,CreateFiles,CreateDirectories,Modify,ListDirectory",FOUCART,ThisFolderSubFoldersAndFiles,UsualConvertedRight,VOLDATAG,5a12d01690ba7c7217cf54b7
39,/ECHANGES/IADBT,"Read,ReadAndExecute,Synchronize,Write,Delete,CreateFiles,CreateDirectories,Modify,ListDirectory",IADBT,ThisFolderSubFoldersAndFiles,UsualConvertedRight,VOLDATAG,5a12d01690ba7c7217cf54b9
40,/ECHANGES/IMMOBILIER,"Read,ReadAndExecute,Synchronize,Write,Delete,CreateFiles,CreateDirectories,Modify,ListDirectory",IMMOBILIER,ThisFolderSubFoldersAndFiles,UsualConvertedRight,VOLDATAG,5a12d01690ba7c7217cf54bb
41,/ECHANGES/INTERNET,"Read,ReadAndExecute,Synchronize,Write,Delete,CreateFiles,CreateDirectories,Modify,ListDirectory",INTERNET,ThisFolderSubFoldersAndFiles,UsualConvertedRight,VOLDATAG,5a12d01690ba7c7217cf54bd
42,/ECHANGES/JUR_FIS_IND,"Read,ReadAndExecute,Synchronize,Write,Delete,CreateFiles,CreateDirectories,Modify,ListDirectory",JUR_FIS_IND,ThisFolderSubFoldersAndFiles,UsualConvertedRight,VOLDATAG,5a12d01690ba7c7217cf54bf
43,/ECHANGES/MAC MAHON,"Read,ReadAndExecute,Synchronize,Write,Delete,CreateFiles,CreateDirectories,Modify,ListDirectory",MAC_MAHON_USERS,ThisFolderSubFoldersAndFiles,UsualConvertedRight,VOLDATAG,5a12d01690ba7c7217cf54c1
44,/ECHANGES/MAC MAHON,"Read,ReadAndExecute,Synchronize,Write,Delete,CreateFiles,CreateDirectories,Modify,ListDirectory",L_BOL_PTX_FILR_MAC MAHON,ThisFolderSubFoldersAndFiles,UsualConvertedRight,VOLDATAG,5a12d01690ba7c7217cf54c3
45,/ECHANGES/NETTING,"Read,ReadAndExecute,Synchronize,Write,Delete,CreateFiles,CreateDirectories,Modify,ListDirectory",NETTING,ThisFolderSubFoldersAndFiles,UsualConvertedRight,VOLDATAG,5a12d01690ba7c7217cf54c5
46,/ECHANGES/Participations,"Read,ReadAndExecute,Synchronize,Write,Delete,CreateFiles,CreateDirectories,Modify,ListDirectory",PARTICIPATION,ThisFolderSubFoldersAndFiles,UsualConvertedRight,VOLDATAG,5a12d01690ba7c7217cf54c7
47,/ECHANGES/REUTER,"Read,ReadAndExecute,Synchronize,Write,Delete,CreateFiles,CreateDirectories,Modify,ListDirectory",REUTER_USERS,ThisFolderSubFoldersAndFiles,UsualConvertedRight,VOLDATAG,5a12d01690ba7c7217cf54c9
48,/ECHANGES/SANTE,"Read,ReadAndExecute,Synchronize,Write,Delete,CreateFiles,CreateDirectories,Modify,ListDirectory",SANTE,ThisFolderSubFoldersAndFiles,UsualConvertedRight,VOLDATAG,5a12d01690ba7c7217cf54cb
49,/ECHANGES/SDVACHAT,"Read,ReadAndExecute,Synchronize,Write,Delete,CreateFiles,CreateDirectories,Modify,ListDirectory",SDV-ACHATS,ThisFolderSubFoldersAndFiles,UsualConvertedRight,VOLDATAG,5a12d01690ba7c7217cf54cd
50,/ECHANGES/TestSMB,"Read,ReadAndExecute,Synchronize,Write,Delete,CreateFiles,CreateDirectories,Modify,ListDirectory",TestSMB,ThisFolderSubFoldersAndFiles,UsualConvertedRight,VOLDATAG,5a12d01690ba7c7217cf54cf
51,/ECHANGES/Titres,"Read,ReadAndExecute,Synchronize,Write,Delete,CreateFiles,CreateDirectories,Modify,ListDirectory",TITRES_USERS,ThisFolderSubFoldersAndFiles,UsualConvertedRight,VOLDATAG,5a12d01690ba7c7217cf54d1
52,/ECHANGES/TRESORERIE,"Read,ReadAndExecute,Synchronize,Write,Delete,CreateFiles,CreateDirectories,Modify,ListDirectory",TRESORERIE,ThisFolderSubFoldersAndFiles,UsualConvertedRight,VOLDATAG,5a12d01690ba7c7217cf54d3
53,/ECHANGES/UNICAF,"Read,ReadAndExecute,Synchronize,Write,Delete,CreateFiles,CreateDirectories,Modify,ListDirectory",UNICAF,ThisFolderSubFoldersAndFiles,UsualConvertedRight,VOLDATAG,5a12d01690ba7c7217cf54d5
54,/ECHANGES/ADSG,"Read,ReadAndExecute,Synchronize,Write,Delete,CreateFiles,CreateDirectories,Modify,ListDirectory",DIR_PART_ADSG,ThisFolderSubFoldersAndFiles,UsualConvertedRight,VOLDATAG,5a12d01690ba7c7217cf54d7
55,/ECHANGES/EARTHTALENT,"Read,ReadAndExecute,Synchronize,Write,Delete,CreateFiles,CreateDirectories,Modify,ListDirectory",EARTHTALENT,ThisFolderSubFoldersAndFiles,UsualConvertedRight,VOLDATAG,5a12d01690ba7c7217cf54d9
56,/ECHANGES/IPO_OLD,,IPO,ThisFolderSubFoldersAndFiles,UsualConvertedRight,VOLDATAG,5a12d01690ba7c7217cf54db
57,/ECHANGES/FMS,"Read,ReadAndExecute,Synchronize,Write,Delete,CreateFiles,CreateDirectories,Modify,ListDirectory,ReadPermissions,ChangePermissions",FMS,ThisFolderSubFoldersAndFiles,UsualConvertedRight,VOLDATAG,5a12d01690ba7c7217cf54dd
58,/ECHANGES/FMS,"Read,ReadAndExecute,Synchronize,ListDirectory",Films,ThisFolderSubFoldersAndFiles,UsualConvertedRight,VOLDATAG,5a12d01690ba7c7217cf54df
59,/ECHANGES/DIRGENE_1,"Read,ReadAndExecute,Synchronize,Write,Delete,CreateFiles,CreateDirectories,Modify,ListDirectory",DIRGENE1_USERS,ThisFolderSubFoldersAndFiles,UsualConvertedRight,VOLDATAG,5a12d01690ba7c7217cf54e1
60,/ECHANGES/VE,"Read,ReadAndExecute,Synchronize,Write,Delete,CreateFiles,CreateDirectories,Modify,ListDirectory,ReadPermissions,ChangePermissions",VE,ThisFolderSubFoldersAndFiles,UsualConvertedRight,VOLDATAG,5a12d01690ba7c7217cf54e3
61,/ECHANGES/Salle de réunion 4e,"Read,ReadAndExecute,Synchronize,Write,Delete,CreateFiles,CreateDirectories,Modify,ListDirectory",RESERVATION_4EME,ThisFolderSubFoldersAndFiles,UsualConvertedRight,VOLDATAG,5a12d01690ba7c7217cf54e5
62,/ECHANGES/Bernier,"Read,ReadAndExecute,Synchronize,Write,Delete,CreateFiles,CreateDirectories,Modify,ListDirectory",BERNIER,ThisFolderSubFoldersAndFiles,UsualConvertedRight,VOLDATAG,5a12d01690ba7c7217cf54e7
63,/ECHANGES/SecGeneral,"Read,ReadAndExecute,Synchronize,Write,Delete,CreateFiles,CreateDirectories,Modify,ListDirectory",SECGENERAL,ThisFolderSubFoldersAndFiles,UsualConvertedRight,VOLDATAG,5a12d01690ba7c7217cf54e9
64,/ECHANGES/CHAVANES,"Read,ReadAndExecute,Synchronize,Write,Delete,CreateFiles,CreateDirectories,Modify,ListDirectory",GALX,ThisFolderSubFoldersAndFiles,UsualConvertedRight,VOLDATAG,5a12d01690ba7c7217cf54eb
65,/ECHANGES/CHAVANES,"Read,ReadAndExecute,Synchronize,Write,Delete,CreateFiles,CreateDirectories,Modify,ListDirectory",ICUN,ThisFolderSubFoldersAndFiles,UsualConvertedRight,VOLDATAG,5a12d01690ba7c7217cf54ed
66,/ECHANGES/Elites,"Read,ReadAndExecute,Synchronize,Write,Delete,CreateFiles,CreateDirectories,Modify,ListDirectory",ELITES,ThisFolderSubFoldersAndFiles,UsualConvertedRight,VOLDATAG,5a12d01690ba7c7217cf54ef
67,/ECHANGES/IRIS_OLD,,IRIS,ThisFolderSubFoldersAndFiles,UsualConvertedRight,VOLDATAG,5a12d01690ba7c7217cf54f1
68,/ECHANGES/IRIS_OLD,,IRIS_ADM_ALL,ThisFolderSubFoldersAndFiles,UsualConvertedRight,VOLDATAG,5a12d01690ba7c7217cf54f3
69,/ECHANGES/Déménagements TB été 2015,"Read,ReadAndExecute,Synchronize,Write,Delete,CreateFiles,CreateDirectories,Modify,ListDirectory",DEMENAGEMENT,ThisFolderSubFoldersAndFiles,UsualConvertedRight,VOLDATAG,5a12d01690ba7c7217cf54f5
70,/ECHANGES/RelationsInvestisseurs,"Read,ReadAndExecute,Synchronize,Write,Delete,CreateFiles,CreateDirectories,Modify,ListDirectory",RelationsInvestisseurs,ThisFolderSubFoldersAndFiles,UsualConvertedRight,VOLDATAG,5a12d01690ba7c7217cf54f7
71,/ECHANGES/DirectionFinanciere,"Read,ReadAndExecute,Synchronize,Write,Delete,CreateFiles,CreateDirectories,Modify,ListDirectory",DirectionFinanciere,ThisFolderSubFoldersAndFiles,UsualConvertedRight,VOLDATAG,5a12d01690ba7c7217cf54f9
72,/ECHANGES/Tarifs_Materiel,"Read,ReadAndExecute,Synchronize,Write,ListDirectory",TARIFSMATERIEL,ThisFolderSubFoldersAndFiles,UsualConvertedRight,VOLDATAG,5a12d01690ba7c7217cf54fb
73,/ECHANGES/Tarifs_Materiel,"Read,ReadAndExecute,Synchronize,Write,Delete,CreateFiles,CreateDirectories,Modify,ListDirectory",TARIFSMATERIELALL,ThisFolderSubFoldersAndFiles,UsualConvertedRight,VOLDATAG,5a12d01690ba7c7217cf54fd
74,/ECHANGES/IPO,"Read,ReadAndExecute,Synchronize,Write,Delete,CreateFiles,CreateDirectories,Modify,ListDirectory",IPO,ThisFolderSubFoldersAndFiles,UsualConvertedRight,VOLDATAG,5a12d01690ba7c7217cf54ff
75,/ECHANGES/BLUE SOLUTIONS DAF,"Read,ReadAndExecute,Synchronize,Write,Delete,CreateFiles,CreateDirectories,Modify,ListDirectory",BLUE-SOLUTION-DAF,ThisFolderSubFoldersAndFiles,UsualConvertedRight,VOLDATAG,5a12d01690ba7c7217cf5501
76,/ECHANGES/BLUE SOLUTIONS DAF,"Read,ReadAndExecute,Synchronize,Write,Delete,CreateFiles,CreateDirectories,Modify,ListDirectory",FBTU,ThisFolderSubFoldersAndFiles,UsualConvertedRight,VOLDATAG,5a12d01690ba7c7217cf5503
77,/ECHANGES/BLUE SOLUTIONS DAF,"Read,ReadAndExecute,Synchronize,Write,Delete,CreateFiles,CreateDirectories,Modify,ListDirectory",GAND,ThisFolderSubFoldersAndFiles,UsualConvertedRight,VOLDATAG,5a12d01690ba7c7217cf5505
78,/ECHANGES/BLUE SOLUTIONS DAF,"Read,ReadAndExecute,Synchronize,Write,Delete,CreateFiles,CreateDirectories,Modify,ListDirectory",FHLE,ThisFolderSubFoldersAndFiles,UsualConvertedRight,VOLDATAG,5a12d01690ba7c7217cf5507
79,/ECHANGES/BLUE SOLUTIONS DAF,"Read,ReadAndExecute,Synchronize,Write,Delete,CreateFiles,CreateDirectories,Modify,ListDirectory",L_BOL_PTX_FILR_BluesolutionDaf,ThisFolderSubFoldersAndFiles,UsualConvertedRight,VOLDATAG,5a12d01690ba7c7217cf5509
80,/ECHANGES/MIDDLE OFFICE INDUSTRY,"Read,ReadAndExecute,Synchronize,Write,Delete,CreateFiles,CreateDirectories,Modify,ListDirectory,ReadPermissions,ChangePermissions",MIDDLE_OFFICE_INDUSTRY,ThisFolderSubFoldersAndFiles,UsualConvertedRight,VOLDATAG,5a12d01690ba7c7217cf550b
81,/ECHANGES/SERVEUR AEG DELOITTE CONSO,"Read,ReadAndExecute,Synchronize,Write,Delete,CreateFiles,CreateDirectories,Modify,ListDirectory",SERVEUR_AEG_DELOITTE_CONSO,ThisFolderSubFoldersAndFiles,UsualConvertedRight,VOLDATAG,5a12d01690ba7c7217cf550d
82,/ECHANGES/Contrats Clients IFRS15,"Read,ReadAndExecute,Synchronize,Write,Delete,CreateFiles,CreateDirectories,Modify,ListDirectory",L_BOL_PTX_FILR_IFRS15,ThisFolderSubFoldersAndFiles,UsualConvertedRight,VOLDATAG,5a12d01690ba7c7217cf550f
83,/ECHANGES/Collectes IFC et NRE,"Read,ReadAndExecute,Synchronize,Write,Delete,CreateFiles,CreateDirectories,Modify,ListDirectory",L_BOL_PTX_FILR_Collectes IFC et NRE,ThisFolderSubFoldersAndFiles,UsualConvertedRight,VOLDATAG,5a12d01690ba7c7217cf5511
84,/ECHANGES/Communication Groupe,"Read,ReadAndExecute,Synchronize,Write,Delete,CreateFiles,CreateDirectories,Modify,ListDirectory",G_Echange_Communication Groupe,ThisFolderSubFoldersAndFiles,UsualConvertedRight,VOLDATAG,5a12d01690ba7c7217cf5513
85,/ECHANGES/IRIS,"Read,ReadAndExecute,Synchronize,Write,Delete,CreateFiles,CreateDirectories,Modify,ListDirectory",IRIS_ADM_ALL,ThisFolderSubFoldersAndFiles,UsualConvertedRight,VOLDATAG,5a12d01690ba7c7217cf5515
86,/ECHANGES/IRIS,"Read,ReadAndExecute,Synchronize,Write,Delete,CreateFiles,CreateDirectories,Modify,ListDirectory",IRIS,ThisFolderSubFoldersAndFiles,UsualConvertedRight,VOLDATAG,5a12d01690ba7c7217cf5517
87,/ECHANGES/Upslide,"Read,ReadAndExecute,Synchronize,Write,Delete,CreateFiles,CreateDirectories,Modify,ListDirectory",G_UPSLIDE,ThisFolderSubFoldersAndFiles,UsualConvertedRight,VOLDATAG,5a12d01690ba7c7217cf5519
88,/ECHANGES/Notes analystes,"Read,ReadAndExecute,Synchronize,Write,Delete,CreateFiles,CreateDirectories,Modify,ListDirectory",G_ZCM_NOTES ANALYSTES,ThisFolderSubFoldersAndFiles,UsualConvertedRight,VOLDATAG,5a12d01690ba7c7217cf551b
89,/ECHANGES/Achats/LUCILE,"Read,ReadAndExecute,Synchronize,Write,Delete,CreateFiles,CreateDirectories,Modify,ListDirectory",HCMN,ThisFolderSubFoldersAndFiles,UsualConvertedRight,VOLDATAG,5a12d01690ba7c7217cf551d
90,/ECHANGES/BOLFOND/Secretariat,"Read,ReadAndExecute,Synchronize,Write,Delete,CreateFiles,CreateDirectories,Modify,ListDirectory",PLNY,ThisFolderSubFoldersAndFiles,UsualConvertedRight,VOLDATAG,5a12d01690ba7c7217cf551f
91,/ECHANGES/BOLFOND/Secretariat,"Read,ReadAndExecute,Synchronize,Write,Delete,CreateFiles,CreateDirectories,Modify,ListDirectory",YBDN,ThisFolderSubFoldersAndFiles,UsualConvertedRight,VOLDATAG,5a12d01690ba7c7217cf5521
92,/ECHANGES/BOLFOND/Secretariat,"Read,ReadAndExecute,Synchronize,Write,Delete,CreateFiles,CreateDirectories,Modify,ListDirectory",MSJN,ThisFolderSubFoldersAndFiles,UsualConvertedRight,VOLDATAG,5a12d01690ba7c7217cf5523
93,/ECHANGES/BOLLOREMEDIAREGIE/LE PRINCE,"Read,ReadAndExecute,Synchronize,Write,Delete,CreateFiles,CreateDirectories,Modify,ListDirectory",LLIE,ThisFolderSubFoldersAndFiles,UsualConvertedRight,VOLDATAG,5a12d01690ba7c7217cf5525
94,/ECHANGES/BOLLOREMEDIA/COMMUNICATION-MEDIAS,"Read,ReadAndExecute,Synchronize,Write,Delete,CreateFiles,CreateDirectories,Modify,ListDirectory",1-BM-COMMUNICATION,ThisFolderSubFoldersAndFiles,UsualConvertedRight,VOLDATAG,5a12d01690ba7c7217cf5527
95,/ECHANGES/BOLLOREMEDIA/DRH-MEDIAS,"Read,ReadAndExecute,Synchronize,Write,Delete,CreateFiles,CreateDirectories,Modify,ListDirectory",1-BM-DRH,ThisFolderSubFoldersAndFiles,UsualConvertedRight,VOLDATAG,5a12d01690ba7c7217cf5529
96,/ECHANGES/BOLLOREMEDIA/DSI-MEDIAS,"Read,ReadAndExecute,Synchronize,Write,Delete,CreateFiles,CreateDirectories,Modify,ListDirectory",1-BM-DSI,ThisFolderSubFoldersAndFiles,UsualConvertedRight,VOLDATAG,5a12d01690ba7c7217cf552b
97,/ECHANGES/BOLLOREMEDIA/CANAL-PLUS-MEDIAS,"Read,ReadAndExecute,Synchronize,Write,Delete,CreateFiles,CreateDirectories,Modify,ListDirectory",1-BM-CANAL-PLUS,ThisFolderSubFoldersAndFiles,UsualConvertedRight,VOLDATAG,5a12d01690ba7c7217cf552d
98,/ECHANGES/BOLLOREMEDIA/DIRECTION-MEDIAS,"Read,ReadAndExecute,Synchronize,Write,Delete,CreateFiles,CreateDirectories,Modify,ListDirectory",1-BM-DIRECTION,ThisFolderSubFoldersAndFiles,UsualConvertedRight,VOLDATAG,5a12d01690ba7c7217cf552f
99,/ECHANGES/BOLLOREMEDIAREGIE/PLANNING PRESSE,"Read,ReadAndExecute,Synchronize,ListDirectory",BI-PLANNINGPRESSEREGIEPUB,ThisFolderSubFoldersAndFiles,UsualConvertedRight,VOLDATAG,5a12d01690ba7c7217cf5531
100,/ECHANGES/BOLLOREMEDIAREGIE/PLANNING PRESSE,"Read,ReadAndExecute,Synchronize,Write,Delete,CreateFiles,CreateDirectories,Modify,ListDirectory",BI-PLANNINGPRESSE,ThisFolderSubFoldersAndFiles,UsualConvertedRight,VOLDATAG,5a12d01690ba7c7217cf5533
101,/ECHANGES/BOLLOREMEDIAREGIE/MARKETING ET ETUDES_OLD,,BMR-MARKETUDES,ThisFolderSubFoldersAndFiles,UsualConvertedRight,VOLDATAG,5a12d01690ba7c7217cf5535
102,/ECHANGES/BOLLOREMEDIAREGIE/MARKETING ET ETUDES_OLD,,BMR-MARKETUDESLECT,ThisFolderSubFoldersAndFiles,UsualConvertedRight,VOLDATAG,5a12d01690ba7c7217cf5537
103,/ECHANGES/CGES/04_Analyses et études diverses/042_Analyses par Divisions & entités/56_FMS,"Read,ReadAndExecute,Synchronize,Write,Delete,CreateFiles,CreateDirectories,Modify,ListDirectory,ReadPermissions,ChangePermissions",CGES_DIVISIONS_FMS,ThisFolderSubFoldersAndFiles,UsualConvertedRight,VOLDATAG,5a12d01690ba7c7217cf5539
104,/ECHANGES/CGES/04_Analyses et études diverses/042_Analyses par Divisions & entités/58_NAOC,"Read,ReadAndExecute,Synchronize,Write,Delete,CreateFiles,CreateDirectories,Modify,ListDirectory",CGES_DIVISIONS_NAOC,ThisFolderSubFoldersAndFiles,UsualConvertedRight,VOLDATAG,5a12d01690ba7c7217cf553b
105,/ECHANGES/COMPTA/CRISTAL Projet Comptable_OLD,,COMPTA_USERS,ThisFolderSubFoldersAndFiles,UsualConvertedRight,VOLDATAG,5a12d01690ba7c7217cf553d
106,/ECHANGES/COMPTA/CRISTAL Projet Comptable_OLD,,CRISTAL_PROJET_COMPTABLE,ThisFolderSubFoldersAndFiles,UsualConvertedRight,VOLDATAG,5a12d01690ba7c7217cf553f
107,/ECHANGES/COMPTA/CRISTAL Projet Comptable_OLD/PARAMETRES_IRIS_FINANCE/Paramètres pour administrateurs (dossier sécurisé),"Read,ReadAndExecute,Synchronize,Write,Delete,CreateFiles,CreateDirectories,Modify,ListDirectory",COMPTA-PARADM,ThisFolderSubFoldersAndFiles,UsualConvertedRight,VOLDATAG,5a12d01690ba7c7217cf5541
108,/ECHANGES/DIRECTMATIN/AAACTU_TV_DIRECTSOIR,"Read,ReadAndExecute,Synchronize,Write,Delete,CreateFiles,CreateDirectories,Modify,ListDirectory",DM-AAACTU_TV_DIRECTSOIR,ThisFolderSubFoldersAndFiles,UsualConvertedRight,VOLDATAG,5a12d01690ba7c7217cf5543
109,/ECHANGES/DIRGENE/Filemaker,"Read,ReadAndExecute,Synchronize,Write,Delete,CreateFiles,CreateDirectories,Modify,ListDirectory",EDNS,ThisFolderSubFoldersAndFiles,UsualConvertedRight,VOLDATAG,5a12d01690ba7c7217cf5545
110,/ECHANGES/DIRGENE/Filemaker,"Read,ReadAndExecute,Synchronize,Write,Delete,CreateFiles,CreateDirectories,Modify,ListDirectory",FFDN,ThisFolderSubFoldersAndFiles,UsualConvertedRight,VOLDATAG,5a12d01690ba7c7217cf5547
111,/ECHANGES/DISTRIB-PRESSE/MEDIAPILOT,"Read,ReadAndExecute,Synchronize,Write,Delete,CreateFiles,CreateDirectories,Modify,ListDirectory",DP-MEDIAPILOT,ThisFolderSubFoldersAndFiles,UsualConvertedRight,VOLDATAG,5a12d01690ba7c7217cf5549
112,/ECHANGES/DISTRIB-PRESSE/Archives jusqu'à 2014/RESEAU-DEPOT,"Read,ReadAndExecute,Synchronize,Write,Delete,CreateFiles,CreateDirectories,Modify,ListDirectory,ReadPermissions,ChangePermissions",DP-RESEAU-DEPOT,ThisFolderSubFoldersAndFiles,UsualConvertedRight,VOLDATAG,5a12d01690ba7c7217cf554b
113,/ECHANGES/DRH Groupe/Administration RH,"Read,ReadAndExecute,Synchronize,Write,Delete,CreateFiles,CreateDirectories,Modify,ListDirectory",DRHGRPADMIN,ThisFolderSubFoldersAndFiles,UsualConvertedRight,VOLDATAG,5a12d01690ba7c7217cf554d
114,/ECHANGES/DRH Groupe/Service CK,"Read,ReadAndExecute,Synchronize,Write,Delete,CreateFiles,CreateDirectories,Modify,ListDirectory",CKAL,ThisFolderSubFoldersAndFiles,UsualConvertedRight,VOLDATAG,5a12d01690ba7c7217cf554f
115,/ECHANGES/DRH Groupe/Service CK,"Read,ReadAndExecute,Synchronize,Write,Delete,CreateFiles,CreateDirectories,Modify,ListDirectory",CBCI,ThisFolderSubFoldersAndFiles,UsualConvertedRight,VOLDATAG,5a12d01690ba7c7217cf5551
116,/ECHANGES/DRH Groupe/Dossier Confidentiel,"Read,ReadAndExecute,Synchronize,Write,Delete,CreateFiles,CreateDirectories,Modify,ListDirectory",CKAL,ThisFolderSubFoldersAndFiles,UsualConvertedRight,VOLDATAG,5a12d01690ba7c7217cf5553
117,/ECHANGES/DRH Groupe/Dossier Confidentiel,"Read,ReadAndExecute,Synchronize,Write,Delete,CreateFiles,CreateDirectories,Modify,ListDirectory",PYBD,ThisFolderSubFoldersAndFiles,UsualConvertedRight,VOLDATAG,5a12d01690ba7c7217cf5555
118,/ECHANGES/DRH Groupe/Service CK/03_SIRH/HR Access/Documentation Hraccess/Procédures Collecte_IFC_NRE/Actuariat,"Read,ReadAndExecute,Synchronize,Write,Delete,CreateFiles,CreateDirectories,Modify,ListDirectory",DRHGRP-ACTUARIAT,ThisFolderSubFoldersAndFiles,UsualConvertedRight,VOLDATAG,5a12d01690ba7c7217cf5557
119,/ECHANGES/DRH Groupe/Service CK/01_Gestion Dev RH/Epargne Salariale,"Read,ReadAndExecute,Synchronize,Write,Delete,CreateFiles,CreateDirectories,Modify,ListDirectory",DRHGRP-EPARGNESALA,ThisFolderSubFoldersAndFiles,UsualConvertedRight,VOLDATAG,5a12d01690ba7c7217cf5559
120,/ECHANGES/DRH Groupe/Service CK/01_Gestion Dev RH/Procédures RH,"Read,ReadAndExecute,Synchronize,Write,Delete,CreateFiles,CreateDirectories,Modify,ListDirectory",DRHGRP-PROCEDURE,ThisFolderSubFoldersAndFiles,UsualConvertedRight,VOLDATAG,5a12d01690ba7c7217cf555b
121,/ECHANGES/DRH Groupe/Service CK/02_Protection Sociale,"Read,ReadAndExecute,Synchronize,Write,Delete,CreateFiles,CreateDirectories,Modify,ListDirectory",DRHGRP-PRTECTSOC,ThisFolderSubFoldersAndFiles,UsualConvertedRight,VOLDATAG,5a12d01690ba7c7217cf555d
122,/ECHANGES/DRH Groupe/Service CK/01_Gestion Dev RH/Reporting social,"Read,ReadAndExecute,Synchronize,Write,Delete,CreateFiles,CreateDirectories,Modify,ListDirectory",DRHGRP-REPORTSOCIAL,ThisFolderSubFoldersAndFiles,UsualConvertedRight,VOLDATAG,5a12d01690ba7c7217cf555f
123,/ECHANGES/DRH Groupe/Service CK/01_Gestion Dev RH/Prestations retraites - Contrat IFC,"Read,ReadAndExecute,Synchronize,Write,Delete,CreateFiles,CreateDirectories,Modify,ListDirectory",DRHGRP-ASSUAXASFDM,ThisFolderSubFoldersAndFiles,UsualConvertedRight,VOLDATAG,5a12d01690ba7c7217cf5561
124,/ECHANGES/DRH Groupe/Service CK/01_Gestion Dev RH/Rémunérations,"Read,ReadAndExecute,Synchronize,Write,Delete,CreateFiles,CreateDirectories,Modify,ListDirectory",DRHGRP-REMUNERATIONS,ThisFolderSubFoldersAndFiles,UsualConvertedRight,VOLDATAG,5a12d01690ba7c7217cf5563
125,/ECHANGES/DRH Groupe/Service CK/Secrétariat CK,"Read,ReadAndExecute,Synchronize,Write,Delete,CreateFiles,CreateDirectories,Modify,ListDirectory",DRHGRP-SECRETCK,ThisFolderSubFoldersAndFiles,UsualConvertedRight,VOLDATAG,5a12d01690ba7c7217cf5565
126,/ECHANGES/DRH Groupe/Service CK/03_SIRH,"Read,ReadAndExecute,Synchronize,Write,Delete,CreateFiles,CreateDirectories,Modify,ListDirectory",DRHGRP-SIRH,ThisFolderSubFoldersAndFiles,UsualConvertedRight,VOLDATAG,5a12d01690ba7c7217cf5567
127,/ECHANGES/DRH Groupe/Service CK/01_Gestion Dev RH/Développement RH,"Read,ReadAndExecute,Synchronize,Write,Delete,CreateFiles,CreateDirectories,Modify,ListDirectory",DRHGRP-EPARGNESALA,ThisFolderSubFoldersAndFiles,UsualConvertedRight,VOLDATAG,5a12d01690ba7c7217cf5569
128,/ECHANGES/DRH Groupe/Service CK/01_Gestion Dev RH/Développement RH/06_CONFERENCE,"Read,ReadAndExecute,Synchronize,Write,Delete,CreateFiles,CreateDirectories,Modify,ListDirectory,ReadPermissions,ChangePermissions",DRHGRP-CK-PHILOMANIA,ThisFolderSubFoldersAndFiles,UsualConvertedRight,VOLDATAG,5a12d01690ba7c7217cf556b
129,/ECHANGES/DRH Groupe/Service CK/01_Gestion Dev RH/Rémunérations/11-Révisions Salariales BOLLORE,"Read,ReadAndExecute,Synchronize,Write,Delete,CreateFiles,CreateDirectories,Modify,ListDirectory",DRHGRP-REV-SALARIALES,ThisFolderSubFoldersAndFiles,UsualConvertedRight,VOLDATAG,5a12d01690ba7c7217cf556d
130,/ECHANGES/DRH Groupe/Service CK/03_SIRH/Archives_GW_SIRH,"Read,ReadAndExecute,Synchronize,Write,Delete,CreateFiles,CreateDirectories,Modify,ListDirectory",SIRHGroupe,ThisFolderSubFoldersAndFiles,UsualConvertedRight,VOLDATAG,5a12d01690ba7c7217cf556f
131,/ECHANGES/DRH Groupe/Service CK/03_SIRH/HRa Suite 7,"Read,ReadAndExecute,Synchronize,Write,Delete,CreateFiles,CreateDirectories,Modify,ListDirectory",DRHGRP-SIRH-HRASUITE7,ThisFolderSubFoldersAndFiles,UsualConvertedRight,VOLDATAG,5a12d01690ba7c7217cf5571
132,/ECHANGES/DRH Groupe/Service JC/Juridique et Protection Sociale,"Read,ReadAndExecute,Synchronize,Write,Delete,CreateFiles,CreateDirectories,Modify,ListDirectory",DRHGRP-JURPROTECSOC,ThisFolderSubFoldersAndFiles,UsualConvertedRight,VOLDATAG,5a12d01690ba7c7217cf5573
133,/ECHANGES/DRH Groupe/Service PYB/DRH Groupe,"Read,ReadAndExecute,Synchronize,Write,Delete,CreateFiles,CreateDirectories,Modify,ListDirectory",DRHGRP-SECRETDRHGRP,ThisFolderSubFoldersAndFiles,UsualConvertedRight,VOLDATAG,5a12d01690ba7c7217cf5575
134,/ECHANGES/DRH Groupe/Service PYB/Secrétariat PYB,"Read,ReadAndExecute,Synchronize,Write,Delete,CreateFiles,CreateDirectories,Modify,ListDirectory",DRHGRP-SECRETPYB,ThisFolderSubFoldersAndFiles,UsualConvertedRight,VOLDATAG,5a12d01690ba7c7217cf5577
135,/ECHANGES/DRH Groupe/Service PYB/DRH Groupe/13. Initiés,"Read,ReadAndExecute,Synchronize,Write,Delete,CreateFiles,CreateDirectories,Modify,ListDirectory",MHRO,ThisFolderSubFoldersAndFiles,UsualConvertedRight,VOLDATAG,5a12d01690ba7c7217cf5579
136,/ECHANGES/DSI/Applis_Bollore,"Read,ReadAndExecute,Synchronize,Write,Delete,CreateFiles,CreateDirectories,Modify,ListDirectory",ATOS,ThisFolderSubFoldersAndFiles,UsualConvertedRight,VOLDATAG,5a12d01690ba7c7217cf557b
137,/ECHANGES/DSI/Applis_Medias,"Read,ReadAndExecute,Synchronize,Write,Delete,CreateFiles,CreateDirectories,Modify,ListDirectory",ATOS,ThisFolderSubFoldersAndFiles,UsualConvertedRight,VOLDATAG,5a12d01690ba7c7217cf557d
138,/ECHANGES/DSI/BASES_CONNAISSANCES,"Read,ReadAndExecute,Synchronize,Write,Delete,CreateFiles,CreateDirectories,Modify,ListDirectory",ATOS,ThisFolderSubFoldersAndFiles,UsualConvertedRight,VOLDATAG,5a12d01690ba7c7217cf557f
139,/ECHANGES/DSI/DOCUMENTATION,"Read,ReadAndExecute,Synchronize,Write,Delete,CreateFiles,CreateDirectories,Modify,ListDirectory",ATOS,ThisFolderSubFoldersAndFiles,UsualConvertedRight,VOLDATAG,5a12d01690ba7c7217cf5581
140,/ECHANGES/DSI/EXPLOITATION,"Read,ReadAndExecute,Synchronize,Write,Delete,CreateFiles,CreateDirectories,Modify,ListDirectory",ATOS,ThisFolderSubFoldersAndFiles,UsualConvertedRight,VOLDATAG,5a12d01690ba7c7217cf5583
141,/ECHANGES/DSI/GESTION DOCS PRODUCTION,"Read,ReadAndExecute,Synchronize,Write,Delete,CreateFiles,CreateDirectories,Modify,ListDirectory",ATOS,ThisFolderSubFoldersAndFiles,UsualConvertedRight,VOLDATAG,5a12d01690ba7c7217cf5585
142,/ECHANGES/DSI/MDP,"Read,ReadAndExecute,Synchronize,ListDirectory",INFOGERANT,ThisFolderSubFoldersAndFiles,UsualConvertedRight,VOLDATAG,5a12d01690ba7c7217cf5587
143,/ECHANGES/DSI/MDP,"Read,ReadAndExecute,Synchronize,ListDirectory",ATOS,ThisFolderSubFoldersAndFiles,UsualConvertedRight,VOLDATAG,5a12d01690ba7c7217cf5589
144,/ECHANGES/DSI/MDP,"Read,ReadAndExecute,Synchronize,Write,Delete,CreateFiles,CreateDirectories,Modify,ListDirectory",ATOS_DROIT_SUP,ThisFolderSubFoldersAndFiles,UsualConvertedRight,VOLDATAG,5a12d01690ba7c7217cf558b
145,/ECHANGES/DSI/OUTILS,"Read,ReadAndExecute,Synchronize,Write,Delete,CreateFiles,CreateDirectories,Modify,ListDirectory",ATOS,ThisFolderSubFoldersAndFiles,UsualConvertedRight,VOLDATAG,5a12d01690ba7c7217cf558d
146,/ECHANGES/DSI/ASSISTANAT/PHRVBI,"Read,ReadAndExecute,Synchronize,Write,Delete,CreateFiles,CreateDirectories,Modify,ListDirectory",PHRVBI,ThisFolderSubFoldersAndFiles,UsualConvertedRight,VOLDATAG,5a12d01690ba7c7217cf558f
147,/ECHANGES/DSI/ATOS,"Read,ReadAndExecute,Synchronize,Write,Delete,CreateFiles,CreateDirectories,Modify,ListDirectory",ATOS,ThisFolderSubFoldersAndFiles,UsualConvertedRight,VOLDATAG,5a12d01690ba7c7217cf5591
148,/ECHANGES/DSI/Applis_Bollore/ENABLON_DD,"Read,ReadAndExecute,Synchronize,Write,Delete,CreateFiles,CreateDirectories,Modify,ListDirectory",DSI-ENABLONDD,ThisFolderSubFoldersAndFiles,UsualConvertedRight,VOLDATAG,5a12d01690ba7c7217cf5593
149,/ECHANGES/DSI/Applis_Bollore/Insighter,"Read,ReadAndExecute,Synchronize,Write,Delete,CreateFiles,CreateDirectories,Modify,ListDirectory",ZSTA,ThisFolderSubFoldersAndFiles,UsualConvertedRight,VOLDATAG,5a12d01690ba7c7217cf5595
150,/ECHANGES/DSI/Applis_Bollore/ENABLON_DD/Analyses et Rapports,"Read,ReadAndExecute,Synchronize,Write,Delete,CreateFiles,CreateDirectories,Modify,ListDirectory",STDIRGE2,ThisFolderSubFoldersAndFiles,UsualConvertedRight,VOLDATAG,5a12d01690ba7c7217cf5597
151,/ECHANGES/DSI/GESTION DOCS PRODUCTION/documents actifs/RESEAU-SECURITE,"Read,ReadAndExecute,Synchronize,ListDirectory",RKNY,ThisFolderSubFoldersAndFiles,UsualConvertedRight,VOLDATAG,5a12d01690ba7c7217cf5599
152,/ECHANGES/DSI/PROJETS/Covoiturage_OLD,,COVOITURAGE,ThisFolderSubFoldersAndFiles,UsualConvertedRight,VOLDATAG,5a12d01690ba7c7217cf559b
153,/ECHANGES/DSI/PROJETS/ENABLON_DD,"Read,ReadAndExecute,Synchronize,Write,Delete,CreateFiles,CreateDirectories,Modify,ListDirectory",CMBL,ThisFolderSubFoldersAndFiles,UsualConvertedRight,VOLDATAG,5a12d01690ba7c7217cf559d
154,/ECHANGES/DSI/PROJETS/ENABLON_DD,"Read,ReadAndExecute,Synchronize,Write,Delete,CreateFiles,CreateDirectories,Modify,ListDirectory",JMCR,ThisFolderSubFoldersAndFiles,UsualConvertedRight,VOLDATAG,5a12d01690ba7c7217cf559f
155,/ECHANGES/DSI/PROJETS/ENABLON_DD,"Read,ReadAndExecute,Synchronize,Write,Delete,CreateFiles,CreateDirectories,Modify,ListDirectory",STDIRGE2,ThisFolderSubFoldersAndFiles,UsualConvertedRight,VOLDATAG,5a12d01690ba7c7217cf55a1
156,/ECHANGES/DSI/PROJETS/ENABLON_DD,"Read,ReadAndExecute,Synchronize,Write,Delete,CreateFiles,CreateDirectories,Modify,ListDirectory",LCTY,ThisFolderSubFoldersAndFiles,UsualConvertedRight,VOLDATAG,5a12d01690ba7c7217cf55a3
157,/ECHANGES/DSI/PROJETS/ENABLON_DD,"Read,ReadAndExecute,Synchronize,Write,Delete,CreateFiles,CreateDirectories,Modify,ListDirectory",CLCD,ThisFolderSubFoldersAndFiles,UsualConvertedRight,VOLDATAG,5a12d01690ba7c7217cf55a5
158,/ECHANGES/DSI/PROJETS/ENABLON_DD,"Read,ReadAndExecute,Synchronize,Write,Delete,CreateFiles,CreateDirectories,Modify,ListDirectory",LLBU,ThisFolderSubFoldersAndFiles,UsualConvertedRight,VOLDATAG,5a12d01690ba7c7217cf55a7
159,/ECHANGES/DSI/PROJETS/IMMO_12052015,,DSI-IMMO,ThisFolderSubFoldersAndFiles,UsualConvertedRight,VOLDATAG,5a12d01690ba7c7217cf55a9
160,/ECHANGES/DSI/PROJETS/Medical,"Read,ReadAndExecute,Synchronize,Write,Delete,CreateFiles,CreateDirectories,Modify,ListDirectory",DSI-MEDICAL,ThisFolderSubFoldersAndFiles,UsualConvertedRight,VOLDATAG,5a12d01690ba7c7217cf55ab
161,/ECHANGES/DSI/PROJETS/Stars,"Read,ReadAndExecute,Synchronize,Write,Delete,CreateFiles,CreateDirectories,Modify,ListDirectory",FBDI,ThisFolderSubFoldersAndFiles,UsualConvertedRight,VOLDATAG,5a12d01690ba7c7217cf55ad
162,/ECHANGES/DSI/Applis_Medias/Régie/EDI/EDI FACT,"Read,ReadAndExecute,Synchronize,Write,Delete,CreateFiles,CreateDirectories,Modify,ListDirectory",MPTR,ThisFolderSubFoldersAndFiles,UsualConvertedRight,VOLDATAG,5a12d01690ba7c7217cf55af
163,/ECHANGES/DSI/Applis_Medias/Régie/EDI/EDI FACT,"Read,ReadAndExecute,Synchronize,Write,Delete,CreateFiles,CreateDirectories,Modify,ListDirectory",VRAD,ThisFolderSubFoldersAndFiles,UsualConvertedRight,VOLDATAG,5a12d01690ba7c7217cf55b1
164,/ECHANGES/DSI/PROJETS/EQUITRAC-MFP-RICOH,"Read,ReadAndExecute,Synchronize,Write,Delete,CreateFiles,CreateDirectories,Modify,ListDirectory,ReadPermissions,ChangePermissions",EQUITRAC-MFP-RICOH,ThisFolderSubFoldersAndFiles,UsualConvertedRight,VOLDATAG,5a12d01690ba7c7217cf55b3
165,/ECHANGES/DSI/PROJETS/PROJETS MEDIAS,"Read,ReadAndExecute,Synchronize,Write,Delete,CreateFiles,CreateDirectories,Modify,ListDirectory",BM-PROJETS-MEDIAS,ThisFolderSubFoldersAndFiles,UsualConvertedRight,VOLDATAG,5a12d01690ba7c7217cf55b5
166,/ECHANGES/DSI/PROJETS/PROJETS MEDIAS,"Read,ReadAndExecute,Synchronize,Write,Delete,CreateFiles,CreateDirectories,Modify,ListDirectory,ReadPermissions,ChangePermissions",MPTR,ThisFolderSubFoldersAndFiles,UsualConvertedRight,VOLDATAG,5a12d01690ba7c7217cf55b7
167,/ECHANGES/DSI/PROJETS/ServeursFTP,"Read,ReadAndExecute,Synchronize,Write,Delete,CreateFiles,CreateDirectories,Modify,ListDirectory",GALT,ThisFolderSubFoldersAndFiles,UsualConvertedRight,VOLDATAG,5a12d01690ba7c7217cf55b9
168,/ECHANGES/DSI/PROJETS/ServeursFTP,"Read,ReadAndExecute,Synchronize,Write,Delete,CreateFiles,CreateDirectories,Modify,ListDirectory",GVCT,ThisFolderSubFoldersAndFiles,UsualConvertedRight,VOLDATAG,5a12d01690ba7c7217cf55bb
169,/ECHANGES/DSI/PROJETS/OPTIM'IS DATAFINANCE,"Read,ReadAndExecute,Synchronize,Write,Delete,CreateFiles,CreateDirectories,Modify,ListDirectory,ReadPermissions,ChangePermissions",OPTIM'IS DATAFINANCE,ThisFolderSubFoldersAndFiles,UsualConvertedRight,VOLDATAG,5a12d01690ba7c7217cf55bd
170,/ECHANGES/FILMS/Business Objects Documents,"Read,ReadAndExecute,Synchronize,Write,Delete,CreateFiles,CreateDirectories,Modify,ListDirectory",MGRY,ThisFolderSubFoldersAndFiles,UsualConvertedRight,VOLDATAG,5a12d01690ba7c7217cf55bf
171,/ECHANGES/FILMS/BLUEBUS,"Read,ReadAndExecute,Synchronize,Write,Delete,CreateFiles,CreateDirectories,Modify,ListDirectory",FILM-MCV,ThisFolderSubFoldersAndFiles,UsualConvertedRight,VOLDATAG,5a12d01690ba7c7217cf55c1
172,/ECHANGES/FILMS/COMMUN FILMS PLASTIQUES,"Read,ReadAndExecute,Synchronize,Write,Delete,CreateFiles,CreateDirectories,Modify,ListDirectory",FILM-PLASTIQUE,ThisFolderSubFoldersAndFiles,UsualConvertedRight,VOLDATAG,5a12d01690ba7c7217cf55c3
173,/ECHANGES/FILMS/SCNT,"Read,ReadAndExecute,Synchronize,Write,Delete,CreateFiles,CreateDirectories,Modify,ListDirectory,ReadPermissions,ChangePermissions",SCNT,ThisFolderSubFoldersAndFiles,UsualConvertedRight,VOLDATAG,5a12d01690ba7c7217cf55c5
174,/ECHANGES/IMMOBILIER/IMMOBILIER-TITRES,"Read,ReadAndExecute,Synchronize,Write,Delete,CreateFiles,CreateDirectories,Modify,ListDirectory",IMMOBILIER-TITRES,ThisFolderSubFoldersAndFiles,UsualConvertedRight,VOLDATAG,5a12d01690ba7c7217cf55c7
175,/ECHANGES/JUR_FIS_IND/BIBLIO.JUR,"Read,ReadAndExecute,Synchronize,Write,Delete,CreateFiles,CreateDirectories,Modify,ListDirectory",JUR_FIS_IND-BIBLIO,ThisFolderSubFoldersAndFiles,UsualConvertedRight,VOLDATAG,5a12d01690ba7c7217cf55c9
176,/ECHANGES/JUR_FIS_IND/CAI,"Read,ReadAndExecute,Synchronize,Write,Delete,CreateFiles,CreateDirectories,Modify,ListDirectory",JUR_FIS_IND-CAI,ThisFolderSubFoldersAndFiles,UsualConvertedRight,VOLDATAG,5a12d01690ba7c7217cf55cb
177,/ECHANGES/JUR_FIS_IND/CAI,"Read,ReadAndExecute,Synchronize,ListDirectory",JURI01,ThisFolderSubFoldersAndFiles,UsualConvertedRight,VOLDATAG,5a12d01690ba7c7217cf55cd
178,/ECHANGES/JUR_FIS_IND/FISCAL,"Read,ReadAndExecute,Synchronize,Write,Delete,CreateFiles,CreateDirectories,Modify,ListDirectory",FISCAL,ThisFolderSubFoldersAndFiles,UsualConvertedRight,VOLDATAG,5a12d01690ba7c7217cf55cf
179,/ECHANGES/JUR_FIS_IND/OOST,"Read,ReadAndExecute,Synchronize,Write,Delete,CreateFiles,CreateDirectories,Modify,ListDirectory",JUR_FIS_IND-JLECOCQ,ThisFolderSubFoldersAndFiles,UsualConvertedRight,VOLDATAG,5a12d01690ba7c7217cf55d1
180,/ECHANGES/JUR_FIS_IND/THB,"Read,ReadAndExecute,Synchronize,Write,Delete,CreateFiles,CreateDirectories,Modify,ListDirectory",ZSTA,ThisFolderSubFoldersAndFiles,UsualConvertedRight,VOLDATAG,5a12d01690ba7c7217cf55d3
181,/ECHANGES/JUR_FIS_IND/BIBLIO.JUR/SOCIETES/Division Medias,"Read,ReadAndExecute,Synchronize,Write,Delete,CreateFiles,CreateDirectories,Modify,ListDirectory",MEDIA-CSA,ThisFolderSubFoldersAndFiles,UsualConvertedRight,VOLDATAG,5a12d01690ba7c7217cf55d5
182,/ECHANGES/JUR_FIS_IND/BIBLIO.JUR/SOCIETES/Groupe CSA,"Read,ReadAndExecute,Synchronize,Write,Delete,CreateFiles,CreateDirectories,Modify,ListDirectory",MEDIA-CSA,ThisFolderSubFoldersAndFiles,UsualConvertedRight,VOLDATAG,5a12d01690ba7c7217cf55d7
183,/ECHANGES/JUR_FIS_IND/DOC_OLD/DOSSIERS HAMMOU,,MHMU,ThisFolderSubFoldersAndFiles,UsualConvertedRight,VOLDATAG,5a12d01690ba7c7217cf55d9
184,/ECHANGES/JUR_FIS_IND/BIBLIO.JUR/SOCIETES/Blue Applications/Blue France/Bluecarsharing(exIER SYSTEMS),"Read,ReadAndExecute,Synchronize,Write,Delete,CreateFiles,CreateDirectories,Modify,ListDirectory",NLRE,ThisFolderSubFoldersAndFiles,UsualConvertedRight,VOLDATAG,5a12d01690ba7c7217cf55db
185,/ECHANGES/JUR_FIS_IND/FISCAL/a - TP/PRIX DE TRANSFERT avat 2013,"Read,ReadAndExecute,Synchronize,Write,Delete,CreateFiles,CreateDirectories,Modify,ListDirectory",JUR_FIS_TRANSFERT,ThisFolderSubFoldersAndFiles,UsualConvertedRight,VOLDATAG,5a12d01690ba7c7217cf55dd
186,/ECHANGES/JUR_FIS_IND/FISCAL/SECRETARIAT/PAJOT,"Read,ReadAndExecute,Synchronize,Write,Delete,CreateFiles,CreateDirectories,Modify,ListDirectory",JUR_FIS_IND_PAJOT,ThisFolderSubFoldersAndFiles,UsualConvertedRight,VOLDATAG,5a12d01690ba7c7217cf55df
187,/ECHANGES/JUR_FIS_IND/FISCAL/SECRETARIAT/PAJOT,,FISCAL,ThisFolderSubFoldersAndFiles,UsualConvertedRight,VOLDATAG,5a12d01690ba7c7217cf55e1
188,/ECHANGES/JUR_FIS_IND/FISCAL/SECRETARIAT/PAJOT,,JUR_FIS_IND,ThisFolderSubFoldersAndFiles,UsualConvertedRight,VOLDATAG,5a12d01690ba7c7217cf55e3
189,/ECHANGES/JUR_FIS_IND/Propriété Industrielle/PC_MGRD,"Read,ReadAndExecute,Synchronize,Write,Delete,CreateFiles,CreateDirectories,Modify,ListDirectory",PC_MGRD_USERS,ThisFolderSubFoldersAndFiles,UsualConvertedRight,VOLDATAG,5a12d01690ba7c7217cf55e5
190,/ECHANGES/NETTING/Treso Devises,"Read,ReadAndExecute,Synchronize,Write,Delete,CreateFiles,CreateDirectories,Modify,ListDirectory",FLDN,ThisFolderSubFoldersAndFiles,UsualConvertedRight,VOLDATAG,5a12d01690ba7c7217cf55e7
191,/ECHANGES/BOLLOREMEDIA/CANAL-PLUS-MEDIAS/EnCours/ARCHIVE_PATRIMONIALE_D8-DS,"Read,ReadAndExecute,Synchronize,Write,Delete,CreateFiles,CreateDirectories,Modify,ListDirectory",CHANTIER1,ThisFolderSubFoldersAndFiles,UsualConvertedRight,VOLDATAG,5a12d01690ba7c7217cf55e9
192,/ECHANGES/BOLLOREMEDIA/CANAL-PLUS-MEDIAS/EnCours/INFRASTRUCTURE_DSI,"Read,ReadAndExecute,Synchronize,Write,Delete,CreateFiles,CreateDirectories,Modify,ListDirectory",CHANTIER8,ThisFolderSubFoldersAndFiles,UsualConvertedRight,VOLDATAG,5a12d01690ba7c7217cf55eb
193,/ECHANGES/BOLLOREMEDIA/CANAL-PLUS-MEDIAS/EnCours/SI_EDITION_ANTENNE,"Read,ReadAndExecute,Synchronize,Write,Delete,CreateFiles,CreateDirectories,Modify,ListDirectory",CHANTIER16,ThisFolderSubFoldersAndFiles,UsualConvertedRight,VOLDATAG,5a12d01690ba7c7217cf55ed
194,/ECHANGES/BOLLOREMEDIA/CANAL-PLUS-MEDIAS/Envoi/INFRASTRUCTURE_DSI,"Read,ReadAndExecute,Synchronize,Write,Delete,CreateFiles,CreateDirectories,Modify,ListDirectory",CHANTIER8,ThisFolderSubFoldersAndFiles,UsualConvertedRight,VOLDATAG,5a12d01690ba7c7217cf55ef
195,/ECHANGES/BOLLOREMEDIA/CANAL-PLUS-MEDIAS/Envoi/SI_EDITION_ANTENNE,"Read,ReadAndExecute,Synchronize,Write,Delete,CreateFiles,CreateDirectories,Modify,ListDirectory",CHANTIER16,ThisFolderSubFoldersAndFiles,UsualConvertedRight,VOLDATAG,5a12d01690ba7c7217cf55f1
196,/ECHANGES/BOLLOREMEDIA/CANAL-PLUS-MEDIAS/Reception/INFRASTRUCTURE_DSI,"Read,ReadAndExecute,Synchronize,Write,Delete,CreateFiles,CreateDirectories,Modify,ListDirectory",CHANTIER8,ThisFolderSubFoldersAndFiles,UsualConvertedRight,VOLDATAG,5a12d01690ba7c7217cf55f3
197,/ECHANGES/BOLLOREMEDIA/CANAL-PLUS-MEDIAS/Reception/SI_EDITION_ANTENNE,"Read,ReadAndExecute,Synchronize,Write,Delete,CreateFiles,CreateDirectories,Modify,ListDirectory",CHANTIER16,ThisFolderSubFoldersAndFiles,UsualConvertedRight,VOLDATAG,5a12d01690ba7c7217cf55f5
198,/ECHANGES/UNICAF/MS,"Read,ReadAndExecute,Synchronize,Write,Delete,CreateFiles,CreateDirectories,Modify,ListDirectory",UNICAF-MS,ThisFolderSubFoldersAndFiles,UsualConvertedRight,VOLDATAG,5a12d01690ba7c7217cf55f7
199,/PUBLIC/WORD,"Read,ReadAndExecute,Synchronize,Write,Delete,CreateFiles,CreateDirectories,Modify,ListDirectory",OMCL,ThisFolderSubFoldersAndFiles,UsualConvertedRight,VOLDATAG,5a12d01690ba7c7217cf55f9
200,/ECHANGES/BOLLOREMEDIA/DSI-MEDIAS/MED-PROJETS/00-Demenagement,"Read,ReadAndExecute,Synchronize,Write,Delete,CreateFiles,CreateDirectories,Modify,ListDirectory",DSI-DEMENAGEMENT,ThisFolderSubFoldersAndFiles,UsualConvertedRight,VOLDATAG,5a12d01690ba7c7217cf55fb
201,/ECHANGES/BOLLOREMEDIA/DSI-MEDIAS/MED-ATOS,"Read,ReadAndExecute,Synchronize,Write,Delete,CreateFiles,CreateDirectories,Modify,ListDirectory,ReadPermissions,ChangePermissions",MED-ATOS,ThisFolderSubFoldersAndFiles,UsualConvertedRight,VOLDATAG,5a12d01690ba7c7217cf55fd
202,/ECHANGES/BOLLOREMEDIA/DRH-MEDIAS/$A1 DRH/ECHANGES/DIRECT8,"Read,ReadAndExecute,Synchronize,Write,Delete,CreateFiles,CreateDirectories,Modify,ListDirectory",1-BM-DRH,ThisFolderSubFoldersAndFiles,UsualConvertedRight,VOLDATAG,5a12d01690ba7c7217cf55ff
203,/ECHANGES/BOLLOREMEDIA/DRH-MEDIAS/$A1 DRH/ECHANGES/DIRECT8/$A1 DRH,"Read,ReadAndExecute,Synchronize,Write,Delete,CreateFiles,CreateDirectories,Modify,ListDirectory",1-BM-DRH,ThisFolderSubFoldersAndFiles,UsualConvertedRight,VOLDATAG,5a12d01690ba7c7217cf5601
204,/ECHANGES/BOLLOREMEDIA/COMMUNICATION-MEDIAS/A-CLASSER/ELODIE,"Read,ReadAndExecute,Synchronize,Write,Delete,CreateFiles,CreateDirectories,Modify,ListDirectory,ReadPermissions,ChangePermissions",ELRL,ThisFolderSubFoldersAndFiles,UsualConvertedRight,VOLDATAG,5a12d01690ba7c7217cf5603
205,/ECHANGES/COMPTA/Sauvegarde_Hol_Abel,"Read,ReadAndExecute,Synchronize,Write,ListDirectory",HOL-Save-Abel ,ThisFolderSubFoldersAndFiles,UsualConvertedRight,VOLDATAG,5a12d01690ba7c7217cf5605
206,/ECHANGES/COMPTA/136 BLUECAR (ex VEPB),"Read,ReadAndExecute,Synchronize,Write,Delete,CreateFiles,CreateDirectories,Modify,ListDirectory",COMPTA_136,ThisFolderSubFoldersAndFiles,UsualConvertedRight,VOLDATAG,5a12d01690ba7c7217cf5607
207,/ECHANGES/COMPTA/000 Partage,"Read,ReadAndExecute,Synchronize,Write,Delete,CreateFiles,CreateDirectories,Modify,ListDirectory",COMPTA_000-PARTAGE,ThisFolderSubFoldersAndFiles,UsualConvertedRight,VOLDATAG,5a12d01690ba7c7217cf5609
208,/ECHANGES/DSI/ATOS/Administratif,"Read,ReadAndExecute,Synchronize,Write,Delete,CreateFiles,CreateDirectories,Modify,ListDirectory,ReadPermissions,ChangePermissions",ATOS-PTX,ThisFolderSubFoldersAndFiles,UsualConvertedRight,VOLDATAG,5a12d01690ba7c7217cf560b
209,/ECHANGES/BOLLOREMEDIA/COMPTABILITE-MEDIAS/999 APPLICATIONS FINANCE,"Read,ReadAndExecute,Synchronize,Write,Delete,CreateFiles,CreateDirectories,Modify,ListDirectory",BM-DAF-COMPTA-CRYSTAL,ThisFolderSubFoldersAndFiles,UsualConvertedRight,VOLDATAG,5a12d01690ba7c7217cf560d
210,/ECHANGES/DSI/PROJETS/CHGT_Iseries570_MMA9117_POWER8/TECHNIQUE,"Read,ReadAndExecute,Synchronize,Write,Delete,CreateFiles,CreateDirectories,Modify,ListDirectory",GACL,ThisFolderSubFoldersAndFiles,UsualConvertedRight,VOLDATAG,5a12d01690ba7c7217cf560f
211,/ECHANGES/DSI/GESTION DOCS PRODUCTION/documents actifs/RESEAU-SECURITE/SECURITE/FORMULAIRE_FLUX,"Read,ReadAndExecute,Synchronize,Write,Delete,CreateFiles,CreateDirectories,Modify,ListDirectory",FLRU,ThisFolderSubFoldersAndFiles,UsualConvertedRight,VOLDATAG,5a12d01690ba7c7217cf5611
212,/ECHANGES/BLUE SOLUTIONS DAF_OLD,,FBTU,ThisFolderSubFoldersAndFiles,UsualConvertedRight,VOLDATAG,5a12d01690ba7c7217cf5613
213,/ECHANGES/BLUE SOLUTIONS DAF_OLD,,GAND,ThisFolderSubFoldersAndFiles,UsualConvertedRight,VOLDATAG,5a12d01690ba7c7217cf5615
214,/ECHANGES/BLUE SOLUTIONS DAF_OLD,,BLUE-SOLUTION-DAF,ThisFolderSubFoldersAndFiles,UsualConvertedRight,VOLDATAG,5a12d01690ba7c7217cf5617
215,/ECHANGES/DIRECTMATIN/DIRECT MALIN,"Read,ReadAndExecute,Synchronize,Write,Delete,CreateFiles,CreateDirectories,Modify,ListDirectory",DirectMalin,ThisFolderSubFoldersAndFiles,UsualConvertedRight,VOLDATAG,5a12d01690ba7c7217cf5619
216,/ECHANGES/BOLLOREMEDIAREGIE/COMMERCIAL/CULTURE-LOISIRS_et_OPS,"Read,ReadAndExecute,Synchronize,Write,Delete,CreateFiles,CreateDirectories,Modify,ListDirectory",EDDE,ThisFolderSubFoldersAndFiles,UsualConvertedRight,VOLDATAG,5a12d01690ba7c7217cf561b
217,/ECHANGES/COMPTA/136 BLUECAR (ex VEPB)/Dossier Permanent/MAG,"Read,ReadAndExecute,Synchronize,Write,Delete,CreateFiles,CreateDirectories,Modify,ListDirectory",MGAT,ThisFolderSubFoldersAndFiles,UsualConvertedRight,VOLDATAG,5a12d01690ba7c7217cf561d
218,/ECHANGES/COMPTA/136 BLUECAR (ex VEPB)/Dossier Permanent/SMOG,"Read,ReadAndExecute,Synchronize,Write,Delete,CreateFiles,CreateDirectories,Modify,ListDirectory,ReadPermissions,ChangePermissions",COMPTA-SMOG,ThisFolderSubFoldersAndFiles,UsualConvertedRight,VOLDATAG,5a12d01690ba7c7217cf561f
219,/ECHANGES/BOLLOREMEDIA/CANAL-PLUS-MEDIAS/Suivi Activité,"Read,ReadAndExecute,Synchronize,Write,Delete,CreateFiles,CreateDirectories,Modify,ListDirectory",BGDN,ThisFolderSubFoldersAndFiles,UsualConvertedRight,VOLDATAG,5a12d01690ba7c7217cf5621
220,/ECHANGES/BOLLOREMEDIA/CANAL-PLUS-MEDIAS/Suivi Activité,"Read,ReadAndExecute,Synchronize,Write,Delete,CreateFiles,CreateDirectories,Modify,ListDirectory",FBTU,ThisFolderSubFoldersAndFiles,UsualConvertedRight,VOLDATAG,5a12d01690ba7c7217cf5623
221,/ECHANGES/BOLLOREMEDIA/CANAL-PLUS-MEDIAS/Suivi Activité,"Read,ReadAndExecute,Synchronize,Write,Delete,CreateFiles,CreateDirectories,Modify,ListDirectory",JGAT,ThisFolderSubFoldersAndFiles,UsualConvertedRight,VOLDATAG,5a12d01690ba7c7217cf5625
222,/ECHANGES/BOLLOREMEDIA/CANAL-PLUS-MEDIAS/Suivi Activité,"Read,ReadAndExecute,Synchronize,Write,Delete,CreateFiles,CreateDirectories,Modify,ListDirectory",STAG2BM,ThisFolderSubFoldersAndFiles,UsualConvertedRight,VOLDATAG,5a12d01690ba7c7217cf5627
223,/ECHANGES/BOLLOREMEDIA/CANAL-PLUS-MEDIAS/Suivi Activité,"Read,ReadAndExecute,Synchronize,Write,Delete,CreateFiles,CreateDirectories,Modify,ListDirectory",CHANTIER16,ThisFolderSubFoldersAndFiles,UsualConvertedRight,VOLDATAG,5a12d01690ba7c7217cf5629
224,/ECHANGES/BOLLOREMEDIA/CANAL-PLUS-MEDIAS/Suivi Activité,"Read,ReadAndExecute,Synchronize,Write,Delete,CreateFiles,CreateDirectories,Modify,ListDirectory",CHANTIER8,ThisFolderSubFoldersAndFiles,UsualConvertedRight,VOLDATAG,5a12d01690ba7c7217cf562b
225,/ECHANGES/BOLLOREMEDIA/CANAL-PLUS-MEDIAS/Suivi Interne,"Read,ReadAndExecute,Synchronize,Write,Delete,CreateFiles,CreateDirectories,Modify,ListDirectory",BGDN,ThisFolderSubFoldersAndFiles,UsualConvertedRight,VOLDATAG,5a12d01690ba7c7217cf562d
226,/ECHANGES/BOLLOREMEDIA/CANAL-PLUS-MEDIAS/Suivi Interne,"Read,ReadAndExecute,Synchronize,Write,Delete,CreateFiles,CreateDirectories,Modify,ListDirectory",CHANTIER16,ThisFolderSubFoldersAndFiles,UsualConvertedRight,VOLDATAG,5a12d01690ba7c7217cf562f
227,/ECHANGES/BOLLOREMEDIA/CANAL-PLUS-MEDIAS/Suivi Interne,"Read,ReadAndExecute,Synchronize,Write,Delete,CreateFiles,CreateDirectories,Modify,ListDirectory",CHANTIER8,ThisFolderSubFoldersAndFiles,UsualConvertedRight,VOLDATAG,5a12d01690ba7c7217cf5631
228,/ECHANGES/BOLLOREMEDIA/CANAL-PLUS-MEDIAS/Suivi Interne,"Read,ReadAndExecute,Synchronize,Write,Delete,CreateFiles,CreateDirectories,Modify,ListDirectory",FBTU,ThisFolderSubFoldersAndFiles,UsualConvertedRight,VOLDATAG,5a12d01690ba7c7217cf5633
229,/ECHANGES/BOLLOREMEDIA/CANAL-PLUS-MEDIAS/Suivi Interne,"Read,ReadAndExecute,Synchronize,Write,Delete,CreateFiles,CreateDirectories,Modify,ListDirectory",JGAT,ThisFolderSubFoldersAndFiles,UsualConvertedRight,VOLDATAG,5a12d01690ba7c7217cf5635
230,/ECHANGES/BFR/Hist-2013/BROCHURES 09-2013/ECHANGES/BFR,"Read,ReadAndExecute,Synchronize,Write,Delete,CreateFiles,CreateDirectories,Modify,ListDirectory",BFR,ThisFolderSubFoldersAndFiles,UsualConvertedRight,VOLDATAG,5a12d01690ba7c7217cf5637
231,/ECHANGES/BFR/Hist-2013/ECHANGES/BFR,"Read,ReadAndExecute,Synchronize,Write,Delete,CreateFiles,CreateDirectories,Modify,ListDirectory",BFR,ThisFolderSubFoldersAndFiles,UsualConvertedRight,VOLDATAG,5a12d01690ba7c7217cf5639
232,/ECHANGES/DSI/PROJETS/TW/Ma2s,"Read,ReadAndExecute,Synchronize,Write,Delete,CreateFiles,CreateDirectories,Modify,ListDirectory,ReadPermissions,ChangePermissions",DSI-PROJET-TW-MA2S,ThisFolderSubFoldersAndFiles,UsualConvertedRight,VOLDATAG,5a12d01690ba7c7217cf563b
233,/ECHANGES/JUR_FIS_IND/BIBLIO.JUR/SOCIETES/Groupe CSA/CSTO/Corporate/2014/Sans Objet HorsApprobComptes/ECHANGES/JUR_FIS_IND,"Read,ReadAndExecute,Synchronize,Write,Delete,CreateFiles,CreateDirectories,Modify,ListDirectory",JUR_FIS_IND,ThisFolderSubFoldersAndFiles,UsualConvertedRight,VOLDATAG,5a12d01690ba7c7217cf563d
234,/ECHANGES/JUR_FIS_IND/BIBLIO.JUR/SOCIETES/Groupe CSA/CSTO/Corporate/2014/Sans Objet HorsApprobComptes/ECHANGES/JUR_FIS_IND/BIBLIO.JUR,"Read,ReadAndExecute,Synchronize,Write,Delete,CreateFiles,CreateDirectories,Modify,ListDirectory",JUR_FIS_IND-BIBLIO,ThisFolderSubFoldersAndFiles,UsualConvertedRight,VOLDATAG,5a12d01690ba7c7217cf563f
235,/ECHANGES/DSI/PROJETS/TRESORERIE_PRA/FILR,"Read,ReadAndExecute,Synchronize,Write,Delete,CreateFiles,CreateDirectories,Modify,ListDirectory,ReadPermissions,ChangePermissions",DSI-Tresorerie_PRA-FILR,ThisFolderSubFoldersAndFiles,UsualConvertedRight,VOLDATAG,5a12d01690ba7c7217cf5641
236,/ECHANGES/DSI/PROJETS/Covoiturage,"Read,ReadAndExecute,Synchronize,Write,Delete,CreateFiles,CreateDirectories,Modify,ListDirectory",COVOITURAGE,ThisFolderSubFoldersAndFiles,UsualConvertedRight,VOLDATAG,5a12d01690ba7c7217cf5643
237,/ECHANGES/DSI/PROJETS/MIGISERIES,"Read,ReadAndExecute,Synchronize,Write,Delete,CreateFiles,CreateDirectories,Modify,ListDirectory",DSI-MIGISERIES,ThisFolderSubFoldersAndFiles,UsualConvertedRight,VOLDATAG,5a12d01690ba7c7217cf5645
238,/ECHANGES/DSI/PROJETS/MIGISERIES,"Read,ReadAndExecute,Synchronize,Write,Delete,CreateFiles,CreateDirectories,Modify,ListDirectory",MIGISERIES,ThisFolderSubFoldersAndFiles,UsualConvertedRight,VOLDATAG,5a12d01690ba7c7217cf5647
239,/ECHANGES/DSI/PROJETS/IMMO,"Read,ReadAndExecute,Synchronize,Write,Delete,CreateFiles,CreateDirectories,Modify,ListDirectory",SAEE,ThisFolderSubFoldersAndFiles,UsualConvertedRight,VOLDATAG,5a12d01690ba7c7217cf5649
240,/ECHANGES/DSI/PROJETS/IMMO,"Read,ReadAndExecute,Synchronize,Write,Delete,CreateFiles,CreateDirectories,Modify,ListDirectory",CDTE,ThisFolderSubFoldersAndFiles,UsualConvertedRight,VOLDATAG,5a12d01690ba7c7217cf564b
241,/ECHANGES/DSI/PROJETS/IMMO,"Read,ReadAndExecute,Synchronize,Write,Delete,CreateFiles,CreateDirectories,Modify,ListDirectory",LHJH,ThisFolderSubFoldersAndFiles,UsualConvertedRight,VOLDATAG,5a12d01690ba7c7217cf564d
242,/ECHANGES/COMPTA/CRISTAL Projet Comptable,"Read,ReadAndExecute,Synchronize,Write,Delete,CreateFiles,CreateDirectories,Modify,ListDirectory",COMPTA-CRISTA,ThisFolderSubFoldersAndFiles,UsualConvertedRight,VOLDATAG,5a12d01690ba7c7217cf564f
243,/ECHANGES/JUR_FIS_IND/FISCAL/SOPHIE ELOY/CET/CET 2013/RESTAURATION_07-08-2014/ECHANGES/JUR_FIS_IND,"Read,ReadAndExecute,Synchronize,Write,Delete,CreateFiles,CreateDirectories,Modify,ListDirectory",JUR_FIS_IND,ThisFolderSubFoldersAndFiles,UsualConvertedRight,VOLDATAG,5a12d01690ba7c7217cf5651
244,/ECHANGES/JUR_FIS_IND/FISCAL/SOPHIE ELOY/CET/CET 2013/RESTAURATION_07-08-2014/ECHANGES/JUR_FIS_IND/FISCAL,"Read,ReadAndExecute,Synchronize,Write,Delete,CreateFiles,CreateDirectories,Modify,ListDirectory",FISCAL,ThisFolderSubFoldersAndFiles,UsualConvertedRight,VOLDATAG,5a12d01690ba7c7217cf5653
245,/ECHANGES/JUR_FIS_IND/FISCAL/SOPHIE ELOY/CET/CET 2013/RESTAURATION-12-08-2014/ECHANGES/JUR_FIS_IND,"Read,ReadAndExecute,Synchronize,Write,Delete,CreateFiles,CreateDirectories,Modify,ListDirectory",JUR_FIS_IND,ThisFolderSubFoldersAndFiles,UsualConvertedRight,VOLDATAG,5a12d01690ba7c7217cf5655
246,/ECHANGES/JUR_FIS_IND/FISCAL/SOPHIE ELOY/CET/CET 2013/RESTAURATION-12-08-2014/ECHANGES/JUR_FIS_IND/FISCAL,"Read,ReadAndExecute,Synchronize,Write,Delete,CreateFiles,CreateDirectories,Modify,ListDirectory",FISCAL,ThisFolderSubFoldersAndFiles,UsualConvertedRight,VOLDATAG,5a12d01690ba7c7217cf5657
247,/ECHANGES/VE/Direction Surete,"Read,ReadAndExecute,Synchronize,Write,Delete,CreateFiles,CreateDirectories,Modify,ListDirectory,ReadPermissions,ChangePermissions",VE-SURETE,ThisFolderSubFoldersAndFiles,UsualConvertedRight,VOLDATAG,5a12d01690ba7c7217cf5659
248,/ECHANGES/VE/Direction Surete/NIGER - TOGO - BENIN,"Read,ReadAndExecute,Synchronize,Write,Delete,CreateFiles,CreateDirectories,Modify,ListDirectory",VE-DirSur-NIGER,ThisFolderSubFoldersAndFiles,UsualConvertedRight,VOLDATAG,5a12d01690ba7c7217cf565b
249,/ECHANGES/VE/Direction Surete/NIGER - TOGO - BENIN/4 - Photos,"Read,ReadAndExecute,Synchronize,Write,Delete,CreateFiles,CreateDirectories,Modify,ListDirectory",EXTDBTE,ThisFolderSubFoldersAndFiles,UsualConvertedRight,VOLDATAG,5a12d01690ba7c7217cf565d
250,/ECHANGES/Bernier/CHAVANES,"Read,ReadAndExecute,Synchronize,Write,Delete,CreateFiles,CreateDirectories,Modify,ListDirectory",CHAVANES,ThisFolderSubFoldersAndFiles,UsualConvertedRight,VOLDATAG,5a12d01690ba7c7217cf565f
251,/ECHANGES/Bernier/transfertNFA,"Read,ReadAndExecute,Synchronize,Write,Delete,CreateFiles,CreateDirectories,Modify,ListDirectory",TRANSFERT-NFA,ThisFolderSubFoldersAndFiles,UsualConvertedRight,VOLDATAG,5a12d01690ba7c7217cf5661
252,/ECHANGES/SecGeneral/Grands_Cadres,"Read,ReadAndExecute,Synchronize,Write,Delete,CreateFiles,CreateDirectories,Modify,ListDirectory",GRANDSCADRES,ThisFolderSubFoldersAndFiles,UsualConvertedRight,VOLDATAG,5a12d01690ba7c7217cf5663
253,/ECHANGES/SecGeneral/RSE_OLD,,SecGenRSE,ThisFolderSubFoldersAndFiles,UsualConvertedRight,VOLDATAG,5a12d01690ba7c7217cf5665
254,/ECHANGES/SecGeneral/RSE,"Read,ReadAndExecute,Synchronize,Write,Delete,CreateFiles,CreateDirectories,Modify,ListDirectory",SecGenRSE,ThisFolderSubFoldersAndFiles,UsualConvertedRight,VOLDATAG,5a12d01690ba7c7217cf5667
255,/ECHANGES/SecGeneral/PLANTATIONS,"Read,ReadAndExecute,Synchronize,Write,Delete,CreateFiles,CreateDirectories,Modify,ListDirectory",PLANTATIONS,ThisFolderSubFoldersAndFiles,UsualConvertedRight,VOLDATAG,5a12d01690ba7c7217cf5669
256,/ECHANGES/SecGeneral/Veille juridique RSE,"Read,ReadAndExecute,Synchronize,Write,Delete,CreateFiles,CreateDirectories,Modify,ListDirectory",SecGenVeillejuridique,ThisFolderSubFoldersAndFiles,UsualConvertedRight,VOLDATAG,5a12d01690ba7c7217cf566b
257,/ECHANGES/BFR/Hist-2014/Restau Hist-2014/ECHANGES/BFR,"Read,ReadAndExecute,Synchronize,Write,Delete,CreateFiles,CreateDirectories,Modify,ListDirectory",BFR,ThisFolderSubFoldersAndFiles,UsualConvertedRight,VOLDATAG,5a12d01690ba7c7217cf566d
258,/ECHANGES/BOLLOREMEDIA/JURIDIQUE-MEDIAS,"Read,ReadAndExecute,Synchronize,Write,Delete,CreateFiles,CreateDirectories,Modify,ListDirectory",1-BM-JURIDIQUE,ThisFolderSubFoldersAndFiles,UsualConvertedRight,VOLDATAG,5a12d01690ba7c7217cf566f
259,/ECHANGES/BOLLOREMEDIA/COMPTABILITE-MEDIAS,"Read,ReadAndExecute,Synchronize,Write,Delete,CreateFiles,CreateDirectories,Modify,ListDirectory",1-BM-COMPTABILTE,ThisFolderSubFoldersAndFiles,UsualConvertedRight,VOLDATAG,5a12d01690ba7c7217cf5671
260,/ECHANGES/BOLLOREMEDIA/COMPTABILITE-MEDIAS,"Read,ReadAndExecute,Synchronize,Write,Delete,CreateFiles,CreateDirectories,Modify,ListDirectory,ReadPermissions,ChangePermissions",GALT,ThisFolderSubFoldersAndFiles,UsualConvertedRight,VOLDATAG,5a12d01690ba7c7217cf5673
261,/ECHANGES/BOLLOREMEDIA/ETUDES-MEDIAS,"Read,ReadAndExecute,Synchronize,Write,Delete,CreateFiles,CreateDirectories,Modify,ListDirectory",1-BM-ETUDES,ThisFolderSubFoldersAndFiles,UsualConvertedRight,VOLDATAG,5a12d01690ba7c7217cf5675
262,/ECHANGES/BOLLOREMEDIA/ETUDES-MEDIAS,"Read,ReadAndExecute,Synchronize,Write,Delete,CreateFiles,CreateDirectories,Modify,ListDirectory",L_BOL_PTX_FILR_ETUDES-MEDIAS,ThisFolderSubFoldersAndFiles,UsualConvertedRight,VOLDATAG,5a12d01690ba7c7217cf5677
263,/ECHANGES/BOLLOREMEDIA/CONTROLE-DE-GESTION-MEDIAS,"Read,ReadAndExecute,Synchronize,Write,Delete,CreateFiles,CreateDirectories,Modify,ListDirectory",1-BM-CONTROLE-DE-GESTION,ThisFolderSubFoldersAndFiles,UsualConvertedRight,VOLDATAG,5a12d01690ba7c7217cf5679
264,/ECHANGES/BOLLOREMEDIA/CONTROLE-DE-GESTION-MEDIAS,"Read,ReadAndExecute,Synchronize,Write,Delete,CreateFiles,CreateDirectories,Modify,ListDirectory",L_BOL_PTX_FILR_BOLLOREMEDIA_CDGM,ThisFolderSubFoldersAndFiles,UsualConvertedRight,VOLDATAG,5a12d01690ba7c7217cf567b
265,/ECHANGES/BOLLOREMEDIA/RESTO_DAF-COMPTA,"Read,ReadAndExecute,Synchronize,Write,Delete,CreateFiles,CreateDirectories,Modify,ListDirectory,ReadPermissions,ChangePermissions,FullAccess",GALT,ThisFolderSubFoldersAndFiles,UsualConvertedRight,VOLDATAG,5a12d01690ba7c7217cf567d
266,/ECHANGES/BOLLOREMEDIA/RESTO_DAF-COMPTA,"Read,ReadAndExecute,Synchronize,Write,Delete,CreateFiles,CreateDirectories,Modify,ListDirectory,ReadPermissions,ChangePermissions",JPGY,ThisFolderSubFoldersAndFiles,UsualConvertedRight,VOLDATAG,5a12d01690ba7c7217cf567f
267,/ECHANGES/BOLLOREMEDIA/SHARED_DAF_BMR-MEDIAS,"Read,ReadAndExecute,Synchronize,Write,Delete,CreateFiles,CreateDirectories,Modify,ListDirectory",1-BM-SHARED_DAF_BMR,ThisFolderSubFoldersAndFiles,UsualConvertedRight,VOLDATAG,5a12d01690ba7c7217cf5681
268,/ECHANGES/BOLLOREMEDIA/SHARED_DAF_BMR-MEDIAS,"Read,ReadAndExecute,Synchronize,Write,Delete,CreateFiles,CreateDirectories,Modify,ListDirectory",1-BM-DSI,ThisFolderSubFoldersAndFiles,UsualConvertedRight,VOLDATAG,5a12d01690ba7c7217cf5683
269,/ECHANGES/BOLLOREMEDIA/SHARED_DAF_BMR-MEDIAS,"Read,ReadAndExecute,Synchronize,Write,Delete,CreateFiles,CreateDirectories,Modify,ListDirectory",CRJO,ThisFolderSubFoldersAndFiles,UsualConvertedRight,VOLDATAG,5a12d01690ba7c7217cf5685
270,/ECHANGES/TRESORERIE/flurel14/Restore/ECHANGES/TRESORERIE,"Read,ReadAndExecute,Synchronize,Write,Delete,CreateFiles,CreateDirectories,Modify,ListDirectory",TRESORERIE,ThisFolderSubFoldersAndFiles,UsualConvertedRight,VOLDATAG,5a12d01690ba7c7217cf5687
271,/ECHANGES/BOLLOREMEDIA/CONTROLE-DE-GESTION-MEDIAS/P.LEBLEU,"Read,ReadAndExecute,Synchronize,Write,Delete,CreateFiles,CreateDirectories,Modify,ListDirectory",BM-LEBLEU,ThisFolderSubFoldersAndFiles,UsualConvertedRight,VOLDATAG,5a12d01690ba7c7217cf5689
272,/ECHANGES/NETTING/ECHANGES/NETTING,"Read,ReadAndExecute,Synchronize,Write,Delete,CreateFiles,CreateDirectories,Modify,ListDirectory",NETTING,ThisFolderSubFoldersAndFiles,UsualConvertedRight,VOLDATAG,5a12d01690ba7c7217cf568b
273,/ECHANGES/DIRECTMATIN/A_DIR,"Read,ReadAndExecute,Synchronize,Write,Delete,CreateFiles,CreateDirectories,Modify,ListDirectory",SNDR,ThisFolderSubFoldersAndFiles,UsualConvertedRight,VOLDATAG,5a12d01690ba7c7217cf568d
274,/ECHANGES/Elites/M.R/MICHEL_ROUSSIN,"Read,ReadAndExecute,Synchronize,Write,Delete,CreateFiles,CreateDirectories,Modify,ListDirectory,ReadPermissions,ChangePermissions",SFSD2,ThisFolderSubFoldersAndFiles,UsualConvertedRight,VOLDATAG,5a12d01690ba7c7217cf568f
275,/ECHANGES/Elites/ANGE_MANCINI,"Read,ReadAndExecute,Synchronize,Write,Delete,CreateFiles,CreateDirectories,Modify,ListDirectory",ELITES_ANGE_MANCINI,ThisFolderSubFoldersAndFiles,UsualConvertedRight,VOLDATAG,5a12d01690ba7c7217cf5691
276,/ECHANGES/JUR_FIS_IND/COURRIER/DOC/baillard,"Read,ReadAndExecute,Synchronize,Modify,ListDirectory",IBLD,ThisFolderSubFoldersAndFiles,UsualConvertedRight,VOLDATAG,5a12d01690ba7c7217cf5693
277,/ECHANGES/JUR_FIS_IND/COURRIER/DOC/baillard,"Read,ReadAndExecute,Synchronize,Modify,ListDirectory",JURI01,ThisFolderSubFoldersAndFiles,UsualConvertedRight,VOLDATAG,5a12d01690ba7c7217cf5695
278,/ECHANGES/JUR_FIS_IND/COURRIER/DOC/baillard,"Read,ReadAndExecute,Synchronize,Modify,ListDirectory",JURI02,ThisFolderSubFoldersAndFiles,UsualConvertedRight,VOLDATAG,5a12d01690ba7c7217cf5697
279,/ECHANGES/JUR_FIS_IND/COURRIER/DOC/baillard,"Read,ReadAndExecute,Synchronize,Modify,ListDirectory",MHMU,ThisFolderSubFoldersAndFiles,UsualConvertedRight,VOLDATAG,5a12d01690ba7c7217cf5699
280,/ECHANGES/JUR_FIS_IND/COURRIER/DOC/baillard,"Read,ReadAndExecute,Synchronize,Modify,ListDirectory",SPDG,ThisFolderSubFoldersAndFiles,UsualConvertedRight,VOLDATAG,5a12d01690ba7c7217cf569b
281,/ECHANGES/JUR_FIS_IND/COURRIER/DOC/DOSSIERS HAMMOU,"Read,ReadAndExecute,Synchronize,Write,Delete,CreateFiles,CreateDirectories,Modify,ListDirectory",JURI01,ThisFolderSubFoldersAndFiles,UsualConvertedRight,VOLDATAG,5a12d01690ba7c7217cf569d
282,/ECHANGES/JUR_FIS_IND/COURRIER/DOC/DOSSIERS HAMMOU,"Read,ReadAndExecute,Synchronize,Write,Delete,CreateFiles,CreateDirectories,Modify,ListDirectory",MHMU,ThisFolderSubFoldersAndFiles,UsualConvertedRight,VOLDATAG,5a12d01690ba7c7217cf569f
283,/ECHANGES/JUR_FIS_IND/COURRIER/DOC/DOSSIERS HAMMOU,"Read,ReadAndExecute,Synchronize,Write,Delete,CreateFiles,CreateDirectories,Modify,ListDirectory",IBLD,ThisFolderSubFoldersAndFiles,UsualConvertedRight,VOLDATAG,5a12d01690ba7c7217cf56a1
284,/ECHANGES/JUR_FIS_IND/COURRIER/DOC/Paret,"Read,ReadAndExecute,Synchronize,Write,Delete,CreateFiles,CreateDirectories,Modify,ListDirectory",JUR_FIS_IND-DOC-PARET,ThisFolderSubFoldersAndFiles,UsualConvertedRight,VOLDATAG,5a12d01690ba7c7217cf56a3
285,/ECHANGES/JUR_FIS_IND/COURRIER/DOC/TISSIER,"Read,ReadAndExecute,Synchronize,Write,Delete,CreateFiles,CreateDirectories,Modify,ListDirectory",ADSG,ThisFolderSubFoldersAndFiles,UsualConvertedRight,VOLDATAG,5a12d01690ba7c7217cf56a5
286,/ECHANGES/IRIS_OLD/CLUB,,IRIS-CLUB-FACTURATION,ThisFolderSubFoldersAndFiles,UsualConvertedRight,VOLDATAG,5a12d01690ba7c7217cf56a7
287,/ECHANGES/IRIS_OLD/CLUB/FACTURATION,"Read,ReadAndExecute,Synchronize,Write,Delete,CreateFiles,CreateDirectories,Modify,ListDirectory",IRIS-CLUB-FACTURATION,ThisFolderSubFoldersAndFiles,UsualConvertedRight,VOLDATAG,5a12d01690ba7c7217cf56a9
288,/ECHANGES/DSI/ATOS/Mohamed/restore/HOME/JBET,"Read,ReadAndExecute,Synchronize,Write,Delete,CreateFiles,CreateDirectories,Modify,ListDirectory",JBET,ThisFolderSubFoldersAndFiles,UsualConvertedRight,VOLDATAG,5a12d01690ba7c7217cf56ab
289,/ECHANGES/DSI/ATOS/Exploitation et Administration/test,"Read,ReadAndExecute,Synchronize,Write,Delete,CreateFiles,CreateDirectories,Modify,ListDirectory",MLON,ThisFolderSubFoldersAndFiles,UsualConvertedRight,VOLDATAG,5a12d01690ba7c7217cf56ad
290,/ECHANGES/Tarifs_Materiel_OLD,,TARIFSMATERIEL,ThisFolderSubFoldersAndFiles,UsualConvertedRight,VOLDATAG,5a12d01690ba7c7217cf56af
291,/ECHANGES/Tarifs_Materiel_OLD,,TARIFSMATERIELALL,ThisFolderSubFoldersAndFiles,UsualConvertedRight,VOLDATAG,5a12d01690ba7c7217cf56b1
292,/ECHANGES/BOLLOREMEDIAREGIE/COMMERCIAL/PRESSE/Fichiers équipe co/HAVAS- CHRISTINE/HAVAS 2016/Société SVP,,grp-BOLLOREMEDIAREGIE,ThisFolderSubFoldersAndFiles,OUConvertedRight,VOLDATAG,5a12d01690ba7c7217cf56b3
293,/ECHANGES/BOLLOREMEDIAREGIE/COMMERCIAL/PRESSE/Fichiers équipe co/HAVAS- CHRISTINE/HAVAS 2016/Société SVP,"Read,ReadAndExecute,Synchronize,Write,Delete,CreateFiles,CreateDirectories,Modify,ListDirectory",SPVS,ThisFolderSubFoldersAndFiles,UsualConvertedRight,VOLDATAG,5a12d01690ba7c7217cf56b5
294,/ECHANGES/BOLLOREMEDIAREGIE/COMMERCIAL/PRESSE/Fichiers équipe co/HAVAS- CHRISTINE/HAVAS 2016/Société SVP,"Read,ReadAndExecute,Synchronize,Write,Delete,CreateFiles,CreateDirectories,Modify,ListDirectory",VFUE,ThisFolderSubFoldersAndFiles,UsualConvertedRight,VOLDATAG,5a12d01690ba7c7217cf56b7
295,/ECHANGES/BOLLOREMEDIAREGIE/SERVICE RP,"Read,ReadAndExecute,Synchronize,Write,Delete,CreateFiles,CreateDirectories,Modify,ListDirectory",BOLLOREMEDIAREGIE-SERVICE-RP,ThisFolderSubFoldersAndFiles,UsualConvertedRight,VOLDATAG,5a12d01690ba7c7217cf56b9
296,/ECHANGES/BOLLOREMEDIAREGIE/PARTENARIATS,,BOLLOREMEDIAREGIE,ThisFolderSubFoldersAndFiles,UsualConvertedRight,VOLDATAG,5a12d01690ba7c7217cf56bb
297,/ECHANGES/BOLLOREMEDIAREGIE/PARTENARIATS,"Read,ReadAndExecute,Synchronize,Write,Delete,CreateFiles,CreateDirectories,Modify,ListDirectory",BOLLOREMEDIAREGIE_PARTENARIATS,ThisFolderSubFoldersAndFiles,UsualConvertedRight,VOLDATAG,5a12d01690ba7c7217cf56bd
298,/ECHANGES/BOLLOREMEDIAREGIE/ECHANGES MEDIA,"Read,ReadAndExecute,Synchronize,Write,Delete,CreateFiles,CreateDirectories,Modify,ListDirectory",ECHANGE-MEDIA,ThisFolderSubFoldersAndFiles,UsualConvertedRight,VOLDATAG,5a12d01690ba7c7217cf56bf
299,/ECHANGES/BOLLOREMEDIAREGIE/MARKETING ET ETUDES,"Read,ReadAndExecute,Synchronize,Write,Delete,CreateFiles,CreateDirectories,Modify,ListDirectory",BMR-MARKETUDES,ThisFolderSubFoldersAndFiles,UsualConvertedRight,VOLDATAG,5a12d01690ba7c7217cf56c1
300,/ECHANGES/BOLLOREMEDIAREGIE/MARKETING ET ETUDES,"Read,ReadAndExecute,Synchronize,ListDirectory",BMR-MARKETUDESLECT,ThisFolderSubFoldersAndFiles,UsualConvertedRight,VOLDATAG,5a12d01690ba7c7217cf56c3
301,/ECHANGES/BOLLOREMEDIAREGIE/GESTION/BIBLIOTHEQUE CONTRATS,"Read,ReadAndExecute,Synchronize,Write,Delete,CreateFiles,CreateDirectories,Modify,ListDirectory",BIBLIOCONTRATS,ThisFolderSubFoldersAndFiles,UsualConvertedRight,VOLDATAG,5a12d01690ba7c7217cf56c5
302,/ECHANGES/COMPTA_NEW/000 Partage,,COMPTA_000-PARTAGE,ThisFolderSubFoldersAndFiles,UsualConvertedRight,VOLDATAG,5a12d01690ba7c7217cf56c7
303,/ECHANGES/COMPTA_NEW/077 CE BOLLORE,,COMPTA_CE_077,ThisFolderSubFoldersAndFiles,UsualConvertedRight,VOLDATAG,5a12d01690ba7c7217cf56c9
304,/ECHANGES/COMPTA_NEW/136 BLUECAR (ex VEPB),"Read,ReadAndExecute,Synchronize,Write,Delete,CreateFiles,CreateDirectories,Modify,ListDirectory",COMPTA_136,ThisFolderSubFoldersAndFiles,UsualConvertedRight,VOLDATAG,5a12d01690ba7c7217cf56cb
305,/ECHANGES/COMPTA_NEW/155 SOMABOL,,COMPTA_155,ThisFolderSubFoldersAndFiles,UsualConvertedRight,VOLDATAG,5a12d01690ba7c7217cf56cd
306,/ECHANGES/COMPTA_NEW/155 SOMABOL,,COMPTA_USERS,ThisFolderSubFoldersAndFiles,UsualConvertedRight,VOLDATAG,5a12d01690ba7c7217cf56cf
307,/ECHANGES/COMPTA_NEW/155 SOMABOL,,COMPTA_USERS_ADMIN,ThisFolderSubFoldersAndFiles,UsualConvertedRight,VOLDATAG,5a12d01690ba7c7217cf56d1
308,/ECHANGES/COMPTA_NEW/156 FLEET MANAGEMENT SERVICES,,COMPTA_156,ThisFolderSubFoldersAndFiles,UsualConvertedRight,VOLDATAG,5a12d01690ba7c7217cf56d3
309,/ECHANGES/COMPTA_NEW/156 FLEET MANAGEMENT SERVICES,,COMPTA_USERS,ThisFolderSubFoldersAndFiles,UsualConvertedRight,VOLDATAG,5a12d01690ba7c7217cf56d5
310,/ECHANGES/COMPTA_NEW/156 FLEET MANAGEMENT SERVICES,,COMPTA_USERS_ADMIN,ThisFolderSubFoldersAndFiles,UsualConvertedRight,VOLDATAG,5a12d01690ba7c7217cf56d7
311,/ECHANGES/COMPTA_NEW/ARCHIVES HOLDINGS (ancien repertoire ne pas utiliser),,COMPTA_USERS,ThisFolderSubFoldersAndFiles,UsualConvertedRight,VOLDATAG,5a12d01690ba7c7217cf56d9
312,/ECHANGES/COMPTA_NEW/BOLLORE,"Read,ReadAndExecute,Synchronize,ListDirectory",COMPTA_USERS,ThisFolderSubFoldersAndFiles,UsualConvertedRight,VOLDATAG,5a12d01690ba7c7217cf56db
313,/ECHANGES/COMPTA_NEW/CRISTAL Projet Comptable,,COMPTA_USERS,ThisFolderSubFoldersAndFiles,UsualConvertedRight,VOLDATAG,5a12d01690ba7c7217cf56dd
314,/ECHANGES/COMPTA_NEW/CRISTAL Projet Comptable,,CRISTAL_PROJET_COMPTABLE,ThisFolderSubFoldersAndFiles,UsualConvertedRight,VOLDATAG,5a12d01690ba7c7217cf56df
315,/ECHANGES/COMPTA_NEW/Sauvegarde_Hol_Abel,"Read,ReadAndExecute,Synchronize,Write,ListDirectory",HOL-Save-Abel ,ThisFolderSubFoldersAndFiles,UsualConvertedRight,VOLDATAG,5a12d01690ba7c7217cf56e1
316,/ECHANGES/COMPTA_NEW/000 Docs multi-sociétés/autres/CAC/SERVEUR CONSTANTIN,"Read,ReadAndExecute,Synchronize,Write,Delete,CreateFiles,CreateDirectories,Modify,ListDirectory,ReadPermissions,ChangePermissions",COMPTA-CONSTANTIN,ThisFolderSubFoldersAndFiles,UsualConvertedRight,VOLDATAG,5a12d01690ba7c7217cf56e3
317,/ECHANGES/COMPTA_NEW/136 BLUECAR (ex VEPB)/Dossier Permanent/MAG,"Read,ReadAndExecute,Synchronize,Write,Delete,CreateFiles,CreateDirectories,Modify,ListDirectory",MGAT,ThisFolderSubFoldersAndFiles,UsualConvertedRight,VOLDATAG,5a12d01690ba7c7217cf56e5
318,/ECHANGES/COMPTA_NEW/136 BLUECAR (ex VEPB)/Dossier Permanent/SMOG,"Read,ReadAndExecute,Synchronize,Write,Delete,CreateFiles,CreateDirectories,Modify,ListDirectory,ReadPermissions,ChangePermissions",COMPTA-SMOG,ThisFolderSubFoldersAndFiles,UsualConvertedRight,VOLDATAG,5a12d01690ba7c7217cf56e7
319,/ECHANGES/COMPTA_NEW/CRISTAL Projet Comptable/PROJETS DSICOMPTA,"Read,ReadAndExecute,Synchronize,Write,Delete,CreateFiles,CreateDirectories,Modify,ListDirectory",CMTN,ThisFolderSubFoldersAndFiles,UsualConvertedRight,VOLDATAG,5a12d01690ba7c7217cf56e9
320,/ECHANGES/COMPTA_NEW/CRISTAL Projet Comptable/PARAMETRES_IRIS_FINANCE/Paramètres pour administrateurs (dossier sécurisé),"Read,ReadAndExecute,Synchronize,Write,Delete,CreateFiles,CreateDirectories,Modify,ListDirectory",COMPTA-PARADM,ThisFolderSubFoldersAndFiles,UsualConvertedRight,VOLDATAG,5a12d01690ba7c7217cf56eb
321,/ECHANGES/COMPTA/000 Docs multi-sociétés/Autres/CAC/SERVEUR AEG,"Read,ReadAndExecute,Synchronize,Write,Delete,CreateFiles,CreateDirectories,Modify,ListDirectory",COMPTA-AEG,ThisFolderSubFoldersAndFiles,UsualConvertedRight,VOLDATAG,5a12d01690ba7c7217cf56ed
322,/ECHANGES/COMPTA/000 Docs multi-sociétés/Autres/CAC/SERVEUR CONSTANTIN,"Read,ReadAndExecute,Synchronize,Write,CreateFiles,CreateDirectories,Modify,ListDirectory",COMPTA-CONSTANTIN,ThisFolderSubFoldersAndFiles,UsualConvertedRight,VOLDATAG,5a12d01690ba7c7217cf56ef
323,/ECHANGES/COMPTA/CRISTAL Projet Comptable/PROJETS DSICOMPTA/Interface Kyriba_IRIS,"Read,ReadAndExecute,Synchronize,Write,Delete,CreateFiles,CreateDirectories,Modify,ListDirectory",L_BOL_PTX_FILR_INTERFACE KYRIBAS_IRIS,ThisFolderSubFoldersAndFiles,UsualConvertedRight,VOLDATAG,5a12d01690ba7c7217cf56f1
324,/ECHANGES/BOLLOREMEDIAREGIE/JiPe/ECHANGES/BOLLOREMEDIAREGIE,"Read,ReadAndExecute,Synchronize,Write,Delete,CreateFiles,CreateDirectories,Modify,ListDirectory",BOLLOREMEDIAREGIE,ThisFolderSubFoldersAndFiles,UsualConvertedRight,VOLDATAG,5a12d01690ba7c7217cf56f3
325,/ECHANGES/DSI/ATOS/Alex/Autre/#30614/CHAVANES,"Read,ReadAndExecute,Synchronize,Write,Delete,CreateFiles,CreateDirectories,Modify,ListDirectory",CHAVANES,ThisFolderSubFoldersAndFiles,UsualConvertedRight,VOLDATAG,5a12d01690ba7c7217cf56f5
326,/ECHANGES/DSI/ATOS/Alex/Autre/#30614/transfertNFA,"Read,ReadAndExecute,Synchronize,Write,Delete,CreateFiles,CreateDirectories,Modify,ListDirectory",TRANSFERT-NFA,ThisFolderSubFoldersAndFiles,UsualConvertedRight,VOLDATAG,5a12d01690ba7c7217cf56f7
327,/ECHANGES/DRH Groupe/Service JC/A. LE BIHEN,"Read,ReadAndExecute,Synchronize,Write,Delete,CreateFiles,CreateDirectories,Modify,ListDirectory",ALBN,ThisFolderSubFoldersAndFiles,UsualConvertedRight,VOLDATAG,5a12d01690ba7c7217cf56f9
328,/ECHANGES/DRH Holding/HLD/00 PROCEDURES/Accueil,"Read,ReadAndExecute,Synchronize,Write,Delete,CreateFiles,CreateDirectories,Modify,ListDirectory,ReadPermissions,ChangePermissions",SFLT,ThisFolderSubFoldersAndFiles,UsualConvertedRight,VOLDATAG,5a12d01690ba7c7217cf56fb
329,/ECHANGES/Contrats Clients IFRS15/EXTDIAO,"Read,ReadAndExecute,Synchronize,Write,Delete,CreateFiles,CreateDirectories,Modify,ListDirectory",EXTDIAO,ThisFolderSubFoldersAndFiles,UsualConvertedRight,VOLDATAG,5a12d01690ba7c7217cf56fd
330,/ECHANGES/Contrats Clients IFRS15/EXTDARMOIS,"Read,ReadAndExecute,Synchronize,Write,Delete,CreateFiles,CreateDirectories,Modify,ListDirectory",EXTDARMOIS,ThisFolderSubFoldersAndFiles,UsualConvertedRight,VOLDATAG,5a12d01690ba7c7217cf56ff
331,/ECHANGES/Contrats Clients IFRS15/EXTLEBRUN,"Read,ReadAndExecute,Synchronize,Write,Delete,CreateFiles,CreateDirectories,Modify,ListDirectory",EXTLEBRUN,ThisFolderSubFoldersAndFiles,UsualConvertedRight,VOLDATAG,5a12d01690ba7c7217cf5701
332,/ECHANGES/Contrats Clients IFRS15/EXTCOSTE,"Read,ReadAndExecute,Synchronize,Write,Delete,CreateFiles,CreateDirectories,Modify,ListDirectory",EXTCOSTE,ThisFolderSubFoldersAndFiles,UsualConvertedRight,VOLDATAG,5a12d01690ba7c7217cf5703
333,/ECHANGES/Contrats Clients IFRS15/EXTVIGNEUX,"Read,ReadAndExecute,Synchronize,Write,Delete,CreateFiles,CreateDirectories,Modify,ListDirectory",EXTVIGNEUX,ThisFolderSubFoldersAndFiles,UsualConvertedRight,VOLDATAG,5a12d01690ba7c7217cf5705
334,/ECHANGES/Contrats Clients IFRS15/EXTLOVE,"Read,ReadAndExecute,Synchronize,Write,Delete,CreateFiles,CreateDirectories,Modify,ListDirectory",EXTLOVE,ThisFolderSubFoldersAndFiles,UsualConvertedRight,VOLDATAG,5a12d01690ba7c7217cf5707
335,/ECHANGES/Contrats Clients IFRS15/EXTKAKOU,"Read,ReadAndExecute,Synchronize,Write,Delete,CreateFiles,CreateDirectories,Modify,ListDirectory",EXTKAKOU,ThisFolderSubFoldersAndFiles,UsualConvertedRight,VOLDATAG,5a12d01690ba7c7217cf5709
336,/ECHANGES/Contrats Clients IFRS15/EXTDEROUGE,"Read,ReadAndExecute,Synchronize,Write,Delete,CreateFiles,CreateDirectories,Modify,ListDirectory",EXTDEROUGE,ThisFolderSubFoldersAndFiles,UsualConvertedRight,VOLDATAG,5a12d01690ba7c7217cf570b
337,/ECHANGES/Contrats Clients IFRS15/EXTHAENDLER,"Read,ReadAndExecute,Synchronize,Write,Delete,CreateFiles,CreateDirectories,Modify,ListDirectory",EXTHAENDLER,ThisFolderSubFoldersAndFiles,UsualConvertedRight,VOLDATAG,5a12d01690ba7c7217cf570d
338,/ECHANGES/Contrats Clients IFRS15/EXTKONAN,"Read,ReadAndExecute,Synchronize,Write,Delete,CreateFiles,CreateDirectories,Modify,ListDirectory",EXTKONAN,ThisFolderSubFoldersAndFiles,UsualConvertedRight,VOLDATAG,5a12d01690ba7c7217cf570f
339,/ECHANGES/Contrats Clients IFRS15/EXTMALIN,"Read,ReadAndExecute,Synchronize,Write,Delete,CreateFiles,CreateDirectories,Modify,ListDirectory",EXTMALIN,ThisFolderSubFoldersAndFiles,UsualConvertedRight,VOLDATAG,5a12d01690ba7c7217cf5711
340,/ECHANGES/Contrats Clients IFRS15/EXTDERIVOIRE,"Read,ReadAndExecute,Synchronize,Write,Delete,CreateFiles,CreateDirectories,Modify,ListDirectory",EXTDERIVOIRE,ThisFolderSubFoldersAndFiles,UsualConvertedRight,VOLDATAG,5a12d01690ba7c7217cf5713
341,/ECHANGES/Contrats Clients IFRS15/EXTFUTOL,"Read,ReadAndExecute,Synchronize,Write,Delete,CreateFiles,CreateDirectories,Modify,ListDirectory",EXTFUTOL,ThisFolderSubFoldersAndFiles,UsualConvertedRight,VOLDATAG,5a12d01690ba7c7217cf5715
342,/ECHANGES/Contrats Clients IFRS15/EXTSAILLE,"Read,ReadAndExecute,Synchronize,Write,Delete,CreateFiles,CreateDirectories,Modify,ListDirectory",EXTSAILLE,ThisFolderSubFoldersAndFiles,UsualConvertedRight,VOLDATAG,5a12d01690ba7c7217cf5717
343,/ECHANGES/Contrats Clients IFRS15/EXTDOSANTOS,"Read,ReadAndExecute,Synchronize,Write,Delete,CreateFiles,CreateDirectories,Modify,ListDirectory",EXTDOSANTOS,ThisFolderSubFoldersAndFiles,UsualConvertedRight,VOLDATAG,5a12d01690ba7c7217cf5719
344,/ECHANGES/IRIS/CLUB,"Read,ReadAndExecute,Synchronize,Write,Delete,CreateFiles,CreateDirectories,Modify,ListDirectory",IRIS-CLUB-FACTURATION,ThisFolderSubFoldersAndFiles,UsualConvertedRight,VOLDATAG,5a12d01690ba7c7217cf571b
345,/ECHANGES/IRIS/CLUB_OLD/FACTURATION,"Read,ReadAndExecute,Synchronize,Write,Delete,CreateFiles,CreateDirectories,Modify,ListDirectory",IRIS-CLUB-FACTURATION,ThisFolderSubFoldersAndFiles,UsualConvertedRight,VOLDATAG,5a12d01690ba7c7217cf571d
346,/ECHANGES/JUR_FIS_IND/FISCAL/LAETITIA/CONTROLES FISCAUX,,FISCAL,ThisFolderSubFoldersAndFiles,UsualConvertedRight,VOLDATAG,5a12d01690ba7c7217cf571f
347,/ECHANGES/JUR_FIS_IND/FISCAL/LAETITIA/CONTROLES FISCAUX,,JUR_FIS_IND,ThisFolderSubFoldersAndFiles,UsualConvertedRight,VOLDATAG,5a12d01690ba7c7217cf5721
348,/ECHANGES/JUR_FIS_IND/FISCAL/LAETITIA/CONTROLES FISCAUX,"Read,ReadAndExecute,Synchronize,Write,Delete,CreateFiles,CreateDirectories,Modify,ListDirectory",JUR_FIS_IND_FIS_LAE_CTRL-FISC,ThisFolderSubFoldersAndFiles,UsualConvertedRight,VOLDATAG,5a12d01690ba7c7217cf5723
349,/ECHANGES/JUR_FIS_IND/FISCAL/LAETITIA/DOSSIERS CONF,,FISCAL,ThisFolderSubFoldersAndFiles,UsualConvertedRight,VOLDATAG,5a12d01690ba7c7217cf5725
350,/ECHANGES/JUR_FIS_IND/FISCAL/LAETITIA/DOSSIERS CONF,,JUR_FIS_IND,ThisFolderSubFoldersAndFiles,UsualConvertedRight,VOLDATAG,5a12d01690ba7c7217cf5727
351,/ECHANGES/JUR_FIS_IND/FISCAL/LAETITIA/DOSSIERS CONF,"Read,ReadAndExecute,Synchronize,Write,Delete,CreateFiles,CreateDirectories,Modify,ListDirectory",JUR_FIS_IND_FIS_LAE_DOS-CONF,ThisFolderSubFoldersAndFiles,UsualConvertedRight,VOLDATAG,5a12d01690ba7c7217cf5729
352,/ECHANGES/JUR_FIS_IND/DOC/baillard,"Read,ReadAndExecute,Synchronize,Modify,ListDirectory",IBLD,ThisFolderSubFoldersAndFiles,UsualConvertedRight,VOLDATAG,5a12d01690ba7c7217cf572b
353,/ECHANGES/JUR_FIS_IND/DOC/baillard,"Read,ReadAndExecute,Synchronize,Modify,ListDirectory",JURI01,ThisFolderSubFoldersAndFiles,UsualConvertedRight,VOLDATAG,5a12d01690ba7c7217cf572d
354,/ECHANGES/JUR_FIS_IND/DOC/baillard,"Read,ReadAndExecute,Synchronize,Modify,ListDirectory",JURI02,ThisFolderSubFoldersAndFiles,UsualConvertedRight,VOLDATAG,5a12d01690ba7c7217cf572f
355,/ECHANGES/JUR_FIS_IND/DOC/baillard,"Read,ReadAndExecute,Synchronize,Modify,ListDirectory",MHMU,ThisFolderSubFoldersAndFiles,UsualConvertedRight,VOLDATAG,5a12d01690ba7c7217cf5731
356,/ECHANGES/JUR_FIS_IND/DOC/baillard,"Read,ReadAndExecute,Synchronize,Modify,ListDirectory",SPDG,ThisFolderSubFoldersAndFiles,UsualConvertedRight,VOLDATAG,5a12d01690ba7c7217cf5733
357,/ECHANGES/JUR_FIS_IND/DOC/DOSSIERS HAMMOU,"Read,ReadAndExecute,Synchronize,Write,Delete,CreateFiles,CreateDirectories,Modify,ListDirectory",JURI01,ThisFolderSubFoldersAndFiles,UsualConvertedRight,VOLDATAG,5a12d01690ba7c7217cf5735
358,/ECHANGES/JUR_FIS_IND/DOC/DOSSIERS HAMMOU,"Read,ReadAndExecute,Synchronize,Write,Delete,CreateFiles,CreateDirectories,Modify,ListDirectory",MHMU,ThisFolderSubFoldersAndFiles,UsualConvertedRight,VOLDATAG,5a12d01690ba7c7217cf5737
359,/ECHANGES/JUR_FIS_IND/DOC/DOSSIERS HAMMOU,"Read,ReadAndExecute,Synchronize,Write,Delete,CreateFiles,CreateDirectories,Modify,ListDirectory",IBLD,ThisFolderSubFoldersAndFiles,UsualConvertedRight,VOLDATAG,5a12d01690ba7c7217cf5739
360,/ECHANGES/JUR_FIS_IND/DOC/Paret,"Read,ReadAndExecute,Synchronize,Write,Delete,CreateFiles,CreateDirectories,Modify,ListDirectory",JUR_FIS_IND-DOC-PARET,ThisFolderSubFoldersAndFiles,UsualConvertedRight,VOLDATAG,5a12d01690ba7c7217cf573b
361,/ECHANGES/JUR_FIS_IND/DOC/TISSIER,"Read,ReadAndExecute,Synchronize,Write,Delete,CreateFiles,CreateDirectories,Modify,ListDirectory",ADSG,ThisFolderSubFoldersAndFiles,UsualConvertedRight,VOLDATAG,5a12d01690ba7c7217cf573d
362,/ECHANGES/FMS/OPS,,Films,ThisFolderSubFoldersAndFiles,UsualConvertedRight,VOLDATAG,5a12d01690ba7c7217cf573f
363,/ECHANGES/FMS/OPS,,FMS,ThisFolderSubFoldersAndFiles,UsualConvertedRight,VOLDATAG,5a12d01690ba7c7217cf5741
364,/ECHANGES/FMS/OPS,"Read,ReadAndExecute,Synchronize,Write,Delete,CreateFiles,CreateDirectories,Modify,ListDirectory",FMS_OPS,ThisFolderSubFoldersAndFiles,UsualConvertedRight,VOLDATAG,5a12d01690ba7c7217cf5743
365,/ECHANGES/DSI/Applis/IE11Entreprise,,DSI,ThisFolderSubFoldersAndFiles,UsualConvertedRight,VOLDATAG,5a12d01690ba7c7217cf5745
366,/ECHANGES/DSI/Applis/IE11Entreprise,"Read,ReadAndExecute,Synchronize,Write,Delete,CreateFiles,CreateDirectories,Modify,ListDirectory",INSTALL,ThisFolderSubFoldersAndFiles,UsualConvertedRight,VOLDATAG,5a12d01690ba7c7217cf5747
367,/ECHANGES/DSI/Applis/IE11Entreprise,"Read,ReadAndExecute,Synchronize,Write,Delete,CreateFiles,CreateDirectories,Modify,ListDirectory",JPVS,ThisFolderSubFoldersAndFiles,UsualConvertedRight,VOLDATAG,5a12d01690ba7c7217cf5749
368,/ECHANGES/DSI/Applis/IE11Entreprise,"Read,ReadAndExecute,Synchronize,Write,Delete,CreateFiles,CreateDirectories,Modify,ListDirectory",OMCL,ThisFolderSubFoldersAndFiles,UsualConvertedRight,VOLDATAG,5a12d01690ba7c7217cf574b
369,/ECHANGES/DSI/Applis/IE11Entreprise,"Read,ReadAndExecute,Synchronize,Write,Delete,CreateFiles,CreateDirectories,Modify,ListDirectory",YRBN,ThisFolderSubFoldersAndFiles,UsualConvertedRight,VOLDATAG,5a12d01690ba7c7217cf574d
370,/ECHANGES/CGES/04_Analyses et études diverses,"Read,ReadAndExecute,Synchronize",TRVGRP-ECHCGE04_-d5a979f770,ThisFolderOnly,TraverseRights,VOLDATAG,5a12d01790ba7c7217cf5f4b
371,/ECHANGES/CGES,"Read,ReadAndExecute,Synchronize",TRVGRP-ECHCGE-b13a3ae083,ThisFolderOnly,TraverseRights,VOLDATAG,5a12d01790ba7c7217cf5f4f
372,/ECHANGES/COMPTA/CRISTAL Projet Comptable_OLD,"Read,ReadAndExecute,Synchronize",TRVGRP-ECHCOMCRI-0f67bbed22,ThisFolderOnly,TraverseRights,VOLDATAG,5a12d01790ba7c7217cf5f53
373,/ECHANGES/COMPTA,"Read,ReadAndExecute,Synchronize",TRVGRP-ECHCOM-3bb2c1dc6a,ThisFolderOnly,TraverseRights,VOLDATAG,5a12d01790ba7c7217cf5f57
374,/ECHANGES/DISTRIB-PRESSE,"Read,ReadAndExecute,Synchronize",TRVGRP-ECHDIS-96f97504cb,ThisFolderOnly,TraverseRights,VOLDATAG,5a12d01790ba7c7217cf5f5b
375,/ECHANGES/DRH Groupe/Service CK/03_SIRH/HR Access/Documentation Hraccess,"Read,ReadAndExecute,Synchronize",TRVGRP-ECHDRHSer03_HR Doc-2a6d9f5292,ThisFolderOnly,TraverseRights,VOLDATAG,5a12d01790ba7c7217cf5f5f
376,/ECHANGES/DRH Groupe/Service CK/03_SIRH/HR Access,"Read,ReadAndExecute,Synchronize",TRVGRP-ECHDRHSer03_HR -84ef13145d,ThisFolderOnly,TraverseRights,VOLDATAG,5a12d01790ba7c7217cf5f63
377,/ECHANGES/DRH Groupe/Service CK/03_SIRH,"Read,ReadAndExecute,Synchronize",TRVGRP-ECHDRHSer03_-3c7291fee2,ThisFolderOnly,TraverseRights,VOLDATAG,5a12d01790ba7c7217cf5f67
378,/ECHANGES/DRH Groupe/Service CK,"Read,ReadAndExecute,Synchronize",TRVGRP-ECHDRHSer-ee20ec1e33,ThisFolderOnly,TraverseRights,VOLDATAG,5a12d01790ba7c7217cf5f6b
379,/ECHANGES/DRH Groupe,"Read,ReadAndExecute,Synchronize",TRVGRP-ECHDRH-c69fcf1690,ThisFolderOnly,TraverseRights,VOLDATAG,5a12d01790ba7c7217cf5f6f
380,/ECHANGES/DRH Groupe/Service CK/01_Gestion Dev RH,"Read,ReadAndExecute,Synchronize",TRVGRP-ECHDRHSer01_-7b5eb63b93,ThisFolderOnly,TraverseRights,VOLDATAG,5a12d01790ba7c7217cf5f73
381,/ECHANGES/DRH Groupe/Service PYB,"Read,ReadAndExecute,Synchronize",TRVGRP-ECHDRHSer-985d7e9997,ThisFolderOnly,TraverseRights,VOLDATAG,5a12d01790ba7c7217cf5f77
382,/ECHANGES/DSI,"Read,ReadAndExecute,Synchronize",TRVGRP-ECHDSI-3bc46574ae,ThisFolderOnly,TraverseRights,VOLDATAG,5a12d01790ba7c7217cf5f7b
383,/ECHANGES/DSI/Applis_Bollore,"Read,ReadAndExecute,Synchronize",TRVGRP-ECHDSIApp-4f3974a390,ThisFolderOnly,TraverseRights,VOLDATAG,5a12d01790ba7c7217cf5f7f
384,/ECHANGES/DSI/GESTION DOCS PRODUCTION,"Read,ReadAndExecute,Synchronize",TRVGRP-ECHDSIGES-873611f5bd,ThisFolderOnly,TraverseRights,VOLDATAG,5a12d01790ba7c7217cf5f83
385,/ECHANGES/DSI/Applis_Medias/Régie,"Read,ReadAndExecute,Synchronize",TRVGRP-ECHDSIAppRég-de40891be8,ThisFolderOnly,TraverseRights,VOLDATAG,5a12d01790ba7c7217cf5f87
386,/ECHANGES/DSI/Applis_Medias,"Read,ReadAndExecute,Synchronize",TRVGRP-ECHDSIApp-17b8ee55c6,ThisFolderOnly,TraverseRights,VOLDATAG,5a12d01790ba7c7217cf5f8b
387,/ECHANGES/JUR_FIS_IND/BIBLIO.JUR,"Read,ReadAndExecute,Synchronize",TRVGRP-ECHJURBIB-ee4315ec1c,ThisFolderOnly,TraverseRights,VOLDATAG,5a12d01790ba7c7217cf5f8f
388,/ECHANGES/JUR_FIS_IND,"Read,ReadAndExecute,Synchronize",TRVGRP-ECHJUR-5cadf3508f,ThisFolderOnly,TraverseRights,VOLDATAG,5a12d01790ba7c7217cf5f93
389,/ECHANGES/JUR_FIS_IND/BIBLIO.JUR/SOCIETES/Blue Applications,"Read,ReadAndExecute,Synchronize",TRVGRP-ECHJURBIBSOCBlu-09187800c2,ThisFolderOnly,TraverseRights,VOLDATAG,5a12d01790ba7c7217cf5f97
390,/ECHANGES/JUR_FIS_IND/BIBLIO.JUR/SOCIETES,"Read,ReadAndExecute,Synchronize",TRVGRP-ECHJURBIBSOC-0f40ea3898,ThisFolderOnly,TraverseRights,VOLDATAG,5a12d01790ba7c7217cf5f9b
391,/ECHANGES/JUR_FIS_IND/FISCAL,"Read,ReadAndExecute,Synchronize",TRVGRP-ECHJURFIS-1923d3108a,ThisFolderOnly,TraverseRights,VOLDATAG,5a12d01790ba7c7217cf5f9f
392,/ECHANGES/BOLLOREMEDIA/CANAL-PLUS-MEDIAS,"Read,ReadAndExecute,Synchronize",TRVGRP-ECHBOLCAN-3137e21fcc,ThisFolderOnly,TraverseRights,VOLDATAG,5a12d01790ba7c7217cf5fa3
393,/ECHANGES/BOLLOREMEDIA,"Read,ReadAndExecute,Synchronize",TRVGRP-ECHBOL-e855b53158,ThisFolderOnly,TraverseRights,VOLDATAG,5a12d01790ba7c7217cf5fa7
394,/ECHANGES/BOLLOREMEDIA/DSI-MEDIAS,"Read,ReadAndExecute,Synchronize",TRVGRP-ECHBOLDSI-b5b9877340,ThisFolderOnly,TraverseRights,VOLDATAG,5a12d01790ba7c7217cf5fab
395,/ECHANGES/BOLLOREMEDIA/DRH-MEDIAS/$A1 DRH,"Read,ReadAndExecute,Synchronize",TRVGRP-ECHBOLDRH$A1-2d006bea3d,ThisFolderOnly,TraverseRights,VOLDATAG,5a12d01790ba7c7217cf5faf
396,/ECHANGES/BOLLOREMEDIA/DRH-MEDIAS,"Read,ReadAndExecute,Synchronize",TRVGRP-ECHBOLDRH-44cbf20a67,ThisFolderOnly,TraverseRights,VOLDATAG,5a12d01790ba7c7217cf5fb3
397,/ECHANGES/BOLLOREMEDIA/DRH-MEDIAS/$A1 DRH/ECHANGES,"Read,ReadAndExecute,Synchronize",TRVGRP-ECHBOLDRH$A1ECH-480f512003,ThisFolderOnly,TraverseRights,VOLDATAG,5a12d01790ba7c7217cf5fb7
398,/ECHANGES/BOLLOREMEDIA/COMMUNICATION-MEDIAS,"Read,ReadAndExecute,Synchronize",TRVGRP-ECHBOLCOM-33319fa2b0,ThisFolderOnly,TraverseRights,VOLDATAG,5a12d01790ba7c7217cf5fbb
399,/ECHANGES/DSI/PROJETS,"Read,ReadAndExecute,Synchronize",TRVGRP-ECHDSIPRO-9f6de63474,ThisFolderOnly,TraverseRights,VOLDATAG,5a12d01790ba7c7217cf5fbf
400,/ECHANGES/DSI/GESTION DOCS PRODUCTION/documents actifs/RESEAU-SECURITE,"Read,ReadAndExecute,Synchronize",TRVGRP-ECHDSIGESdocRES-96d5ec7046,ThisFolderOnly,TraverseRights,VOLDATAG,5a12d01790ba7c7217cf5fc3
401,/ECHANGES/DSI/GESTION DOCS PRODUCTION/documents actifs,"Read,ReadAndExecute,Synchronize",TRVGRP-ECHDSIGESdoc-9848356a3d,ThisFolderOnly,TraverseRights,VOLDATAG,5a12d01790ba7c7217cf5fc7
402,/ECHANGES/BOLLOREMEDIAREGIE,"Read,ReadAndExecute,Synchronize",TRVGRP-ECHBOL-8536cd033b,ThisFolderOnly,TraverseRights,VOLDATAG,5a12d01790ba7c7217cf5fcb
403,/ECHANGES/COMPTA/136 BLUECAR (ex VEPB),"Read,ReadAndExecute,Synchronize",TRVGRP-ECHCOM136-e0c94271b3,ThisFolderOnly,TraverseRights,VOLDATAG,5a12d01790ba7c7217cf5fcf
404,/ECHANGES/BFR/Hist-2013/BROCHURES 09-2013,"Read,ReadAndExecute,Synchronize",TRVGRP-ECHBFRHisBRO-470075e779,ThisFolderOnly,TraverseRights,VOLDATAG,5a12d01790ba7c7217cf5fd3
405,/ECHANGES/BFR/Hist-2013,"Read,ReadAndExecute,Synchronize",TRVGRP-ECHBFRHis-59de923242,ThisFolderOnly,TraverseRights,VOLDATAG,5a12d01790ba7c7217cf5fd7
406,/ECHANGES/BFR,"Read,ReadAndExecute,Synchronize",TRVGRP-ECHBFR-9bb0ffab9f,ThisFolderOnly,TraverseRights,VOLDATAG,5a12d01790ba7c7217cf5fdb
407,/ECHANGES/JUR_FIS_IND/BIBLIO.JUR/SOCIETES/Groupe CSA/CSTO/Corporate/2014/Sans Objet HorsApprobComptes,"Read,ReadAndExecute,Synchronize",TRVGRP-ECHJURBIBSOCGroCSTCor201San-c912401e1b,ThisFolderOnly,TraverseRights,VOLDATAG,5a12d01790ba7c7217cf5fdf
408,/ECHANGES/JUR_FIS_IND/BIBLIO.JUR/SOCIETES/Groupe CSA/CSTO/Corporate/2014,"Read,ReadAndExecute,Synchronize",TRVGRP-ECHJURBIBSOCGroCSTCor201-4f8feeebc6,ThisFolderOnly,TraverseRights,VOLDATAG,5a12d01890ba7c7217cf5fe3
409,/ECHANGES/JUR_FIS_IND/BIBLIO.JUR/SOCIETES/Groupe CSA/CSTO/Corporate,"Read,ReadAndExecute,Synchronize",TRVGRP-ECHJURBIBSOCGroCSTCor-1b5ad50b0c,ThisFolderOnly,TraverseRights,VOLDATAG,5a12d01890ba7c7217cf5fe7
410,/ECHANGES/JUR_FIS_IND/BIBLIO.JUR/SOCIETES/Groupe CSA/CSTO,"Read,ReadAndExecute,Synchronize",TRVGRP-ECHJURBIBSOCGroCST-92ec2d715f,ThisFolderOnly,TraverseRights,VOLDATAG,5a12d01890ba7c7217cf5feb
411,/ECHANGES/JUR_FIS_IND/BIBLIO.JUR/SOCIETES/Groupe CSA,"Read,ReadAndExecute,Synchronize",TRVGRP-ECHJURBIBSOCGro-a42e8cd656,ThisFolderOnly,TraverseRights,VOLDATAG,5a12d01890ba7c7217cf5fef
412,/ECHANGES/JUR_FIS_IND/BIBLIO.JUR/SOCIETES/Groupe CSA/CSTO/Corporate/2014/Sans Objet HorsApprobComptes/ECHANGES,"Read,ReadAndExecute,Synchronize",TRVGRP-ECHJURBIBSOCGroCSTCor201SanECH-2594a8ece8,ThisFolderOnly,TraverseRights,VOLDATAG,5a12d01890ba7c7217cf5ff3
413,/ECHANGES/JUR_FIS_IND/FISCAL/SOPHIE ELOY/CET/CET 2013/RESTAURATION_07-08-2014,"Read,ReadAndExecute,Synchronize",TRVGRP-ECHJURFISSOPCETCETRES-36849c60ea,ThisFolderOnly,TraverseRights,VOLDATAG,5a12d01890ba7c7217cf5ff7
414,/ECHANGES/JUR_FIS_IND/FISCAL/SOPHIE ELOY/CET/CET 2013,"Read,ReadAndExecute,Synchronize",TRVGRP-ECHJURFISSOPCETCET-b3da0e84b2,ThisFolderOnly,TraverseRights,VOLDATAG,5a12d01890ba7c7217cf5ffb
415,/ECHANGES/JUR_FIS_IND/FISCAL/SOPHIE ELOY/CET,"Read,ReadAndExecute,Synchronize",TRVGRP-ECHJURFISSOPCET-29732c9590,ThisFolderOnly,TraverseRights,VOLDATAG,5a12d01890ba7c7217cf5fff
416,/ECHANGES/JUR_FIS_IND/FISCAL/SOPHIE ELOY,"Read,ReadAndExecute,Synchronize",TRVGRP-ECHJURFISSOP-bba038c241,ThisFolderOnly,TraverseRights,VOLDATAG,5a12d01890ba7c7217cf6003
417,/ECHANGES/JUR_FIS_IND/FISCAL/SOPHIE ELOY/CET/CET 2013/RESTAURATION_07-08-2014/ECHANGES,"Read,ReadAndExecute,Synchronize",TRVGRP-ECHJURFISSOPCETCETRESECH-7d851d98d9,ThisFolderOnly,TraverseRights,VOLDATAG,5a12d01890ba7c7217cf6007
418,/ECHANGES/JUR_FIS_IND/FISCAL/SOPHIE ELOY/CET/CET 2013/RESTAURATION-12-08-2014,"Read,ReadAndExecute,Synchronize",TRVGRP-ECHJURFISSOPCETCETRES-26a5aa6d2e,ThisFolderOnly,TraverseRights,VOLDATAG,5a12d01890ba7c7217cf600b
419,/ECHANGES/JUR_FIS_IND/FISCAL/SOPHIE ELOY/CET/CET 2013/RESTAURATION-12-08-2014/ECHANGES,"Read,ReadAndExecute,Synchronize",TRVGRP-ECHJURFISSOPCETCETRESECH-adfedfff2f,ThisFolderOnly,TraverseRights,VOLDATAG,5a12d01890ba7c7217cf600f
420,/ECHANGES/VE,"Read,ReadAndExecute,Synchronize",TRVGRP-ECHVE-325d8d03e1,ThisFolderOnly,TraverseRights,VOLDATAG,5a12d01890ba7c7217cf6013
421,/ECHANGES/VE/Direction Surete,"Read,ReadAndExecute,Synchronize",TRVGRP-ECHVEDir-1f36beae30,ThisFolderOnly,TraverseRights,VOLDATAG,5a12d01890ba7c7217cf6017
422,/ECHANGES/BFR/Hist-2014/Restau Hist-2014,"Read,ReadAndExecute,Synchronize",TRVGRP-ECHBFRHisRes-6cb82e9962,ThisFolderOnly,TraverseRights,VOLDATAG,5a12d01890ba7c7217cf601b
423,/ECHANGES/BFR/Hist-2014,"Read,ReadAndExecute,Synchronize",TRVGRP-ECHBFRHis-2688d05e0c,ThisFolderOnly,TraverseRights,VOLDATAG,5a12d01890ba7c7217cf601f
424,/ECHANGES/TRESORERIE/flurel14/Restore,"Read,ReadAndExecute,Synchronize",TRVGRP-ECHTREfluRes-149e6ac716,ThisFolderOnly,TraverseRights,VOLDATAG,5a12d01890ba7c7217cf6023
425,/ECHANGES/TRESORERIE/flurel14,"Read,ReadAndExecute,Synchronize",TRVGRP-ECHTREflu-1d0947d513,ThisFolderOnly,TraverseRights,VOLDATAG,5a12d01890ba7c7217cf6027
426,/ECHANGES/TRESORERIE,"Read,ReadAndExecute,Synchronize",TRVGRP-ECHTRE-63e87e62e9,ThisFolderOnly,TraverseRights,VOLDATAG,5a12d01890ba7c7217cf602b
427,/ECHANGES/NETTING,"Read,ReadAndExecute,Synchronize",TRVGRP-ECHNET-3f3cfc2e87,ThisFolderOnly,TraverseRights,VOLDATAG,5a12d01890ba7c7217cf602f
428,/ECHANGES/Elites,"Read,ReadAndExecute,Synchronize",TRVGRP-ECHEli-efe1b0f117,ThisFolderOnly,TraverseRights,VOLDATAG,5a12d01890ba7c7217cf6033
429,/ECHANGES/JUR_FIS_IND/COURRIER,"Read,ReadAndExecute,Synchronize",TRVGRP-ECHJURCOU-3b5e75de38,ThisFolderOnly,TraverseRights,VOLDATAG,5a12d01890ba7c7217cf6037
430,/ECHANGES/IRIS_OLD,"Read,ReadAndExecute,Synchronize",TRVGRP-ECHIRI-8195a54b5d,ThisFolderOnly,TraverseRights,VOLDATAG,5a12d01890ba7c7217cf603b
431,/ECHANGES/DSI/ATOS/Mohamed/restore,"Read,ReadAndExecute,Synchronize",TRVGRP-ECHDSIATOMohres-68876c633c,ThisFolderOnly,TraverseRights,VOLDATAG,5a12d01890ba7c7217cf603f
432,/ECHANGES/DSI/ATOS/Mohamed,"Read,ReadAndExecute,Synchronize",TRVGRP-ECHDSIATOMoh-889bc80128,ThisFolderOnly,TraverseRights,VOLDATAG,5a12d01890ba7c7217cf6043
433,/ECHANGES/DSI/ATOS,"Read,ReadAndExecute,Synchronize",TRVGRP-ECHDSIATO-48dbc63eca,ThisFolderOnly,TraverseRights,VOLDATAG,5a12d01890ba7c7217cf6047
434,/ECHANGES/BOLLOREMEDIAREGIE/COMMERCIAL/PRESSE/Fichiers équipe co/HAVAS- CHRISTINE,"Read,ReadAndExecute,Synchronize",TRVGRP-ECHBOLCOMPREFicHAV-97306546fd,ThisFolderOnly,TraverseRights,VOLDATAG,5a12d01890ba7c7217cf604b
435,/ECHANGES/BOLLOREMEDIAREGIE/COMMERCIAL/PRESSE/Fichiers équipe co,"Read,ReadAndExecute,Synchronize",TRVGRP-ECHBOLCOMPREFic-6c2cb89c85,ThisFolderOnly,TraverseRights,VOLDATAG,5a12d01890ba7c7217cf604f
436,/ECHANGES/BOLLOREMEDIAREGIE/COMMERCIAL/PRESSE,"Read,ReadAndExecute,Synchronize",TRVGRP-ECHBOLCOMPRE-5b5208bc4c,ThisFolderOnly,TraverseRights,VOLDATAG,5a12d01890ba7c7217cf6053
437,/ECHANGES/BOLLOREMEDIAREGIE/COMMERCIAL,"Read,ReadAndExecute,Synchronize",TRVGRP-ECHBOLCOM-add07bed19,ThisFolderOnly,TraverseRights,VOLDATAG,5a12d01890ba7c7217cf6057
438,/ECHANGES/COMPTA_NEW/000 Docs multi-sociétés/autres,"Read,ReadAndExecute,Synchronize",TRVGRP-ECHCOM000aut-4b6aec1f65,ThisFolderOnly,TraverseRights,VOLDATAG,5a12d01890ba7c7217cf605b
439,/ECHANGES/COMPTA_NEW/000 Docs multi-sociétés,"Read,ReadAndExecute,Synchronize",TRVGRP-ECHCOM000-e14ab2ff4a,ThisFolderOnly,TraverseRights,VOLDATAG,5a12d01890ba7c7217cf605f
440,/ECHANGES/COMPTA_NEW,"Read,ReadAndExecute,Synchronize",TRVGRP-ECHCOM-216c0601e5,ThisFolderOnly,TraverseRights,VOLDATAG,5a12d01890ba7c7217cf6063
441,/ECHANGES/COMPTA_NEW/136 BLUECAR (ex VEPB),"Read,ReadAndExecute,Synchronize",TRVGRP-ECHCOM136-ea01fac1bb,ThisFolderOnly,TraverseRights,VOLDATAG,5a12d01890ba7c7217cf6067
442,/ECHANGES/COMPTA_NEW/CRISTAL Projet Comptable,"Read,ReadAndExecute,Synchronize",TRVGRP-ECHCOMCRI-c1cb44d0ba,ThisFolderOnly,TraverseRights,VOLDATAG,5a12d01890ba7c7217cf606b
443,/ECHANGES/COMPTA/000 Docs multi-sociétés/Autres,"Read,ReadAndExecute,Synchronize",TRVGRP-ECHCOM000Aut-93051d8006,ThisFolderOnly,TraverseRights,VOLDATAG,5a12d01890ba7c7217cf606f
444,/ECHANGES/COMPTA/000 Docs multi-sociétés,"Read,ReadAndExecute,Synchronize",TRVGRP-ECHCOM000-ddaa67ce0e,ThisFolderOnly,TraverseRights,VOLDATAG,5a12d01890ba7c7217cf6073
445,/ECHANGES/COMPTA/CRISTAL Projet Comptable,"Read,ReadAndExecute,Synchronize",TRVGRP-ECHCOMCRI-01e1471de8,ThisFolderOnly,TraverseRights,VOLDATAG,5a12d01890ba7c7217cf6077
446,/ECHANGES/BOLLOREMEDIAREGIE/JiPe,"Read,ReadAndExecute,Synchronize",TRVGRP-ECHBOLJiP-7a5276c75f,ThisFolderOnly,TraverseRights,VOLDATAG,5a12d01890ba7c7217cf607b
447,/ECHANGES/DSI/ATOS/Alex/Autre,"Read,ReadAndExecute,Synchronize",TRVGRP-ECHDSIATOAleAut-85ea77aba3,ThisFolderOnly,TraverseRights,VOLDATAG,5a12d01890ba7c7217cf607f
448,/ECHANGES/DSI/ATOS/Alex,"Read,ReadAndExecute,Synchronize",TRVGRP-ECHDSIATOAle-7e5c2dd5c0,ThisFolderOnly,TraverseRights,VOLDATAG,5a12d01890ba7c7217cf6083
449,/ECHANGES/DRH Holding/HLD,"Read,ReadAndExecute,Synchronize",TRVGRP-ECHDRHHLD-c86ee86301,ThisFolderOnly,TraverseRights,VOLDATAG,5a12d01890ba7c7217cf6087
450,/ECHANGES/DRH Holding,"Read,ReadAndExecute,Synchronize",TRVGRP-ECHDRH-76b09512a2,ThisFolderOnly,TraverseRights,VOLDATAG,5a12d01890ba7c7217cf608b
451,/ECHANGES/IRIS,"Read,ReadAndExecute,Synchronize",TRVGRP-ECHIRI-4234641c65,ThisFolderOnly,TraverseRights,VOLDATAG,5a12d01890ba7c7217cf608f
