Path,irf
/,s
/,s
/~DFSINFO.8-P,s
/~DFSINFO.8-P,s
/._NETWARE,s
/._NETWARE,s
/DSI,s
/DSI,s
/Finances,s
/Finances,s





/DSOL,rwcefms
/DSOL,rwcefms







































/Loi NOTRe – Transport,s
/Loi NOTRe – Transport,s

/Transverse/Réseau référents aides d'Etat,s
/Transverse/Réseau référents aides d'Etat,s

/Transverse/DISPOSITIF BOURGS-CENTRES,s
/Transverse/DISPOSITIF BOURGS-CENTRES,s
/DSI/Direction,s
/DSI/Direction,s
/DSI/Commun,s
/DSI/Commun,s
/DSI/Equipe_Dir,s
/DSI/Equipe_Dir,s


/DGD-DTAS/Assistantes,s
/DGD-DTAS/Assistantes,s
/DGD-DEIA/Assistantes,s
/DGD-DEIA/Assistantes,s


/DITM/Convention TER,s
/DITM/Convention TER,s
/DTT/DIRECTION,s
/DTT/DIRECTION,s
/DPMG/01 - DIRECTION,s
/DPMG/01 - DIRECTION,s
/DPMG/08 - MOYENS &amp;amp;amp;amp; STD/CONTRAVENTIONS,s
/DPMG/08 - MOYENS &amp;amp;amp;amp; STD/CONTRAVENTIONS,s
/DGD-JEFS/Secretariat,s
/DGD-JEFS/Secretariat,s
/DEJ/0 - DIRECTION,s
/DEJ/0 - DIRECTION,s
/DAAF/Direction,s
/DAAF/Direction,s
/DEF/01_DIRECTION,s
/DEF/01_DIRECTION,s
/DEF/05_SGPE/SGPE – Document de Travail,s
/DEF/05_SGPE/SGPE – Document de Travail,s

/DMOE/DIRECTION ASSISTANTES CM NF,s
/DMOE/DIRECTION ASSISTANTES CM NF,s

/DCPA/Direction,s
/DCPA/Direction,s











"/DEI/01_Direction/01_Direction-(reservé D,DD,DA, Secrétariat direction)",s
"/DEI/01_Direction/01_Direction-(reservé D,DD,DA, Secrétariat direction)",s








/DEI/01_Direction/02_CODIR (réservé CODIR),s
/DEI/01_Direction/02_CODIR (réservé CODIR),s

























































/Transverse/Dossier partagé DCP Autres Directions,s
/Transverse/Dossier partagé DCP Autres Directions,s
/DCIC/SERVICE INFORMATION DIGITALE &amp;amp;amp;amp; IMAGES/POLE-IMAGES,s
/DCIC/SERVICE INFORMATION DIGITALE &amp;amp;amp;amp; IMAGES/POLE-IMAGES,s
/DRH/CAP,s
/DRH/CAP,s
/DGD-SPOP/Organisation des Locaux,s
/DGD-SPOP/Organisation des Locaux,s
/Loi NOTRe – Transport/DITM-DRH,s
/Loi NOTRe – Transport/DITM-DRH,s
/Transverse/GIR,s
/Transverse/GIR,s
/Transverse/Elise 2,s
/Transverse/Elise 2,s
/Transverse/Bilans consolidés Occitanie,s
/Transverse/Bilans consolidés Occitanie,s
/Transverse/AO_2014-2020_pièces,s
/Transverse/AO_2014-2020_pièces,s
/Transverse/SRDFP,s
/Transverse/SRDFP,s
/Transverse/AAP READYNOV,s
/Transverse/AAP READYNOV,s
/Transverse/Emplacement partagé DRTES-DCIC,s
/Transverse/Emplacement partagé DRTES-DCIC,s
/Transverse/MASSIF_CENTRAL,s
/Transverse/MASSIF_CENTRAL,s

/Transverse/GPSO-DAJ-DITM,s
/Transverse/GPSO-DAJ-DITM,s
/Transverse/DAFB – PIECES JUSTIFICATIVES MARCHES - DEJ,s
/Transverse/DAFB – PIECES JUSTIFICATIVES MARCHES - DEJ,s
/Transverse/DAFB – NUMERISATION PJ MARCHES - DEJ,s
/Transverse/DAFB – NUMERISATION PJ MARCHES - DEJ,s
/Transverse/Point hebdomadaire DITEE,s
/Transverse/Point hebdomadaire DITEE,s
/Transverse/Lycée du futur,s
/Transverse/Lycée du futur,s
/Transverse/PJ paiement transport routier,s
/Transverse/PJ paiement transport routier,s
/Transverse/DAFB – NUMERISATION PJ MARCHES - DEF,as
/Transverse/DAFB – NUMERISATION PJ MARCHES - DEF,as
/Transverse/DAFB – PIECES JUSTIFICATIVES MARCHES - DEF,s
/Transverse/DAFB – PIECES JUSTIFICATIVES MARCHES - DEF,s
/Transverse/Marchés Publics,s
/Transverse/Marchés Publics,s
/Transverse/Halles Latecoere,s
/Transverse/Halles Latecoere,s
/Transverse/Procédures lanceur d'alerte,s
/Transverse/Procédures lanceur d'alerte,s
/Transverse/GLA-MG,s
/Transverse/GLA-MG,s
/Transverse/Occitanie 2040/DOC-CLES,s
/Transverse/Occitanie 2040/DOC-CLES,s

/DITM/Pôle PTFI/STF/03_MATERIEL ROULANT/081_Confidentiel Régiolis Régio2N,s
/DITM/Pôle PTFI/STF/03_MATERIEL ROULANT/081_Confidentiel Régiolis Régio2N,s

/._NETWARE/.trustee_database.xml,s
/._NETWARE/.trustee_database.xml,s
/DDA/Direction,s
/DDA/Direction,s
